dataset_name,model_name,xai_method,metric,mean,median,std,q1,q3,min,max,count,missing,total,iqr,missing_pct,category,direction
AHU21,AutoEncoder,LIME,AvgSensitivity,1.1308195187104564,1.0868403933756516,0.17139605004357195,1.0174182959466525,1.318877583696883,0.7796537773897363,1.44061953972213,70,0,70,0.30145928775023045,0.0,Sensitivity,lower
AHU21,AutoEncoder,LIME,Completeness,0.0,0.0,0.0,0.0,0.0,0.0,0.0,70,0,70,0.0,0.0,Fidelity,higher
AHU21,AutoEncoder,LIME,Complexity,2.3448443309239835,2.3464255053699237,0.027172976327724946,2.3249425943297526,2.3627713479484784,2.2916954730934145,2.406340820101604,70,0,70,0.03782875361872584,0.0,Complexity,lower
AHU21,AutoEncoder,LIME,Consistency,0.8190476190188357,0.8888888888747796,0.24500218695467693,0.8888888888747796,0.8888888888747796,0.0952380952365835,0.9999999998,70,0,70,0.0,0.0,Faithfulness,lower
AHU21,AutoEncoder,LIME,Faithfulness,-0.04385628794594576,0.12066645592162989,0.3983009421879801,-0.49705628479518305,0.30940084225702885,-0.7192327906510207,0.4976062658826866,70,0,70,0.8064571270522118,0.0,Faithfulness,higher
AHU21,AutoEncoder,LIME,FaithfulnessEstimate,0.05245763222245503,0.0899344268002001,0.23763452843536903,-0.15542187503237737,0.21348659867571698,-0.5449237067664855,0.4833625584106455,70,0,70,0.3689084737080943,0.0,Faithfulness,higher
AHU21,AutoEncoder,LIME,LocalLipschitzEstimate,7.8299595239017075,7.652899314931471,1.237042084519679,7.047867618262405,8.390374187569419,5.839044551708668,13.155234881610312,70,0,70,1.3425065693070142,0.0,Robustness,lower
AHU21,AutoEncoder,LIME,MaxSensitivity,1.833814422934146,1.889464310065167,0.1763334568833358,1.7537742861950192,1.9268235472827318,1.3743085139390865,2.22249539886582,70,0,70,0.17304926108771257,0.0,Robustness,lower
AHU21,AutoEncoder,LIME,Monotonicity,1.0,1.0,0.0,1.0,1.0,1.0,1.0,70,0,70,0.0,0.0,Faithfulness,higher
AHU21,AutoEncoder,LIME,MonotonicityCorrelation,0.35787815126050415,0.35416666666666663,0.13560496765188662,0.24325980392156862,0.4607843137254902,0.034313725490196,0.661764705882353,70,0,70,0.2175245098039216,0.0,Faithfulness,higher
AHU21,AutoEncoder,LIME,MonotonicityMetric,0.0,0.0,0.0,0.0,0.0,0.0,0.0,70,0,70,0.0,0.0,Faithfulness,higher
AHU21,AutoEncoder,LIME,NonSensitivity,5.5285714285714285,4.0,2.749025801469105,3.0,8.75,3.0,10.0,70,0,70,5.75,0.0,Fidelity,lower
AHU21,AutoEncoder,LIME,RelativeInputStability,0.00024709021609260794,7.469415459216288e-05,0.0002913745354679492,3.615771143812908e-05,0.0003695070916196,2.5115565234290948e-05,0.0010246337413555,29,41,70,0.0003333493801814709,58.57142857142858,Robustness,lower
AHU21,AutoEncoder,LIME,RelativeOutputStability,502.62010736138126,232.39962005360957,641.8330869492938,60.00554882290098,632.637475241844,33.990783164233264,2247.8731705148653,30,40,70,572.631926418943,57.14285714285714,Robustness,lower
AHU21,AutoEncoder,LIME,SensitivityN,,,,,,,,0,70,70,,100.0,Faithfulness,higher
AHU21,AutoEncoder,LIME,Sparseness,0.5336919206699312,0.5343430271187382,0.013290694355647765,0.5245508758675806,0.5432796392330754,0.5000226323920677,0.5566040867893961,70,0,70,0.018728763365494783,0.0,Complexity,higher
AHU21,AutoEncoder,LIME,Sufficiency,0.7966157796548247,0.9021999043519848,0.2842091989702215,0.875,0.9230769230769232,0.0,1.0,70,0,70,0.04807692307692324,0.0,Faithfulness,higher
AHU21,AutoEncoder,MAPLE,AvgSensitivity,0.810517643799529,0.6470215290340763,0.6724128479136586,0.3405910695506071,1.0624102673689253,0.2114727722519331,4.6867115072658,70,0,70,0.7218191978183182,0.0,Sensitivity,lower
AHU21,AutoEncoder,MAPLE,Completeness,0.0,0.0,0.0,0.0,0.0,0.0,0.0,70,0,70,0.0,0.0,Fidelity,higher
AHU21,AutoEncoder,MAPLE,Complexity,1.8278389525255745,1.7824486392328343,0.2382904146646903,1.6819148805714974,2.008409603943229,1.3760735824340549,2.341309030054353,70,0,70,0.3264947233717317,0.0,Complexity,lower
AHU21,AutoEncoder,MAPLE,Consistency,0.8222222221777494,0.8703703703542525,0.24450787248455616,0.8703703703542525,0.8703703703542525,0.1111111111090535,0.999999999875,70,0,70,0.0,0.0,Faithfulness,lower
AHU21,AutoEncoder,MAPLE,Faithfulness,0.025880430585230207,-0.0297675069350769,0.25120534679298756,-0.10071200665668108,0.07581935041606415,-0.4534261173986937,0.939819228631726,70,0,70,0.17653135707274523,0.0,Faithfulness,higher
AHU21,AutoEncoder,MAPLE,FaithfulnessEstimate,0.047933246695131125,0.0518848037828213,0.4852801229498276,-0.37278860479534554,0.4505412039339337,-0.8571498345023085,0.9016015043146836,70,0,70,0.8233298087292793,0.0,Faithfulness,higher
AHU21,AutoEncoder,MAPLE,LocalLipschitzEstimate,3.1714025966694854,3.2724672281559792,0.8665441761081784,2.481455901583199,3.6947770257062746,1.4287045855758194,5.6919092790046335,70,0,70,1.2133211241230755,0.0,Robustness,lower
AHU21,AutoEncoder,MAPLE,MaxSensitivity,1.7273445800164446,1.5402758342435372,0.8984823407775737,1.2242170785042816,2.0654194013788687,0.5358777528238321,6.874871604711495,70,0,70,0.8412023228745871,0.0,Robustness,lower
AHU21,AutoEncoder,MAPLE,Monotonicity,1.0,1.0,0.0,1.0,1.0,1.0,1.0,70,0,70,0.0,0.0,Faithfulness,higher
AHU21,AutoEncoder,MAPLE,MonotonicityCorrelation,0.11901266759203491,0.13521318008060795,0.22276689849132972,-0.040178193910037074,0.267156862745098,-0.3563569575918957,0.5245098039215687,70,0,70,0.30733505665513505,0.0,Faithfulness,higher
AHU21,AutoEncoder,MAPLE,MonotonicityMetric,0.0,0.0,0.0,0.0,0.0,0.0,0.0,70,0,70,0.0,0.0,Faithfulness,higher
AHU21,AutoEncoder,MAPLE,NonSensitivity,4.385714285714286,4.0,2.221716643661045,2.0,6.0,2.0,9.0,70,0,70,4.0,0.0,Fidelity,lower
AHU21,AutoEncoder,MAPLE,RelativeInputStability,0.17552566560602698,0.0008920617030873001,0.2162378128758776,9.563827392919037e-05,0.3837141093520179,1.8100700152113546e-05,0.6529148261006252,30,40,70,0.3836184710780887,57.14285714285714,Robustness,lower
AHU21,AutoEncoder,MAPLE,RelativeOutputStability,235580.7023067858,2084.89321994431,299445.0955364104,142.8207113994827,540814.3792785557,31.73366116658516,925987.5621889912,30,40,70,540671.5585671563,57.14285714285714,Robustness,lower
AHU21,AutoEncoder,MAPLE,SensitivityN,,,,,,,,0,70,70,,100.0,Faithfulness,higher
AHU21,AutoEncoder,MAPLE,Sparseness,0.6885312946963684,0.7072879807011061,0.06680931913471952,0.6493246784644547,0.7327701263233188,0.5104783387980545,0.7993602128063574,70,0,70,0.0834454478588641,0.0,Complexity,higher
AHU21,AutoEncoder,MAPLE,Sufficiency,0.0,0.0,0.0,0.0,0.0,0.0,0.0,70,0,70,0.0,0.0,Faithfulness,higher
AHU21,AutoEncoder,SHAP,AvgSensitivity,1.6312308771306427,1.3941235405973436,1.2527449532511503,0.7021180848886065,1.902068222460592,0.2158906958303391,5.641229633112726,70,0,70,1.1999501375719857,0.0,Sensitivity,lower
AHU21,AutoEncoder,SHAP,Completeness,0.0,0.0,0.0,0.0,0.0,0.0,0.0,70,0,70,0.0,0.0,Fidelity,higher
AHU21,AutoEncoder,SHAP,Complexity,2.167066222903169,2.305057774939775,0.3438057185998321,2.003652720445368,2.415494049162065,1.150467555077983,2.598567512792556,70,0,70,0.4118413287166969,0.0,Complexity,lower
AHU21,AutoEncoder,SHAP,Consistency,0.8190476190188357,0.8888888888747796,0.24500218695467693,0.8888888888747796,0.8888888888747796,0.0952380952365835,0.9999999998,70,0,70,0.0,0.0,Faithfulness,lower
AHU21,AutoEncoder,SHAP,Faithfulness,0.027709682753350496,-0.021374348291510498,0.537245774877853,-0.41975325018397014,0.4981020835146645,-0.9460766866038606,0.987324444094085,70,0,70,0.9178553336986346,0.0,Faithfulness,higher
AHU21,AutoEncoder,SHAP,FaithfulnessEstimate,0.008464010169281399,0.054936785471925154,0.3059965263455687,-0.12380222290197357,0.18003751584889918,-0.9860772231705184,0.924954099479654,70,0,70,0.3038397387508728,0.0,Faithfulness,higher
AHU21,AutoEncoder,SHAP,LocalLipschitzEstimate,1.8981714290903524,1.7438210560011083,0.6902460625109071,1.4901081532664615,1.993363154852092,0.9743403035273052,3.917979203199808,70,0,70,0.5032550015856305,0.0,Robustness,lower
AHU21,AutoEncoder,SHAP,MaxSensitivity,3.693749333817467,2.8191295209040774,3.004266985990497,1.607633109843911,4.115416559135327,0.4632162437854272,13.035312653863611,70,0,70,2.5077834492914164,0.0,Robustness,lower
AHU21,AutoEncoder,SHAP,Monotonicity,1.0,1.0,0.0,1.0,1.0,1.0,1.0,70,0,70,0.0,0.0,Faithfulness,higher
AHU21,AutoEncoder,SHAP,MonotonicityCorrelation,0.04926470588235294,0.0367647058823529,0.23670010023570612,-0.12316176470588235,0.25367647058823534,-0.482843137254902,0.556372549019608,70,0,70,0.3768382352941177,0.0,Faithfulness,higher
AHU21,AutoEncoder,SHAP,MonotonicityMetric,0.0,0.0,0.0,0.0,0.0,0.0,0.0,70,0,70,0.0,0.0,Faithfulness,higher
AHU21,AutoEncoder,SHAP,NonSensitivity,5.542857142857143,4.0,2.7488375107407643,3.0,8.75,3.0,10.0,70,0,70,5.75,0.0,Fidelity,lower
AHU21,AutoEncoder,SHAP,RelativeInputStability,0.0010764061673491138,0.00023216409296120003,0.0021719188366715087,0.000131753027087975,0.000668095189975325,5.698777188421162e-05,0.0102264335826522,30,40,70,0.0005363421628873501,57.14285714285714,Robustness,lower
AHU21,AutoEncoder,SHAP,RelativeOutputStability,972.8914197784139,372.6244791747219,1424.053471438622,162.82926325092816,845.8273987841991,78.51248836640941,5601.278557628494,29,41,70,682.9981355332709,58.57142857142858,Robustness,lower
AHU21,AutoEncoder,SHAP,SensitivityN,,,,,,,,0,70,70,,100.0,Faithfulness,higher
AHU21,AutoEncoder,SHAP,Sparseness,0.5690923208609613,0.5453115429687208,0.10862497317640413,0.4918433361080623,0.6348859110829463,0.3781732694966223,0.8397442282025418,70,0,70,0.14304257497488404,0.0,Complexity,higher
AHU21,AutoEncoder,SHAP,Sufficiency,0.8074270561152277,0.9301948051948052,0.3286584699078176,0.9109848484848485,0.9802941176470589,0.0,1.0,70,0,70,0.06930926916221036,0.0,Faithfulness,higher
AHU21,ECOD,LIME,AvgSensitivity,1.1815650435852163,1.1490216564305653,0.15455614138598361,1.0716065012845086,1.2980420183090182,0.9429016750099468,1.5547553814187358,70,0,70,0.2264355170245096,0.0,Sensitivity,lower
AHU21,ECOD,LIME,Completeness,0.0,0.0,0.0,0.0,0.0,0.0,0.0,70,0,70,0.0,0.0,Fidelity,higher
AHU21,ECOD,LIME,Complexity,2.6753645413821907,2.678848295943255,0.037855981235901115,2.6445181731310585,2.701937232724876,2.592406039090175,2.754321182312608,70,0,70,0.05741905959381732,0.0,Complexity,lower
AHU21,ECOD,LIME,Consistency,0.5390476190327497,0.6666666666560846,0.16362956287917121,0.3174603174552784,0.6666666666560846,0.3174603174552784,0.6666666666560846,70,0,70,0.34920634920080623,0.0,Faithfulness,lower
AHU21,ECOD,LIME,Faithfulness,-0.2445492993621797,-0.696714130785494,0.7076490340111294,-0.7572072632218753,0.686012918450359,-0.9593586403826562,0.926104145969273,70,0,70,1.4432201816722343,0.0,Faithfulness,higher
AHU21,ECOD,LIME,FaithfulnessEstimate,-0.05933474451283231,-0.15337478255314804,0.5323201359289401,-0.5104133140622489,0.4470510435755328,-0.901564609788999,0.5847218944996351,70,0,70,0.9574643576377817,0.0,Faithfulness,higher
AHU21,ECOD,LIME,LocalLipschitzEstimate,8.92003429724724,8.651760848459409,1.4546513178096696,7.9018147507783585,9.822092898546405,6.76556752490608,14.993721942458642,70,0,70,1.9202781477680464,0.0,Robustness,lower
AHU21,ECOD,LIME,MaxSensitivity,1.6386087101428273,1.5881185942986358,0.1949144490034758,1.469745460987431,1.817773615502284,1.297754803471042,2.0239600561323825,70,0,70,0.3480281545148529,0.0,Robustness,lower
AHU21,ECOD,LIME,Monotonicity,1.0,1.0,0.0,1.0,1.0,1.0,1.0,70,0,70,0.0,0.0,Faithfulness,higher
AHU21,ECOD,LIME,MonotonicityCorrelation,0.24922969187675065,0.1482843137254902,0.38606863399644437,-0.0747549019607843,0.6525735294117647,-0.3455882352941176,0.9019607843137256,70,0,70,0.727328431372549,0.0,Faithfulness,higher
AHU21,ECOD,LIME,MonotonicityMetric,0.0,0.0,0.0,0.0,0.0,0.0,0.0,70,0,70,0.0,0.0,Faithfulness,higher
AHU21,ECOD,LIME,NonSensitivity,5.7,4.0,2.7628487713469467,3.0,8.75,3.0,11.0,70,0,70,5.75,0.0,Fidelity,lower
AHU21,ECOD,LIME,RelativeInputStability,0.00033528016933943996,9.974439572245467e-05,0.0006074375133295712,8.1931545271535e-05,0.00025339951137645005,2.554745150838575e-05,0.0027704016413823,24,46,70,0.00017146796610491505,65.71428571428571,Robustness,lower
AHU21,ECOD,LIME,RelativeOutputStability,51.994685743819325,18.39977398804017,90.844922795091,11.882378684076027,52.27115882160907,7.736978246685874,411.9902104674613,24,46,70,40.38878013753305,65.71428571428571,Robustness,lower
AHU21,ECOD,LIME,SensitivityN,,,,,,,,0,70,70,,100.0,Faithfulness,higher
AHU21,ECOD,LIME,Sparseness,0.30822253848654657,0.3067597697004509,0.03617723657178865,0.2846522397326533,0.33677952442170084,0.2217959034482527,0.3822482851284767,70,0,70,0.05212728468904754,0.0,Complexity,higher
AHU21,ECOD,LIME,Sufficiency,0.5793698861829376,0.625,0.22347138846801076,0.4193548387096774,0.7202380952380952,0.0,1.0,70,0,70,0.30088325652841785,0.0,Faithfulness,higher
AHU21,ECOD,MAPLE,AvgSensitivity,0.8345960362652208,0.8061871819402489,0.23294611460559533,0.7285105174160328,0.8876586608854832,0.465799403378822,1.9648142308432484,70,0,70,0.1591481434694504,0.0,Sensitivity,lower
AHU21,ECOD,MAPLE,Completeness,0.0,0.0,0.0,0.0,0.0,0.0,0.0,70,0,70,0.0,0.0,Fidelity,higher
AHU21,ECOD,MAPLE,Complexity,1.9676107040068724,1.9570122712228488,0.36984068443679335,1.6469869754541047,2.320473288902407,1.138454959011413,2.532046079251124,70,0,70,0.6734863134483025,0.0,Complexity,lower
AHU21,ECOD,MAPLE,Consistency,0.5707936507631677,0.6111111110997943,0.1989760700269455,0.3703703703635116,0.6111111110997943,0.3703703703635116,0.999999999875,70,0,70,0.2407407407362827,0.0,Faithfulness,lower
AHU21,ECOD,MAPLE,Faithfulness,0.0974559665864392,0.19073684235052515,0.3686442780876535,-0.23793937743058519,0.43342769989288843,-0.6084373535641312,0.6164880421024498,70,0,70,0.6713670773234737,0.0,Faithfulness,higher
AHU21,ECOD,MAPLE,FaithfulnessEstimate,0.004963555528924167,-0.0020470477633486002,0.4436360280414377,-0.3927105052155724,0.3867119848968015,-0.6855429707171565,0.7627570926225632,70,0,70,0.7794224901123739,0.0,Faithfulness,higher
AHU21,ECOD,MAPLE,LocalLipschitzEstimate,2.105741400282045,1.8869926293818848,0.848537123683784,1.4671295419598147,2.754187983588411,0.6414631086981374,4.686539104422049,70,0,70,1.2870584416285964,0.0,Robustness,lower
AHU21,ECOD,MAPLE,MaxSensitivity,2.100509503124509,1.4769455350155007,1.2618373733827695,1.298331866309821,2.5365883003596936,0.8118739636246849,5.5715114155968735,70,0,70,1.2382564340498727,0.0,Robustness,lower
AHU21,ECOD,MAPLE,Monotonicity,1.0,1.0,0.0,1.0,1.0,1.0,1.0,70,0,70,0.0,0.0,Faithfulness,higher
AHU21,ECOD,MAPLE,MonotonicityCorrelation,0.2402880392071227,0.3125,0.30136268604073846,0.2034313725490196,0.4387254901960784,-0.5459477283232222,0.6225490196078433,70,0,70,0.23529411764705882,0.0,Faithfulness,higher
AHU21,ECOD,MAPLE,MonotonicityMetric,0.0,0.0,0.0,0.0,0.0,0.0,0.0,70,0,70,0.0,0.0,Faithfulness,higher
AHU21,ECOD,MAPLE,NonSensitivity,4.6571428571428575,5.0,2.199378794283818,2.0,6.0,2.0,9.0,70,0,70,4.0,0.0,Fidelity,lower
AHU21,ECOD,MAPLE,RelativeInputStability,0.0001321421760768408,0.0001109882115149,9.287478524626575e-05,6.979687594072011e-05,0.000142697558645175,2.620086600304387e-05,0.0003908291395326,24,46,70,7.290068270445488e-05,65.71428571428571,Robustness,lower
AHU21,ECOD,MAPLE,RelativeOutputStability,29.03308240513458,22.205557618957588,22.913582406075836,16.018641463581353,34.71524192056466,6.81778385953735,107.82502460900508,24,46,70,18.696600456983305,65.71428571428571,Robustness,lower
AHU21,ECOD,MAPLE,SensitivityN,,,,,,,,0,70,70,,100.0,Faithfulness,higher
AHU21,ECOD,MAPLE,Sparseness,0.6341111266408929,0.6476338901374183,0.11592190151474356,0.5350378620385907,0.7286067834847997,0.3998940180381523,0.804897695044068,70,0,70,0.19356892144620896,0.0,Complexity,higher
AHU21,ECOD,MAPLE,Sufficiency,0.0,0.0,0.0,0.0,0.0,0.0,0.0,70,0,70,0.0,0.0,Faithfulness,higher
AHU21,ECOD,SHAP,AvgSensitivity,,,,,,,,0,70,70,,100.0,Sensitivity,lower
AHU21,ECOD,SHAP,Completeness,0.0,0.0,0.0,0.0,0.0,0.0,0.0,70,0,70,0.0,0.0,Fidelity,higher
AHU21,ECOD,SHAP,Complexity,2.4639649284720586,2.4427624650398645,0.10571447058635505,2.4033852906453603,2.523160734088343,2.2480554024833905,2.72839336752305,70,0,70,0.11977544344298252,0.0,Complexity,lower
AHU21,ECOD,SHAP,Consistency,0.5390476190327497,0.6666666666560846,0.16362956287917121,0.3174603174552784,0.6666666666560846,0.3174603174552784,0.6666666666560846,70,0,70,0.34920634920080623,0.0,Faithfulness,lower
AHU21,ECOD,SHAP,Faithfulness,-0.1255270050490196,-0.4515111574766759,0.576977794925103,-0.5656213235462416,0.5615477208669041,-0.893909479872423,0.8935325618970267,70,0,70,1.1271690444131457,0.0,Faithfulness,higher
AHU21,ECOD,SHAP,FaithfulnessEstimate,0.03084070045247813,-0.027725752840123748,0.4923376369801917,-0.46778167900368,0.5231349512097454,-0.8397761395231479,0.6303391258236154,70,0,70,0.9909166302134254,0.0,Faithfulness,higher
AHU21,ECOD,SHAP,LocalLipschitzEstimate,7.802875138693931,7.365367867378717,1.4460273050792842,6.836368658257041,8.351736675950661,5.741998814857631,12.47951080697523,70,0,70,1.5153680176936204,0.0,Robustness,lower
AHU21,ECOD,SHAP,MaxSensitivity,2.760592815662772,2.157144681650559,1.4968878199348845,1.88152833871416,3.067414750371181,1.3140741820820308,7.468168697177982,70,0,70,1.1858864116570211,0.0,Robustness,lower
AHU21,ECOD,SHAP,Monotonicity,1.0,1.0,0.0,1.0,1.0,1.0,1.0,70,0,70,0.0,0.0,Faithfulness,higher
AHU21,ECOD,SHAP,MonotonicityCorrelation,-0.4315126050420168,-0.47794117647058826,0.21537357436054072,-0.5980392156862746,-0.3216911764705882,-0.7745098039215688,0.1053921568627451,70,0,70,0.2763480392156864,0.0,Faithfulness,higher
AHU21,ECOD,SHAP,MonotonicityMetric,0.0,0.0,0.0,0.0,0.0,0.0,0.0,70,0,70,0.0,0.0,Faithfulness,higher
AHU21,ECOD,SHAP,NonSensitivity,5.7,4.0,2.7628487713469467,3.0,8.75,3.0,11.0,70,0,70,5.75,0.0,Fidelity,lower
AHU21,ECOD,SHAP,RelativeInputStability,0.0009724496084220582,0.00027401858552779997,0.0031788637408844264,0.000177835302561625,0.000441562655196275,0.0001290313652757,0.015870527368168,24,46,70,0.00026372735263465,65.71428571428571,Robustness,lower
AHU21,ECOD,SHAP,RelativeOutputStability,,,,,,,,0,70,70,,100.0,Robustness,lower
AHU21,ECOD,SHAP,SensitivityN,,,,,,,,0,70,70,,100.0,Faithfulness,higher
AHU21,ECOD,SHAP,Sparseness,0.456604365845284,0.47625033578083154,0.06804731359018915,0.4265626944515751,0.5003455754351663,0.2566983676256676,0.5548372450548764,70,0,70,0.07378288098359126,0.0,Complexity,higher
AHU21,ECOD,SHAP,Sufficiency,0.6093985923711569,0.702729044834308,0.25048859588602385,0.3369565217391304,0.7432932469935245,0.0,1.0,70,0,70,0.4063367252543941,0.0,Faithfulness,higher
AHU21,HBOS,LIME,AvgSensitivity,1.0634469551971761,0.9617639463636793,0.21631108121973908,0.9090717360599103,1.320157690397529,0.791650760894783,1.4621929524879205,70,0,70,0.41108595433761863,0.0,Sensitivity,lower
AHU21,HBOS,LIME,Completeness,0.0,0.0,0.0,0.0,0.0,0.0,0.0,70,0,70,0.0,0.0,Fidelity,higher
AHU21,HBOS,LIME,Complexity,2.5048106373741317,2.507692378268966,0.038767850515832855,2.4823911995998027,2.526939306110562,2.3810273732792817,2.5833364575498723,70,0,70,0.04454810651075913,0.0,Complexity,lower
AHU21,HBOS,LIME,Consistency,0.5004988661988945,0.5873015872922651,0.09527778594411772,0.396825396819098,0.5873015872922651,0.396825396819098,0.5873015872922651,70,0,70,0.1904761904731671,0.0,Faithfulness,lower
AHU21,HBOS,LIME,Faithfulness,-0.1574287717423484,-0.1453175352378252,0.39376834906019065,-0.5094772885604113,0.0664783515577208,-0.7634335085022744,0.6934331963043183,70,0,70,0.575955640118132,0.0,Faithfulness,higher
AHU21,HBOS,LIME,FaithfulnessEstimate,0.011151711462579374,-0.10765090379580755,0.5543629500097702,-0.5835905049143123,0.582493241324431,-0.720567210192669,0.7064489773869663,70,0,70,1.1660837462387432,0.0,Faithfulness,higher
AHU21,HBOS,LIME,LocalLipschitzEstimate,9.847357128665397,9.605597357015451,1.8966449487479915,8.54571203900828,10.838364709162834,6.5871348837658354,18.87238575897783,70,0,70,2.2926526701545544,0.0,Robustness,lower
AHU21,HBOS,LIME,MaxSensitivity,1.581648955105148,1.5142652079404568,0.2444659933541409,1.381903515778015,1.7978271994572748,1.2038518475494568,2.1644155034533523,70,0,70,0.4159236836792597,0.0,Robustness,lower
AHU21,HBOS,LIME,Monotonicity,1.0,1.0,0.0,1.0,1.0,1.0,1.0,70,0,70,0.0,0.0,Faithfulness,higher
AHU21,HBOS,LIME,MonotonicityCorrelation,0.02062953700881935,0.01226241800071855,0.26764667741661796,-0.12867647058823528,0.22542377190983431,-0.5124445595018822,0.4607843137254902,70,0,70,0.3541002424980696,0.0,Faithfulness,higher
AHU21,HBOS,LIME,MonotonicityMetric,0.0,0.0,0.0,0.0,0.0,0.0,0.0,70,0,70,0.0,0.0,Faithfulness,higher
AHU21,HBOS,LIME,NonSensitivity,7.714285714285714,6.5,3.2174472604389344,5.0,10.0,4.0,14.0,70,0,70,5.0,0.0,Fidelity,lower
AHU21,HBOS,LIME,RelativeInputStability,0.00018478046509872763,0.0001073762084149,0.0002765398456972239,4.210273203100937e-05,0.0002723668544088,2.536776025869083e-05,0.0017502966860313,41,29,70,0.00023026412237779064,41.42857142857143,Robustness,lower
AHU21,HBOS,LIME,RelativeOutputStability,2666567.0934740975,191.8810175366061,10620490.34938206,99.85809323952309,4235.031390847273,41.87763689802688,67145317.0100143,41,29,70,4135.173297607749,41.42857142857143,Robustness,lower
AHU21,HBOS,LIME,SensitivityN,,,,,,,,0,70,70,,100.0,Faithfulness,higher
AHU21,HBOS,LIME,Sparseness,0.42655619744297796,0.42786212149374386,0.022747158014249844,0.4129739002442553,0.4408426089067611,0.3785182059377291,0.4903328567201836,70,0,70,0.027868708662505792,0.0,Complexity,higher
AHU21,HBOS,LIME,Sufficiency,0.47053948665638357,0.4791304347826087,0.21741557577932444,0.3648325358851674,0.6181318681318682,0.0,0.9,70,0,70,0.25329933224670076,0.0,Faithfulness,higher
AHU21,HBOS,MAPLE,AvgSensitivity,0.9302952989761656,0.9361583194497032,0.350868223941336,0.7850509343476154,1.0425783431858422,0.2430548460293321,1.924089425164697,70,0,70,0.2575274088382268,0.0,Sensitivity,lower
AHU21,HBOS,MAPLE,Completeness,0.0,0.0,0.0,0.0,0.0,0.0,0.0,70,0,70,0.0,0.0,Fidelity,higher
AHU21,HBOS,MAPLE,Complexity,2.4523519075315057,2.501145504617126,0.15536508153112785,2.4070490542603244,2.5639866005685525,1.885917174067068,2.6581879631903,70,0,70,0.1569375463082281,0.0,Complexity,lower
AHU21,HBOS,MAPLE,Consistency,0.5948051947388328,0.5272727272631406,0.20665981664370475,0.4545454545371901,0.5272727272631406,0.4545454545371901,0.9999999998571428,70,0,70,0.07272727272595048,0.0,Faithfulness,lower
AHU21,HBOS,MAPLE,Faithfulness,0.09680181076325851,0.019751540013541652,0.23599813697585528,-0.07103690027596458,0.2799923667696526,-0.296220572019009,0.7083615060876308,70,0,70,0.3510292670456172,0.0,Faithfulness,higher
AHU21,HBOS,MAPLE,FaithfulnessEstimate,-0.025296410701621398,-0.0697246435831349,0.24471146328372598,-0.24424182992444574,0.131045540314306,-0.4412758643819214,0.4915945882387701,70,0,70,0.37528737023875175,0.0,Faithfulness,higher
AHU21,HBOS,MAPLE,LocalLipschitzEstimate,3.176905828825137,2.919522445901461,1.3769488298381478,2.178453877856548,3.9044123001378557,1.0921163590470946,8.802721874850718,70,0,70,1.7259584222813076,0.0,Robustness,lower
AHU21,HBOS,MAPLE,MaxSensitivity,1.929596662964989,1.6257064250098054,0.8979189123755426,1.4476065850865496,2.196402461180167,0.6982544538361298,4.774264628357458,70,0,70,0.7487958760936173,0.0,Robustness,lower
AHU21,HBOS,MAPLE,Monotonicity,1.0,1.0,0.0,1.0,1.0,1.0,1.0,70,0,70,0.0,0.0,Faithfulness,higher
AHU21,HBOS,MAPLE,MonotonicityCorrelation,-0.01279868766025924,0.014711143580895151,0.20309058795445675,-0.1603322470437139,0.13981074286464176,-0.411942376825704,0.375229990821989,70,0,70,0.30014298990835564,0.0,Faithfulness,higher
AHU21,HBOS,MAPLE,MonotonicityMetric,0.1,0.0,0.30216609311120096,0.0,0.0,0.0,1.0,70,0,70,0.0,0.0,Faithfulness,higher
AHU21,HBOS,MAPLE,NonSensitivity,7.0285714285714285,6.0,2.5020074755818564,5.0,8.0,3.0,13.0,70,0,70,3.0,0.0,Fidelity,lower
AHU21,HBOS,MAPLE,RelativeInputStability,0.18175968043754118,0.0001484911618357,0.42174285816747986,4.595240147481656e-05,0.0004441677751737,2.3464039760465497e-05,1.6274423224910954,41,29,70,0.0003982153736988834,41.42857142857143,Robustness,lower
AHU21,HBOS,MAPLE,RelativeOutputStability,6538293499.276708,182.4019901016781,41649798489.084915,70.25645852540381,4168551.258524172,11.280055705229412,266721666872.1745,41,29,70,4168481.0020656465,41.42857142857143,Robustness,lower
AHU21,HBOS,MAPLE,SensitivityN,,,,,,,,0,70,70,,100.0,Faithfulness,higher
AHU21,HBOS,MAPLE,Sparseness,0.4493955617388758,0.4332777071325613,0.08005197620882062,0.3909082438044318,0.4982829592481566,0.3038357249703198,0.7022120949704731,70,0,70,0.10737471544372479,0.0,Complexity,higher
AHU21,HBOS,MAPLE,Sufficiency,0.5852362874816565,0.5897435897435898,0.2089988614591545,0.48928571428571427,0.6296296296296297,0.0,1.0,70,0,70,0.14034391534391538,0.0,Faithfulness,higher
AHU21,HBOS,SHAP,AvgSensitivity,2.0188710139987482,1.0923214093548346,1.639699817342551,0.9468781024465507,2.909781451748418,0.7118662295278981,5.970253484235573,70,0,70,1.9629033493018673,0.0,Sensitivity,lower
AHU21,HBOS,SHAP,Completeness,0.0,0.0,0.0,0.0,0.0,0.0,0.0,70,0,70,0.0,0.0,Fidelity,higher
AHU21,HBOS,SHAP,Complexity,2.3855370673521152,2.3354848637648216,0.160764603725027,2.2681757331369843,2.494360937682022,2.11641952043476,2.706899999173133,70,0,70,0.22618520454503788,0.0,Complexity,lower
AHU21,HBOS,SHAP,Consistency,0.5004988661988945,0.5873015872922651,0.09527778594411772,0.396825396819098,0.5873015872922651,0.396825396819098,0.5873015872922651,70,0,70,0.1904761904731671,0.0,Faithfulness,lower
AHU21,HBOS,SHAP,Faithfulness,-0.17137637214313844,-0.10767334310214854,0.39036128705913314,-0.5208930084393378,0.11364252618574958,-0.7280607712019567,0.6061811795703949,70,0,70,0.6345355346250874,0.0,Faithfulness,higher
AHU21,HBOS,SHAP,FaithfulnessEstimate,-0.020679936553781808,-0.2337836507031903,0.5435425119672818,-0.5296377235856916,0.5076475419391528,-0.8561107938107336,0.7617980152529268,70,0,70,1.0372852655248446,0.0,Faithfulness,higher
AHU21,HBOS,SHAP,LocalLipschitzEstimate,5.01043976908913,4.88391459064496,0.6358054330073137,4.50194767493988,5.481149916194695,3.961947945879662,6.548045134451932,70,0,70,0.9792022412548143,0.0,Robustness,lower
AHU21,HBOS,SHAP,MaxSensitivity,2.9193635320168174,1.616671687389759,2.3849334322809064,1.381594487024634,4.192521750146784,0.988275404413588,8.833292483891581,70,0,70,2.8109272631221502,0.0,Robustness,lower
AHU21,HBOS,SHAP,Monotonicity,1.0,1.0,0.0,1.0,1.0,1.0,1.0,70,0,70,0.0,0.0,Faithfulness,higher
AHU21,HBOS,SHAP,MonotonicityCorrelation,-0.43128834209934314,-0.5282571227653654,0.2822318136897665,-0.590686274509804,-0.3617413310211986,-0.806372549019608,0.5071499882014282,70,0,70,0.22894494348860545,0.0,Faithfulness,higher
AHU21,HBOS,SHAP,MonotonicityMetric,0.0,0.0,0.0,0.0,0.0,0.0,0.0,70,0,70,0.0,0.0,Faithfulness,higher
AHU21,HBOS,SHAP,NonSensitivity,6.714285714285714,5.5,3.2174472604389344,4.0,9.0,3.0,13.0,70,0,70,5.0,0.0,Fidelity,lower
AHU21,HBOS,SHAP,RelativeInputStability,1.0506476605591513,1.075615485749898,0.44562426487227835,0.526912149898905,1.3823258293124692,0.4082217685605739,1.9752396319557235,41,29,70,0.8554136794135642,41.42857142857143,Robustness,lower
AHU21,HBOS,SHAP,RelativeOutputStability,543017.1688048039,465492.7202710897,200726.1562269453,379565.8163887014,765590.6989117088,301176.76472710504,1014104.3771904588,41,29,70,386024.8825230074,41.42857142857143,Robustness,lower
AHU21,HBOS,SHAP,SensitivityN,,,,,,,,0,70,70,,100.0,Faithfulness,higher
AHU21,HBOS,SHAP,Sparseness,0.48921738110509017,0.5333212167887024,0.11093763227886345,0.4313616426383133,0.5605636231287481,0.2485629286196475,0.6277464580534254,70,0,70,0.1292019804904348,0.0,Complexity,higher
AHU21,HBOS,SHAP,Sufficiency,0.0,0.0,0.0,0.0,0.0,0.0,0.0,70,0,70,0.0,0.0,Faithfulness,higher
AHU21,IForest,LIME,AvgSensitivity,1.1307006053731883,1.1061373694584398,0.17754026333488324,1.0002077943854948,1.3129389289015658,0.8081329216536275,1.4725289979651206,70,0,70,0.31273113451607104,0.0,Sensitivity,lower
AHU21,IForest,LIME,Completeness,0.0,0.0,0.0,0.0,0.0,0.0,0.0,70,0,70,0.0,0.0,Fidelity,higher
AHU21,IForest,LIME,Complexity,2.513381084136182,2.511140736547551,0.04078331068043551,2.4778143550148313,2.547850358706521,2.434166181772329,2.5823655839290947,70,0,70,0.07003600369168961,0.0,Complexity,lower
AHU21,IForest,LIME,Consistency,0.5551927437479947,0.6825396825288487,0.1809887345820888,0.3015873015825145,0.6825396825288487,0.19999999996,0.6825396825288487,70,0,70,0.38095238094633416,0.0,Faithfulness,lower
AHU21,IForest,LIME,Faithfulness,-0.09891799880940304,-0.053643127136234606,0.40263354934624157,-0.5738171197188449,0.2537977426845598,-0.8012843625093545,0.583385309975775,70,0,70,0.8276148624034046,0.0,Faithfulness,higher
AHU21,IForest,LIME,FaithfulnessEstimate,-0.00904943808886572,-0.016006245635325298,0.2807033637945996,-0.24579735040403572,0.27524839578016264,-0.5267224634264349,0.4638865316648868,70,0,70,0.5210457461841984,0.0,Faithfulness,higher
AHU21,IForest,LIME,LocalLipschitzEstimate,9.78566783723563,9.540279075468344,1.6140418320369394,8.526310129620123,10.856994403029459,7.185232764012376,16.473617477301293,70,0,70,2.330684273409336,0.0,Robustness,lower
AHU21,IForest,LIME,MaxSensitivity,1.7548699351148385,1.778655143408483,0.19167673519420103,1.679476814992411,1.8834166011479065,1.2749165964421847,2.2298583988338447,70,0,70,0.20393978615549546,0.0,Robustness,lower
AHU21,IForest,LIME,Monotonicity,1.0,1.0,0.0,1.0,1.0,1.0,1.0,70,0,70,0.0,0.0,Faithfulness,higher
AHU21,IForest,LIME,MonotonicityCorrelation,0.21775210084033617,0.25490196078431376,0.16087889195090616,0.14031862745098037,0.318014705882353,-0.1764705882352941,0.465686274509804,70,0,70,0.1776960784313726,0.0,Faithfulness,higher
AHU21,IForest,LIME,MonotonicityMetric,0.0,0.0,0.0,0.0,0.0,0.0,0.0,70,0,70,0.0,0.0,Faithfulness,higher
AHU21,IForest,LIME,NonSensitivity,5.571428571428571,4.0,2.7482348937192214,3.0,8.75,3.0,10.0,70,0,70,5.75,0.0,Fidelity,lower
AHU21,IForest,LIME,RelativeInputStability,0.0001694336964142085,0.00017544960504645,0.00010225057366778254,8.9964210612261e-05,0.00022369394080552503,3.6800048449721225e-05,0.0003979726725933,22,48,70,0.00013372973019326403,68.57142857142857,Robustness,lower
AHU21,IForest,LIME,RelativeOutputStability,6636.147934902692,111.1120130787765,15088.786548366468,89.64096818492581,157.72100519349456,50.685297489744464,52895.50228178833,22,48,70,68.08003700856875,68.57142857142857,Robustness,lower
AHU21,IForest,LIME,SensitivityN,,,,,,,,0,70,70,,100.0,Faithfulness,higher
AHU21,IForest,LIME,Sparseness,0.41994976742972906,0.42234109703554223,0.022553544905521607,0.4014726217930713,0.4395475325886826,0.3789492500802438,0.4575158082829956,70,0,70,0.038074910795611316,0.0,Complexity,higher
AHU21,IForest,LIME,Sufficiency,0.5241832646169764,0.6129406307977736,0.21552965018410766,0.3838249516441006,0.6666666666666666,0.0,0.8888888888888888,70,0,70,0.28284171502256605,0.0,Faithfulness,higher
AHU21,IForest,MAPLE,AvgSensitivity,0.8610098687733506,0.8146467448786618,0.34873825843382145,0.5867846138650294,1.0004551056848159,0.4094571959543086,1.978387686458767,70,0,70,0.41367049181978643,0.0,Sensitivity,lower
AHU21,IForest,MAPLE,Completeness,0.0,0.0,0.0,0.0,0.0,0.0,0.0,70,0,70,0.0,0.0,Fidelity,higher
AHU21,IForest,MAPLE,Complexity,1.704332209615659,1.763099738954257,0.3186270017991743,1.4623822719485238,1.9516473704187178,1.0491159746928462,2.2708459870245217,70,0,70,0.48926509847019406,0.0,Complexity,lower
AHU21,IForest,MAPLE,Consistency,0.5551927437479947,0.6825396825288487,0.1809887345820888,0.3015873015825145,0.6825396825288487,0.19999999996,0.6825396825288487,70,0,70,0.38095238094633416,0.0,Faithfulness,lower
AHU21,IForest,MAPLE,Faithfulness,0.04199073334687605,0.036769457791386004,0.22873914425131467,-0.09304408083715802,0.19713975621171342,-0.5769289894365499,0.609317947145819,70,0,70,0.29018383704887146,0.0,Faithfulness,higher
AHU21,IForest,MAPLE,FaithfulnessEstimate,0.008410167815620012,0.07326157412149815,0.3091522910026963,-0.1444226663777814,0.178667295680205,-0.5773977976950536,0.6505053942071288,70,0,70,0.3230899620579864,0.0,Faithfulness,higher
AHU21,IForest,MAPLE,LocalLipschitzEstimate,2.237106100068335,2.2115936435127077,0.7581799737104012,1.8081922532240526,2.7833560463285347,0.8602294207031848,4.00996195940297,70,0,70,0.9751637931044821,0.0,Robustness,lower
AHU21,IForest,MAPLE,MaxSensitivity,2.374995839327443,2.185860703560146,1.2615332896959572,1.2833893777485,3.1099462247266256,0.8412350832213583,6.511131946304407,70,0,70,1.8265568469781257,0.0,Robustness,lower
AHU21,IForest,MAPLE,Monotonicity,1.0,1.0,0.0,1.0,1.0,1.0,1.0,70,0,70,0.0,0.0,Faithfulness,higher
AHU21,IForest,MAPLE,MonotonicityCorrelation,0.27562663841733553,0.32508705641064595,0.22883052885477734,0.11106308612606662,0.47706032604866727,-0.372237087493106,0.6079872429054066,70,0,70,0.36599723992260064,0.0,Faithfulness,higher
AHU21,IForest,MAPLE,MonotonicityMetric,0.0,0.0,0.0,0.0,0.0,0.0,0.0,70,0,70,0.0,0.0,Faithfulness,higher
AHU21,IForest,MAPLE,NonSensitivity,7.214285714285714,8.0,2.283481051877969,6.0,8.0,2.0,11.0,70,0,70,2.0,0.0,Fidelity,lower
AHU21,IForest,MAPLE,RelativeInputStability,6.48356678506828e-05,6.289518601841729e-05,3.744522647547474e-05,2.9497441549682308e-05,8.509274762237055e-05,1.5366982107275602e-05,0.0001347566339287,22,48,70,5.559530607268824e-05,68.57142857142857,Robustness,lower
AHU21,IForest,MAPLE,RelativeOutputStability,12454.82133046277,34.23116271405366,36173.535641285715,16.668185884078753,138.73418976670604,5.529946134896502,162096.68036605534,22,48,70,122.06600388262729,68.57142857142857,Robustness,lower
AHU21,IForest,MAPLE,SensitivityN,,,,,,,,0,70,70,,100.0,Faithfulness,higher
AHU21,IForest,MAPLE,Sparseness,0.7299855076890788,0.7291058160099688,0.07306784126727145,0.6831314265345256,0.7873102120866131,0.5485056329008985,0.8522829736504957,70,0,70,0.10417878555208748,0.0,Complexity,higher
AHU21,IForest,MAPLE,Sufficiency,0.0,0.0,0.0,0.0,0.0,0.0,0.0,70,0,70,0.0,0.0,Faithfulness,higher
AHU21,IForest,SHAP,AvgSensitivity,1.1559427968019123,1.220085109428719,0.6382069321812145,0.5100028800923216,1.526621176512721,0.2826705779964851,2.892069843536752,70,0,70,1.0166182964203991,0.0,Sensitivity,lower
AHU21,IForest,SHAP,Completeness,0.0,0.0,0.0,0.0,0.0,0.0,0.0,70,0,70,0.0,0.0,Fidelity,higher
AHU21,IForest,SHAP,Complexity,2.365838491330318,2.3921114940589012,0.16821400657722882,2.2973864960823813,2.4785610321846407,1.7727647160428843,2.596461707226723,70,0,70,0.18117453610225942,0.0,Complexity,lower
AHU21,IForest,SHAP,Consistency,0.5551927437479947,0.6825396825288487,0.1809887345820888,0.3015873015825145,0.6825396825288487,0.19999999996,0.6825396825288487,70,0,70,0.38095238094633416,0.0,Faithfulness,lower
AHU21,IForest,SHAP,Faithfulness,-0.03594865804995754,-0.15573862430308605,0.38356028115613466,-0.30823646999350385,0.23728889734394734,-0.7041078400212455,0.7995067525019597,70,0,70,0.5455253673374512,0.0,Faithfulness,higher
AHU21,IForest,SHAP,FaithfulnessEstimate,-0.0013765852405864302,-0.08514329892054084,0.43372485256777593,-0.36646265671300327,0.36784530415781785,-0.7683933070430379,0.8049955020345692,70,0,70,0.7343079608708212,0.0,Faithfulness,higher
AHU21,IForest,SHAP,LocalLipschitzEstimate,2.4055579563749383,2.2384417631945963,0.7337759464426419,1.8292819748755285,2.905849442084707,1.4404064034622104,4.3349295369473095,70,0,70,1.0765674672091785,0.0,Robustness,lower
AHU21,IForest,SHAP,MaxSensitivity,1.5218979635464578,1.5603426949551569,0.8291755784914604,0.7243834151590861,1.9027212732597913,0.466410735680159,3.8942230604367367,70,0,70,1.1783378581007051,0.0,Robustness,lower
AHU21,IForest,SHAP,Monotonicity,1.0,1.0,0.0,1.0,1.0,1.0,1.0,70,0,70,0.0,0.0,Faithfulness,higher
AHU21,IForest,SHAP,MonotonicityCorrelation,-0.13781512605042012,-0.1446078431372549,0.20947303367376208,-0.29105392156862747,0.003063725490196024,-0.5637254901960785,0.3848039215686274,70,0,70,0.2941176470588235,0.0,Faithfulness,higher
AHU21,IForest,SHAP,MonotonicityMetric,0.0,0.0,0.0,0.0,0.0,0.0,0.0,70,0,70,0.0,0.0,Faithfulness,higher
AHU21,IForest,SHAP,NonSensitivity,5.585714285714285,4.0,2.742541174002189,3.0,8.75,3.0,10.0,70,0,70,5.75,0.0,Fidelity,lower
AHU21,IForest,SHAP,RelativeInputStability,0.001066325562006148,0.00068436180604495,0.0009880121066281173,0.000311660376529075,0.001387666756526575,8.162341534525027e-05,0.0039680999541486,22,48,70,0.0010760063799975,68.57142857142857,Robustness,lower
AHU21,IForest,SHAP,RelativeOutputStability,158349.70945452605,910.5692870141828,567241.2342542298,348.8487503722922,1907.6238635168843,85.33736732441137,2631027.0650351723,22,48,70,1558.775113144592,68.57142857142857,Robustness,lower
AHU21,IForest,SHAP,SensitivityN,,,,,,,,0,70,70,,100.0,Faithfulness,higher
AHU21,IForest,SHAP,Sparseness,0.5076797589496547,0.510056398622287,0.07786552251500084,0.45789703362557876,0.5505405630017064,0.3751480384473731,0.7329622022807962,70,0,70,0.09264352937612763,0.0,Complexity,higher
AHU21,IForest,SHAP,Sufficiency,0.6534929363711652,0.7845261121856867,0.300867056404297,0.4196428571428571,0.8260869565217391,0.0,1.0,70,0,70,0.40644409937888204,0.0,Faithfulness,higher
AHU21,MCD,LIME,AvgSensitivity,1.0740116825546044,1.2182942152552267,0.33256840013045463,1.1076670844268166,1.2586787352370306,0.2820723800235851,1.4109617732568225,70,0,70,0.15101165081021395,0.0,Sensitivity,lower
AHU21,MCD,LIME,Completeness,0.0,0.0,0.0,0.0,0.0,0.0,0.0,70,0,70,0.0,0.0,Fidelity,higher
AHU21,MCD,LIME,Complexity,0.9395757626448412,0.9441306890971072,0.04047475766196195,0.9117491305164955,0.9672915762706609,0.8291354546209619,1.0253860941608377,70,0,70,0.05554244575416534,0.0,Complexity,lower
AHU21,MCD,LIME,Consistency,0.9437641723048381,0.9682539682385992,0.1605300690889038,0.9682539682385992,0.9682539682385992,0.0158730158727639,0.9999999998,70,0,70,0.0,0.0,Faithfulness,lower
AHU21,MCD,LIME,Faithfulness,-0.7328268437386446,-0.9970717902065349,0.6427425838861668,-0.9984273258152948,-0.9933332830917905,-0.9996625911190896,0.9870268411341564,70,0,70,0.005094042723504333,0.0,Faithfulness,higher
AHU21,MCD,LIME,FaithfulnessEstimate,0.016190761291829198,0.30038857270467856,0.8940381366834765,-0.8916146264212654,0.8962853436746286,-0.9971172163457032,0.9976211330436832,70,0,70,1.7878999700958942,0.0,Faithfulness,higher
AHU21,MCD,LIME,LocalLipschitzEstimate,8.084966393168148,8.88633288270959,2.387304514446793,7.799678849722635,9.307670503946182,2.375875435718096,14.125590558742664,70,0,70,1.5079916542235479,0.0,Robustness,lower
AHU21,MCD,LIME,MaxSensitivity,1.9012237260640543,2.092429092116893,0.45761920773944414,2.0113932150946416,2.1495326791214455,0.6928871509766009,2.2262834091199,70,0,70,0.13813946402680388,0.0,Robustness,lower
AHU21,MCD,LIME,Monotonicity,1.0,1.0,0.0,1.0,1.0,1.0,1.0,70,0,70,0.0,0.0,Faithfulness,higher
AHU21,MCD,LIME,MonotonicityCorrelation,0.32563137951012205,0.30392156862745096,0.18802547802184333,0.19056372549019604,0.4675245098039216,-0.1617647058823529,0.698529411764706,70,0,70,0.2769607843137255,0.0,Faithfulness,higher
AHU21,MCD,LIME,MonotonicityMetric,0.0,0.0,0.0,0.0,0.0,0.0,0.0,70,0,70,0.0,0.0,Faithfulness,higher
AHU21,MCD,LIME,NonSensitivity,6.314285714285714,5.0,3.0242635090641037,4.0,9.75,3.0,12.0,70,0,70,5.75,0.0,Fidelity,lower
AHU21,MCD,LIME,RelativeInputStability,0.017947298504812286,0.0015598010224178,0.10609123056151162,0.00037474628181225,0.0035635888098366998,7.347594326888185e-05,0.8688369077656759,67,3,70,0.0031888425280244496,4.285714285714286,Robustness,lower
AHU21,MCD,LIME,RelativeOutputStability,2049395.413731811,473473.26531867206,5533268.408625124,90087.58418110319,1377076.9470085227,8223.541543242556,42667996.37773464,67,3,70,1286989.3628274195,4.285714285714286,Robustness,lower
AHU21,MCD,LIME,SensitivityN,,,,,,,,0,70,70,,100.0,Faithfulness,higher
AHU21,MCD,LIME,Sparseness,0.86222161790503,0.8615913595037693,0.006145566716651638,0.8573897612824969,0.8668335590885754,0.8491562601024676,0.8778446942327564,70,0,70,0.009443797806078513,0.0,Complexity,higher
AHU21,MCD,LIME,Sufficiency,0.847883915483348,0.961901306240929,0.3127424476025436,0.9493433395872422,0.9775193798449611,0.0,1.0,70,0,70,0.028176040257718915,0.0,Faithfulness,higher
AHU21,MCD,MAPLE,AvgSensitivity,57.28739688485797,1.405458263199979,151.94942466386738,1.0750767743365475,5.913364622697095,0.5160553709740516,769.4499494293382,70,0,70,4.838287848360547,0.0,Sensitivity,lower
AHU21,MCD,MAPLE,Completeness,0.0,0.0,0.0,0.0,0.0,0.0,0.0,70,0,70,0.0,0.0,Fidelity,higher
AHU21,MCD,MAPLE,Complexity,1.4293420245626172,1.3178941067032248,0.5141905424743207,1.2402475278308138,1.822398534622432,0.1131199327466797,2.257444317663217,70,0,70,0.5821510067916182,0.0,Complexity,lower
AHU21,MCD,MAPLE,Consistency,0.9440233235434844,0.9591836734498128,0.1606070834399218,0.9591836734498128,0.9999999995,0.0204081632648896,0.9999999999230768,70,0,70,0.040816326050187146,0.0,Faithfulness,lower
AHU21,MCD,MAPLE,Faithfulness,0.24094139894052852,0.2038807582542804,0.32116993489410306,-0.031538135851236854,0.4467283068059783,-0.2042795001943859,0.986368617386295,70,0,70,0.4782664426572152,0.0,Faithfulness,higher
AHU21,MCD,MAPLE,FaithfulnessEstimate,0.09733729985901224,-0.003842126764563733,0.4767684450151449,-0.05596568034546893,0.2708725674337795,-0.8688229709338341,0.9986783235732456,70,0,70,0.32683824777924847,0.0,Faithfulness,higher
AHU21,MCD,MAPLE,LocalLipschitzEstimate,1.9770473379434954,1.6153700261343924,1.089755075943053,1.2777268585456332,2.246925077486637,0.7058258820716727,5.466851408957717,70,0,70,0.969198218941004,0.0,Robustness,lower
AHU21,MCD,MAPLE,MaxSensitivity,167.4264588713902,4.560334869623463,425.22006364068864,2.742565832805065,21.355166255006655,0.9432441849498874,1907.7353368535669,70,0,70,18.612600422201588,0.0,Robustness,lower
AHU21,MCD,MAPLE,Monotonicity,1.0,1.0,0.0,1.0,1.0,1.0,1.0,70,0,70,0.0,0.0,Faithfulness,higher
AHU21,MCD,MAPLE,MonotonicityCorrelation,0.28824365688634934,0.29289215686274506,0.28815474429353516,0.03740808356801955,0.57759812565821,-0.424175755749523,0.7892156862745099,70,0,70,0.5401900420901905,0.0,Faithfulness,higher
AHU21,MCD,MAPLE,MonotonicityMetric,0.0,0.0,0.0,0.0,0.0,0.0,0.0,70,0,70,0.0,0.0,Faithfulness,higher
AHU21,MCD,MAPLE,NonSensitivity,4.714285714285714,5.0,2.9099671652256682,2.0,7.0,0.0,12.0,70,0,70,5.0,0.0,Fidelity,lower
AHU21,MCD,MAPLE,RelativeInputStability,2.7082461791140724,2.2379504221239026,2.9939132500973193,0.016468992413453398,3.89680727869811,0.0005541157996986,12.094847608737126,67,3,70,3.8803382862846565,4.285714285714286,Robustness,lower
AHU21,MCD,MAPLE,RelativeOutputStability,2351155221.52579,665831095.2623578,6837848899.659415,7352391.932422055,1878715799.5765042,72622.61333232319,52177751731.8137,67,3,70,1871363407.644082,4.285714285714286,Robustness,lower
AHU21,MCD,MAPLE,SensitivityN,,,,,,,,0,70,70,,100.0,Faithfulness,higher
AHU21,MCD,MAPLE,Sparseness,0.7778950373675323,0.813275978653845,0.10159902605514678,0.7160291596831387,0.8389285131830416,0.5486908826821707,0.9353743369318568,70,0,70,0.12289935349990289,0.0,Complexity,higher
AHU21,MCD,MAPLE,Sufficiency,0.9189791149066983,0.9661016949152542,0.19883641415922695,0.9661016949152542,0.9661016949152542,0.0,1.0,70,0,70,0.0,0.0,Faithfulness,higher
AHU21,MCD,SHAP,AvgSensitivity,2.671228256894675,2.740218846804307,2.225319863883058,2.530979373183813,2.933236967882328,0.1823798330285951,18.778814042521404,70,0,70,0.40225759469851496,0.0,Sensitivity,lower
AHU21,MCD,SHAP,Completeness,0.0,0.0,0.0,0.0,0.0,0.0,0.0,70,0,70,0.0,0.0,Fidelity,higher
AHU21,MCD,SHAP,Complexity,0.9075848219513002,0.8261422617170788,0.31688353488047993,0.6951548499724306,1.2073931984455715,0.1251304570163938,1.6496359981613666,70,0,70,0.5122383484731409,0.0,Complexity,lower
AHU21,MCD,SHAP,Consistency,0.9437641723048381,0.9682539682385992,0.1605300690889038,0.9682539682385992,0.9682539682385992,0.0158730158727639,0.9999999998,70,0,70,0.0,0.0,Faithfulness,lower
AHU21,MCD,SHAP,Faithfulness,-0.36065216169026204,-0.39726382947311695,0.31897199582931274,-0.4142970841236185,-0.3941581744305528,-0.9999028970658632,0.975030256654774,70,0,70,0.0201389096930657,0.0,Faithfulness,higher
AHU21,MCD,SHAP,FaithfulnessEstimate,0.008678401946587425,0.22603483103039596,0.7151015030045254,-0.7255776974962548,0.7254094005659205,-0.8652459855973293,0.9022602565744468,70,0,70,1.4509870980621753,0.0,Faithfulness,higher
AHU21,MCD,SHAP,LocalLipschitzEstimate,0.5559809407791911,0.28396138502026047,0.6652760027676005,0.23941621743139452,0.4066697272453832,0.1680686242181314,3.498765826805645,70,0,70,0.16725350981398868,0.0,Robustness,lower
AHU21,MCD,SHAP,MaxSensitivity,10.17452451778118,11.138995333880084,6.377480428373447,9.359766275062249,11.991160991890988,0.4689216389764664,50.17127868791484,70,0,70,2.631394716828739,0.0,Robustness,lower
AHU21,MCD,SHAP,Monotonicity,1.0,1.0,0.0,1.0,1.0,1.0,1.0,70,0,70,0.0,0.0,Faithfulness,higher
AHU21,MCD,SHAP,MonotonicityCorrelation,0.6628261800026612,0.6887254901960785,0.16900179005152502,0.5202205882352942,0.7965686274509806,0.2181372549019608,0.9338235294117648,70,0,70,0.2763480392156864,0.0,Faithfulness,higher
AHU21,MCD,SHAP,MonotonicityMetric,0.0,0.0,0.0,0.0,0.0,0.0,0.0,70,0,70,0.0,0.0,Faithfulness,higher
AHU21,MCD,SHAP,NonSensitivity,6.057142857142857,6.0,2.056349053193895,4.0,7.0,3.0,11.0,70,0,70,3.0,0.0,Fidelity,lower
AHU21,MCD,SHAP,RelativeInputStability,0.011505207034841692,0.0007328106367834,0.05357974426747723,0.00037398548353135,0.00233728155810595,2.288164692033084e-05,0.4115927510074235,67,3,70,0.0019632960745745998,4.285714285714286,Robustness,lower
AHU21,MCD,SHAP,RelativeOutputStability,1475979.2330201631,113288.13184724678,6386263.373751152,40755.88459628311,269593.23035068007,7866.287471714687,42833157.13363771,68,2,70,228837.34575439696,2.857142857142857,Robustness,lower
AHU21,MCD,SHAP,SensitivityN,,,,,,,,0,70,70,,100.0,Faithfulness,higher
AHU21,MCD,SHAP,Sparseness,0.8704787624558905,0.8848599882560559,0.039550007463355845,0.8303457040175415,0.8969399048697838,0.7620434466744673,0.9373043250596698,70,0,70,0.06659420085224232,0.0,Complexity,higher
AHU21,MCD,SHAP,Sufficiency,0.8869508448540717,0.9666666666666668,0.2719560317896944,0.9666666666666668,0.9666666666666668,0.0,1.0,70,0,70,0.0,0.0,Faithfulness,higher
AHU21,VAE,LIME,AvgSensitivity,1.123888153468458,1.0775788096181942,0.18445919216796194,1.0190110781356294,1.3166645391416456,0.8243852565808872,1.478988695230284,70,0,70,0.2976534610060162,0.0,Sensitivity,lower
AHU21,VAE,LIME,Completeness,0.0,0.0,0.0,0.0,0.0,0.0,0.0,70,0,70,0.0,0.0,Fidelity,higher
AHU21,VAE,LIME,Complexity,2.418902096909277,2.4189522463290265,0.029786048928795304,2.3968123346430152,2.441512802616018,2.348081839123374,2.478658826903154,70,0,70,0.044700467973002755,0.0,Complexity,lower
AHU21,VAE,LIME,Consistency,0.9999999999683441,0.999999999984127,5.191699762349145e-11,0.999999999984127,0.999999999984127,0.9999999998,0.999999999984127,70,0,70,0.0,0.0,Faithfulness,lower
AHU21,VAE,LIME,Faithfulness,-0.48156406891171155,-0.5454230306467736,0.29698375946224814,-0.7282979884442914,-0.24576406095609757,-0.8809374400388162,0.1950510261650329,70,0,70,0.4825339274881938,0.0,Faithfulness,higher
AHU21,VAE,LIME,FaithfulnessEstimate,-0.012255315271506044,-0.0018939544506614506,0.20103071427559974,-0.20282598782660727,0.194068128986998,-0.3753649730335779,0.3430388830170577,70,0,70,0.39689411681360526,0.0,Faithfulness,higher
AHU21,VAE,LIME,LocalLipschitzEstimate,8.445635303375257,8.219613609472217,1.3948086531264599,7.494036123784509,9.20254689352828,6.237108466154468,12.77312764914773,70,0,70,1.7085107697437714,0.0,Robustness,lower
AHU21,VAE,LIME,MaxSensitivity,1.7959644138984874,1.8463500281190774,0.20739750448849456,1.7257419856762366,1.9087139904442743,1.3165359682988411,2.32506455425282,70,0,70,0.18297200476803765,0.0,Robustness,lower
AHU21,VAE,LIME,Monotonicity,0.5285714285714286,1.0,0.5027872622251885,0.0,1.0,0.0,1.0,70,0,70,1.0,0.0,Faithfulness,higher
AHU21,VAE,LIME,MonotonicityCorrelation,0.26894257703081226,0.2549019607843137,0.1891661896847098,0.1764705882352941,0.3866421568627451,-0.1495098039215686,0.6691176470588236,70,0,70,0.210171568627451,0.0,Faithfulness,higher
AHU21,VAE,LIME,MonotonicityMetric,0.0,0.0,0.0,0.0,0.0,0.0,0.0,70,0,70,0.0,0.0,Faithfulness,higher
AHU21,VAE,LIME,NonSensitivity,4.4714285714285715,4.0,2.3818238570743144,3.0,5.75,0.0,10.0,70,0,70,2.75,0.0,Fidelity,lower
AHU21,VAE,LIME,RelativeInputStability,0.00015893848110505596,0.000119071128008,0.0001449066998027598,7.211122721734845e-05,0.00020218626191805,2.6031146918777927e-05,0.0010200125408464,70,0,70,0.00013007503470070154,0.0,Robustness,lower
AHU21,VAE,LIME,RelativeOutputStability,4921.29862338754,480.644979276515,22288.877793661442,280.4612575892178,892.313885659885,97.90945945675313,176312.13874681477,70,0,70,611.8526280706673,0.0,Robustness,lower
AHU21,VAE,LIME,SensitivityN,,,,,,,,0,70,70,,100.0,Faithfulness,higher
AHU21,VAE,LIME,Sparseness,0.4937543151952392,0.49503037089291413,0.015577899647293376,0.4814130983911919,0.505736865560402,0.4603737595446793,0.5280863846197708,70,0,70,0.024323767169210087,0.0,Complexity,higher
AHU21,VAE,LIME,Sufficiency,0.9428571428571428,1.0,0.23379132809659062,1.0,1.0,0.0,1.0,70,0,70,0.0,0.0,Faithfulness,higher
AHU21,VAE,MAPLE,AvgSensitivity,0.9485214010461521,0.5100694799166983,0.918141900732146,0.32546681219768503,1.5605697763347286,0.0960207797632792,4.541168896150791,70,0,70,1.2351029641370435,0.0,Sensitivity,lower
AHU21,VAE,MAPLE,Completeness,0.0,0.0,0.0,0.0,0.0,0.0,0.0,70,0,70,0.0,0.0,Fidelity,higher
AHU21,VAE,MAPLE,Complexity,1.7388227865685901,1.643943925371313,0.3984223111304178,1.403221658372062,2.1385408000588995,1.1721140447607832,2.496625537137448,70,0,70,0.7353191416868374,0.0,Complexity,lower
AHU21,VAE,MAPLE,Consistency,0.9999999999519845,0.9999999999818182,6.143196112327271e-11,0.9999999999818182,0.9999999999818182,0.9999999998,0.9999999999818182,70,0,70,0.0,0.0,Faithfulness,lower
AHU21,VAE,MAPLE,Faithfulness,-0.004865452757052283,-0.01461943549596995,0.1465081726281775,-0.10344693876668383,0.07567557187821437,-0.314120357612533,0.4145423453164403,70,0,70,0.1791225106448982,0.0,Faithfulness,higher
AHU21,VAE,MAPLE,FaithfulnessEstimate,-0.015621393180842252,0.004240608830436001,0.7132372284767997,-0.7361616989233386,0.7770385676506503,-0.9641941089186584,0.9189487182601,70,0,70,1.513200266573989,0.0,Faithfulness,higher
AHU21,VAE,MAPLE,LocalLipschitzEstimate,3.13539281351994,3.1403446529172294,0.8161894327912713,2.6453564065863557,3.480851856261471,1.1027238697057675,5.747632676139422,70,0,70,0.8354954496751152,0.0,Robustness,lower
AHU21,VAE,MAPLE,MaxSensitivity,1.9270230772510761,1.1292412977119384,1.5716626160094374,1.0226076239297763,2.7182577436890343,0.2790001258739141,6.721367522264409,70,0,70,1.695650119759258,0.0,Robustness,lower
AHU21,VAE,MAPLE,Monotonicity,0.5285714285714286,1.0,0.5027872622251885,0.0,1.0,0.0,1.0,70,0,70,1.0,0.0,Faithfulness,higher
AHU21,VAE,MAPLE,MonotonicityCorrelation,0.14231112907548488,0.1961986880114975,0.27746088371910016,-0.005824648550341274,0.3393624181698871,-0.6824346604040278,0.5898223058345644,70,0,70,0.34518706672022836,0.0,Faithfulness,higher
AHU21,VAE,MAPLE,MonotonicityMetric,0.0,0.0,0.0,0.0,0.0,0.0,0.0,70,0,70,0.0,0.0,Faithfulness,higher
AHU21,VAE,MAPLE,NonSensitivity,4.228571428571429,4.0,1.6076937174184998,3.0,5.0,2.0,8.0,70,0,70,2.0,0.0,Fidelity,lower
AHU21,VAE,MAPLE,RelativeInputStability,0.04753856855819916,9.772966571785191e-05,0.13232897447010256,4.561247973936239e-05,0.000306726483330025,1.5031538255212568e-05,0.5293313523882486,70,0,70,0.0002611140035906626,0.0,Robustness,lower
AHU21,VAE,MAPLE,RelativeOutputStability,1729690.7930948318,384.53740878263307,7136011.259306753,180.71272556304544,2992.6740404859042,65.05191234046167,49350411.16221488,70,0,70,2811.961314922859,0.0,Robustness,lower
AHU21,VAE,MAPLE,SensitivityN,,,,,,,,0,70,70,,100.0,Faithfulness,higher
AHU21,VAE,MAPLE,Sparseness,0.7004440036541979,0.7432985276145907,0.1173337049875115,0.611720235309241,0.7957131291714499,0.4225974257652057,0.8404778673666299,70,0,70,0.18399289386220885,0.0,Complexity,higher
AHU21,VAE,MAPLE,Sufficiency,0.0,0.0,0.0,0.0,0.0,0.0,0.0,70,0,70,0.0,0.0,Faithfulness,higher
AHU21,VAE,SHAP,AvgSensitivity,1.2083943426826522,1.0235580274094795,0.758648956983257,0.6686592122530992,1.5539510752783599,0.3049199628441115,3.3436600254040543,70,0,70,0.8852918630252606,0.0,Sensitivity,lower
AHU21,VAE,SHAP,Completeness,0.0,0.0,0.0,0.0,0.0,0.0,0.0,70,0,70,0.0,0.0,Fidelity,higher
AHU21,VAE,SHAP,Complexity,2.1645251715874356,2.2755011484998073,0.3444883254040954,2.056032353345379,2.398018777649321,1.2221651593190426,2.612901616389348,70,0,70,0.3419864243039421,0.0,Complexity,lower
AHU21,VAE,SHAP,Consistency,0.9999999999683441,0.999999999984127,5.191699762349145e-11,0.999999999984127,0.999999999984127,0.9999999998,0.999999999984127,70,0,70,0.0,0.0,Faithfulness,lower
AHU21,VAE,SHAP,Faithfulness,-0.6226348768294815,-0.6751633566854722,0.3388593674852209,-0.8452412973168051,-0.5689251345149464,-0.9925677407105604,0.4458905729240677,70,0,70,0.27631616280185867,0.0,Faithfulness,higher
AHU21,VAE,SHAP,FaithfulnessEstimate,-0.029049952768537553,-0.014747732803121995,0.342806077044482,-0.27807805803575036,0.23516155435188038,-0.80001104410377,0.5906442186254098,70,0,70,0.5132396123876307,0.0,Faithfulness,higher
AHU21,VAE,SHAP,LocalLipschitzEstimate,2.1383925577490692,1.9856974062996091,0.6309820760750587,1.8137693393967342,2.238669257711839,1.2038204003589537,4.603524366544747,70,0,70,0.42489991831510454,0.0,Robustness,lower
AHU21,VAE,SHAP,MaxSensitivity,2.993561517242152,2.452007528218135,2.0309544771491823,1.5162598471135438,3.9484141283993743,0.6181303639573276,9.326582665783276,70,0,70,2.4321542812858308,0.0,Robustness,lower
AHU21,VAE,SHAP,Monotonicity,0.5571428571428572,1.0,0.5003104626191732,0.0,1.0,0.0,1.0,70,0,70,1.0,0.0,Faithfulness,higher
AHU21,VAE,SHAP,MonotonicityCorrelation,0.07293417366946775,0.0919117647058823,0.2569083480608244,-0.0735294117647058,0.2156862745098039,-0.5245098039215687,0.6715686274509804,70,0,70,0.2892156862745097,0.0,Faithfulness,higher
AHU21,VAE,SHAP,MonotonicityMetric,0.0,0.0,0.0,0.0,0.0,0.0,0.0,70,0,70,0.0,0.0,Faithfulness,higher
AHU21,VAE,SHAP,NonSensitivity,4.642857142857143,4.0,2.4849443132926807,3.0,5.75,1.0,10.0,70,0,70,2.75,0.0,Fidelity,lower
AHU21,VAE,SHAP,RelativeInputStability,0.0006951432833903758,0.0002850895466444,0.0011985865672248899,0.000123186859183025,0.0005753599660399,4.175179777122037e-05,0.0054744912994296,70,0,70,0.00045217310685687496,0.0,Robustness,lower
AHU21,VAE,SHAP,RelativeOutputStability,2924.7161922104715,725.6247205264598,7511.9796768095775,371.2453569448985,1758.6149598962784,164.16722338464916,53688.357112685066,70,0,70,1387.3696029513799,0.0,Robustness,lower
AHU21,VAE,SHAP,SensitivityN,,,,,,,,0,70,70,,100.0,Faithfulness,higher
AHU21,VAE,SHAP,Sparseness,0.5707695743459614,0.5534275431668995,0.11709965208263237,0.49470966386722354,0.6326858914376963,0.364046501339635,0.8254602329423205,70,0,70,0.13797622757047273,0.0,Complexity,higher
AHU21,VAE,SHAP,Sufficiency,0.9285714285714286,1.0,0.2593988910521574,1.0,1.0,0.0,1.0,70,0,70,0.0,0.0,Faithfulness,higher
ARAMIS20,AutoEncoder,LIME,AvgSensitivity,0.7915752361339765,0.7058735557844437,0.5538686523703354,0.3339741661415546,1.0770388874614947,0.1949802472442393,2.725025081389848,70,0,70,0.7430647213199401,0.0,Sensitivity,lower
ARAMIS20,AutoEncoder,LIME,Completeness,0.0,0.0,0.0,0.0,0.0,0.0,0.0,70,0,70,0.0,0.0,Fidelity,higher
ARAMIS20,AutoEncoder,LIME,Complexity,1.702019872681716,1.7107924970720243,0.0969447116990587,1.6400874681933975,1.7646943272247737,1.4078504336602995,1.8890364125784949,70,0,70,0.12460685903137625,0.0,Complexity,lower
ARAMIS20,AutoEncoder,LIME,Consistency,0.7964625850140069,0.9047619047475436,0.2590832637075737,0.9047619047475436,0.9047619047475436,0.0793650793638196,0.9047619047475436,70,0,70,0.0,0.0,Faithfulness,lower
ARAMIS20,AutoEncoder,LIME,Faithfulness,0.038215768085990136,0.05629480465847135,0.43685842645597645,-0.2936089279973951,0.3873462831448204,-0.8701370353660396,0.7948566331496879,70,0,70,0.6809552111422155,0.0,Faithfulness,higher
ARAMIS20,AutoEncoder,LIME,FaithfulnessEstimate,0.03280143463722471,-0.0080960249759206,0.4123559228655678,-0.22107610823913176,0.3722196558893787,-0.9060445728552604,0.7925375289395216,70,0,70,0.5932957641285105,0.0,Faithfulness,higher
ARAMIS20,AutoEncoder,LIME,LocalLipschitzEstimate,7.10129487647909,7.475547395148714,2.534656088413925,4.910671125322157,8.91916673956993,1.947546876508583,12.01207366779684,70,0,70,4.008495614247773,0.0,Robustness,lower
ARAMIS20,AutoEncoder,LIME,MaxSensitivity,1.5491947671783206,1.4817498618230198,0.7487075085989681,0.8239365182117502,2.0744348580398553,0.4452443344688995,3.609705160704829,70,0,70,1.250498339828105,0.0,Robustness,lower
ARAMIS20,AutoEncoder,LIME,Monotonicity,1.0,1.0,0.0,1.0,1.0,1.0,1.0,70,0,70,0.0,0.0,Faithfulness,higher
ARAMIS20,AutoEncoder,LIME,MonotonicityCorrelation,0.15429517679974927,0.19642857142857145,0.40119325088258595,-0.16071428571428573,0.4285714285714286,-0.7142857142857144,0.8928571428571429,70,0,70,0.5892857142857143,0.0,Faithfulness,higher
ARAMIS20,AutoEncoder,LIME,MonotonicityMetric,0.014285714285714285,0.0,0.11952286093343938,0.0,0.0,0.0,1.0,70,0,70,0.0,0.0,Faithfulness,higher
ARAMIS20,AutoEncoder,LIME,NonSensitivity,1.2714285714285714,1.0,0.9915794540351246,1.0,1.0,1.0,7.0,70,0,70,0.0,0.0,Fidelity,lower
ARAMIS20,AutoEncoder,LIME,RelativeInputStability,3016.680956142385,2.688061712974849,18058.164192308483,0.43697715985968516,7.126151968479755,0.0070201553328965,108355.94547696887,36,34,70,6.68917480862007,48.57142857142857,Robustness,lower
ARAMIS20,AutoEncoder,LIME,RelativeOutputStability,296210.0735533656,2283.9306500811213,1006975.5080135225,274.9219056569631,11270.480054686264,10.07660708424252,5203449.769180322,34,36,70,10995.5581490293,51.42857142857142,Robustness,lower
ARAMIS20,AutoEncoder,LIME,SensitivityN,,,,,,,,0,70,70,,100.0,Faithfulness,higher
ARAMIS20,AutoEncoder,LIME,Sparseness,0.3602333078958151,0.35002123523841805,0.07523471680676022,0.318150737645731,0.4158342481087768,0.1793789925766154,0.5379918046243802,70,0,70,0.0976835104630458,0.0,Complexity,higher
ARAMIS20,AutoEncoder,LIME,Sufficiency,0.7639281818773882,0.8888888888888888,0.30540296081631185,0.8395585738539898,0.9090909090909092,0.0,1.0,70,0,70,0.06953233523691937,0.0,Faithfulness,higher
ARAMIS20,AutoEncoder,MAPLE,AvgSensitivity,1.1553178558131982,0.8903773638763632,0.9355963362798302,0.558294790841946,1.3930545448417821,0.2382250381048141,4.5068542045507085,70,0,70,0.8347597539998362,0.0,Sensitivity,lower
ARAMIS20,AutoEncoder,MAPLE,Completeness,0.0,0.0,0.0,0.0,0.0,0.0,0.0,70,0,70,0.0,0.0,Fidelity,higher
ARAMIS20,AutoEncoder,MAPLE,Complexity,1.5737319398662555,1.5841606067108351,0.14693450561827515,1.4731234505818855,1.6843617360872214,1.1564045610724203,1.813951594525602,70,0,70,0.21123828550533585,0.0,Complexity,lower
ARAMIS20,AutoEncoder,MAPLE,Consistency,0.7964625850140069,0.9047619047475436,0.2590832637075737,0.9047619047475436,0.9047619047475436,0.0793650793638196,0.9047619047475436,70,0,70,0.0,0.0,Faithfulness,lower
ARAMIS20,AutoEncoder,MAPLE,Faithfulness,-0.03877831117302582,-0.0599641740716853,0.43851189534424845,-0.3345980554763006,0.3767741744730556,-0.917697716969766,0.7625654933871261,70,0,70,0.7113722299493562,0.0,Faithfulness,higher
ARAMIS20,AutoEncoder,MAPLE,FaithfulnessEstimate,0.031170186190418857,-0.016127887952545397,0.3776166152296418,-0.26417971395728707,0.31170153090833924,-0.6929466526606028,0.8105609146413497,70,0,70,0.5758812448656263,0.0,Faithfulness,higher
ARAMIS20,AutoEncoder,MAPLE,LocalLipschitzEstimate,5.886918779758606,5.1762387025112355,3.3157051897200596,3.993920026738289,6.32172558411289,1.4896851898743084,19.13629557349906,70,0,70,2.3278055573746013,0.0,Robustness,lower
ARAMIS20,AutoEncoder,MAPLE,MaxSensitivity,2.886053361646733,2.2350004893240873,2.4332235275149325,1.246651008565679,3.317732966230326,0.4574888615243763,12.496466665809631,70,0,70,2.0710819576646466,0.0,Robustness,lower
ARAMIS20,AutoEncoder,MAPLE,Monotonicity,1.0,1.0,0.0,1.0,1.0,1.0,1.0,70,0,70,0.0,0.0,Faithfulness,higher
ARAMIS20,AutoEncoder,MAPLE,MonotonicityCorrelation,0.14955645413169602,0.15023961205248143,0.42029049478836106,-0.1071428571428571,0.45535714285714296,-0.7142857142857144,0.8928571428571429,70,0,70,0.5625,0.0,Faithfulness,higher
ARAMIS20,AutoEncoder,MAPLE,MonotonicityMetric,0.014285714285714285,0.0,0.11952286093343936,0.0,0.0,0.0,1.0,70,0,70,0.0,0.0,Faithfulness,higher
ARAMIS20,AutoEncoder,MAPLE,NonSensitivity,1.2571428571428571,1.0,0.9881282890029764,1.0,1.0,1.0,7.0,70,0,70,0.0,0.0,Fidelity,lower
ARAMIS20,AutoEncoder,MAPLE,RelativeInputStability,558.6727735216809,8.143283306546362,3160.4290628206422,2.902108471159937,37.17778118872363,0.0451706458687091,18990.049588815866,36,34,70,34.275672717563694,48.57142857142857,Robustness,lower
ARAMIS20,AutoEncoder,MAPLE,RelativeOutputStability,52631.90802860444,7191.43183498213,109380.19981965126,1439.6856084256417,52157.09718158306,49.74440545500523,528692.3795438064,34,36,70,50717.41157315742,51.42857142857142,Robustness,lower
ARAMIS20,AutoEncoder,MAPLE,SensitivityN,,,,,,,,0,70,70,,100.0,Faithfulness,higher
ARAMIS20,AutoEncoder,MAPLE,Sparseness,0.44313309252885874,0.44867061953069054,0.09042414167358569,0.38745431214476667,0.5125974076686873,0.2262453826668697,0.625002744525538,70,0,70,0.12514309552392067,0.0,Complexity,higher
ARAMIS20,AutoEncoder,MAPLE,Sufficiency,0.8301460452005935,0.9016393442622952,0.2571247436436326,0.8987288135593221,0.913793103448276,0.0,1.0,70,0,70,0.015064289888953919,0.0,Faithfulness,higher
ARAMIS20,AutoEncoder,SHAP,AvgSensitivity,0.970782561388148,0.7615411955523027,0.5923072132819532,0.4783310386780383,1.3569261140593933,0.2526298851388745,2.4949142860296774,70,0,70,0.8785950753813551,0.0,Sensitivity,lower
ARAMIS20,AutoEncoder,SHAP,Completeness,0.0,0.0,0.0,0.0,0.0,0.0,0.0,70,0,70,0.0,0.0,Fidelity,higher
ARAMIS20,AutoEncoder,SHAP,Complexity,1.604123031960637,1.6323128400569482,0.1698191344181628,1.522146706394572,1.6986145186366541,0.9030053952665748,1.880745090423682,70,0,70,0.1764678122420822,0.0,Complexity,lower
ARAMIS20,AutoEncoder,SHAP,Consistency,0.7964625850140069,0.9047619047475436,0.2590832637075737,0.9047619047475436,0.9047619047475436,0.0793650793638196,0.9047619047475436,70,0,70,0.0,0.0,Faithfulness,lower
ARAMIS20,AutoEncoder,SHAP,Faithfulness,-0.011662017012220048,-0.0292570510506636,0.5445625283131528,-0.46236434070623933,0.33953193140588106,-0.90265927661553,0.9556202697341616,70,0,70,0.8018962721121203,0.0,Faithfulness,higher
ARAMIS20,AutoEncoder,SHAP,FaithfulnessEstimate,0.020261996143587816,0.0230627421484511,0.440742787717365,-0.273121651728817,0.3115236090581363,-0.9078231951550806,0.9244081762894426,70,0,70,0.5846452607869533,0.0,Faithfulness,higher
ARAMIS20,AutoEncoder,SHAP,LocalLipschitzEstimate,3.6591546174697513,3.6209279455076153,1.3022397873345257,2.4771325032287264,4.796732554306646,1.6639947215760225,8.000548126330804,70,0,70,2.31960005107792,0.0,Robustness,lower
ARAMIS20,AutoEncoder,SHAP,MaxSensitivity,1.8026753719927648,1.4488181145805188,0.9710227092348389,1.010633180525019,2.482673988919431,0.640994796887016,4.254777245912713,70,0,70,1.4720408083944119,0.0,Robustness,lower
ARAMIS20,AutoEncoder,SHAP,Monotonicity,1.0,1.0,0.0,1.0,1.0,1.0,1.0,70,0,70,0.0,0.0,Faithfulness,higher
ARAMIS20,AutoEncoder,SHAP,MonotonicityCorrelation,0.06926303154041069,0.0714285714285714,0.42064062383058837,-0.1785714285714286,0.3928571428571429,-0.8571428571428573,0.8928571428571429,70,0,70,0.5714285714285715,0.0,Faithfulness,higher
ARAMIS20,AutoEncoder,SHAP,MonotonicityMetric,0.014285714285714285,0.0,0.11952286093343938,0.0,0.0,0.0,1.0,70,0,70,0.0,0.0,Faithfulness,higher
ARAMIS20,AutoEncoder,SHAP,NonSensitivity,1.2571428571428571,1.0,0.9881282890029764,1.0,1.0,1.0,7.0,70,0,70,0.0,0.0,Fidelity,lower
ARAMIS20,AutoEncoder,SHAP,RelativeInputStability,18.711523950549623,2.9856210476967817,64.5952076949177,0.9685350871639236,8.540604317640064,0.0336906328726775,367.8452527953122,32,38,70,7.57206923047614,54.285714285714285,Robustness,lower
ARAMIS20,AutoEncoder,SHAP,RelativeOutputStability,67275.73280518338,1514.287320287367,276865.1052753461,426.2341519518384,6235.545557569197,36.709699176692574,1586617.2142724069,34,36,70,5809.311405617358,51.42857142857142,Robustness,lower
ARAMIS20,AutoEncoder,SHAP,SensitivityN,,,,,,,,0,70,70,,100.0,Faithfulness,higher
ARAMIS20,AutoEncoder,SHAP,Sparseness,0.4216047075478431,0.42248585155137625,0.1038697287683739,0.3567954883861939,0.48536741992484395,0.192076299988287,0.711204435657406,70,0,70,0.12857193153865004,0.0,Complexity,higher
ARAMIS20,AutoEncoder,SHAP,Sufficiency,0.826091028237966,0.9393877551020408,0.3059946941001685,0.9166666666666666,0.9626068376068375,0.0,1.0,70,0,70,0.04594017094017089,0.0,Faithfulness,higher
ARAMIS20,ECOD,LIME,AvgSensitivity,0.836414742996522,0.7553498950414763,0.38528774729251003,0.531892286967897,1.1625325558737893,0.2434954853860109,1.6448613315888516,70,0,70,0.6306402689058923,0.0,Sensitivity,lower
ARAMIS20,ECOD,LIME,Completeness,0.0,0.0,0.0,0.0,0.0,0.0,0.0,70,0,70,0.0,0.0,Fidelity,higher
ARAMIS20,ECOD,LIME,Complexity,1.9031279492598194,1.9021932129257126,0.013711785043276551,1.8944885457256762,1.9127093296496942,1.8738866291552192,1.933620282586005,70,0,70,0.018220783924018047,0.0,Complexity,lower
ARAMIS20,ECOD,LIME,Consistency,0.7907482993008641,0.9047619047475436,0.2611693282595721,0.9047619047475436,0.9047619047475436,0.0793650793638196,0.9047619047475436,70,0,70,0.0,0.0,Faithfulness,lower
ARAMIS20,ECOD,LIME,Faithfulness,-0.30678549334573574,-0.3654585001856159,0.4260571809503266,-0.6502400029595399,-0.07379259402209637,-0.9626830119665826,0.7399823445708549,70,0,70,0.5764474089374435,0.0,Faithfulness,higher
ARAMIS20,ECOD,LIME,FaithfulnessEstimate,-0.050625990981369724,-0.02837426280314835,0.48192565257730424,-0.4202756762051016,0.32554330489542493,-0.9340547287703924,0.8729914827350299,70,0,70,0.7458189811005265,0.0,Faithfulness,higher
ARAMIS20,ECOD,LIME,LocalLipschitzEstimate,12.25157761995004,12.057818119291142,4.305363908735337,8.631553051838045,15.225233939136215,5.39180224779273,24.58142806377036,70,0,70,6.59368088729817,0.0,Robustness,lower
ARAMIS20,ECOD,LIME,MaxSensitivity,1.5048456342745515,1.5004163130135857,0.32086678321941337,1.2135175043212967,1.7586415371703248,0.8475409527062052,2.099424144086696,70,0,70,0.5451240328490281,0.0,Robustness,lower
ARAMIS20,ECOD,LIME,Monotonicity,1.0,1.0,0.0,1.0,1.0,1.0,1.0,70,0,70,0.0,0.0,Faithfulness,higher
ARAMIS20,ECOD,LIME,MonotonicityCorrelation,0.295408163265306,0.33928571428571436,0.3844585719472944,0.026785714285714274,0.6071428571428572,-0.7142857142857144,0.9642857142857144,70,0,70,0.5803571428571429,0.0,Faithfulness,higher
ARAMIS20,ECOD,LIME,MonotonicityMetric,0.08571428571428572,0.0,0.2819629507400966,0.0,0.0,0.0,1.0,70,0,70,0.0,0.0,Faithfulness,higher
ARAMIS20,ECOD,LIME,NonSensitivity,0.7571428571428571,1.0,0.4319055950832105,1.0,1.0,0.0,1.0,70,0,70,0.0,0.0,Fidelity,lower
ARAMIS20,ECOD,LIME,RelativeInputStability,3.0314568863840035,3.252573971420893,2.6337970928727077,0.18079715850682399,4.85040180395338,0.0041356921590804,7.773194143822823,12,58,70,4.669604645446556,82.85714285714286,Robustness,lower
ARAMIS20,ECOD,LIME,RelativeOutputStability,860.5386478773354,122.49223095821344,1667.428880941843,6.550982420577304,746.3571396916764,4.303410428160123,5612.495085535253,13,57,70,739.8061572710991,81.42857142857143,Robustness,lower
ARAMIS20,ECOD,LIME,SensitivityN,,,,,,,,0,70,70,,100.0,Faithfulness,higher
ARAMIS20,ECOD,LIME,Sparseness,0.15849984208002943,0.16163187238625404,0.026924963630017118,0.13992123987176897,0.17737196382033402,0.0859671542451644,0.2065884912230375,70,0,70,0.03745072394856505,0.0,Complexity,higher
ARAMIS20,ECOD,LIME,Sufficiency,0.8021361504776294,0.9069767441860463,0.2961086744701482,0.8958333333333334,0.9148936170212766,0.0,1.0,70,0,70,0.019060283687943214,0.0,Faithfulness,higher
ARAMIS20,ECOD,MAPLE,AvgSensitivity,0.8995731109954278,0.7135828271345479,0.715323649980913,0.5188324002763421,0.8987731352965245,0.2461492707313347,5.293826135633526,70,0,70,0.37994073502018233,0.0,Sensitivity,lower
ARAMIS20,ECOD,MAPLE,Completeness,0.0,0.0,0.0,0.0,0.0,0.0,0.0,70,0,70,0.0,0.0,Fidelity,higher
ARAMIS20,ECOD,MAPLE,Complexity,1.2546819144604044,1.3032467963788437,0.15880925390286849,1.1759299657892035,1.3599381553296703,0.7721312518736995,1.57581865020213,70,0,70,0.18400818954046683,0.0,Complexity,lower
ARAMIS20,ECOD,MAPLE,Consistency,0.7907482993008641,0.9047619047475436,0.2611693282595721,0.9047619047475436,0.9047619047475436,0.0793650793638196,0.9047619047475436,70,0,70,0.0,0.0,Faithfulness,lower
ARAMIS20,ECOD,MAPLE,Faithfulness,0.12760827103359546,0.21417497848222788,0.5345513998606236,-0.33574111050563743,0.5748494816877867,-0.8117135341295992,0.9453563505934596,70,0,70,0.9105905921934241,0.0,Faithfulness,higher
ARAMIS20,ECOD,MAPLE,FaithfulnessEstimate,0.02986468040058084,0.06362728734560535,0.6035672519479099,-0.5357384306692776,0.5841217907323383,-0.9250972178438556,0.9170287536202204,70,0,70,1.1198602214016158,0.0,Faithfulness,higher
ARAMIS20,ECOD,MAPLE,LocalLipschitzEstimate,4.946832536690161,4.05480575173268,3.0744071722066457,2.8078002594236273,5.322504766774987,1.7975750302760996,15.526414464356645,70,0,70,2.5147045073513596,0.0,Robustness,lower
ARAMIS20,ECOD,MAPLE,MaxSensitivity,2.471809059552578,1.9944530332661932,1.8192367004910681,1.5248254043426712,2.6965361361016775,0.7732923599060754,10.221235489783489,70,0,70,1.1717107317590063,0.0,Robustness,lower
ARAMIS20,ECOD,MAPLE,Monotonicity,1.0,1.0,0.0,1.0,1.0,1.0,1.0,70,0,70,0.0,0.0,Faithfulness,higher
ARAMIS20,ECOD,MAPLE,MonotonicityCorrelation,0.21081936627076084,0.24325311492780088,0.3902678044071599,-0.0855890589560781,0.5720952888116799,-0.6666937223947136,0.9369749612033816,70,0,70,0.6576843477677581,0.0,Faithfulness,higher
ARAMIS20,ECOD,MAPLE,MonotonicityMetric,0.07142857142857142,0.0,0.2593988910521574,0.0,0.0,0.0,1.0,70,0,70,0.0,0.0,Faithfulness,higher
ARAMIS20,ECOD,MAPLE,NonSensitivity,1.6428571428571428,1.0,0.7991973198826811,1.0,2.0,1.0,3.0,70,0,70,1.0,0.0,Fidelity,lower
ARAMIS20,ECOD,MAPLE,RelativeInputStability,11.025730855744717,6.770833223786267,17.292756616162578,0.6899856669748128,12.589999609315313,0.0104308304735322,62.46559669837198,12,58,70,11.9000139423405,82.85714285714286,Robustness,lower
ARAMIS20,ECOD,MAPLE,RelativeOutputStability,8183.0328033133155,386.1035086614015,13781.92999659317,9.926019048215656,14348.674010148643,0.9010075923292808,44093.29411464937,12,58,70,14338.747991100427,82.85714285714286,Robustness,lower
ARAMIS20,ECOD,MAPLE,SensitivityN,,,,,,,,0,70,70,,100.0,Faithfulness,higher
ARAMIS20,ECOD,MAPLE,Sparseness,0.5923604512917987,0.5861938521235508,0.068136637498444,0.5509052610962395,0.6284644765027845,0.3894114656166836,0.7440937041971775,70,0,70,0.07755921540654498,0.0,Complexity,higher
ARAMIS20,ECOD,MAPLE,Sufficiency,0.0,0.0,0.0,0.0,0.0,0.0,0.0,70,0,70,0.0,0.0,Faithfulness,higher
ARAMIS20,ECOD,SHAP,AvgSensitivity,1.1817704129615954,1.0200210994600971,0.5312462084902264,0.826512521649424,1.4182289582729002,0.3938847412187904,3.2396956525423404,70,0,70,0.5917164366234762,0.0,Sensitivity,lower
ARAMIS20,ECOD,SHAP,Completeness,0.0,0.0,0.0,0.0,0.0,0.0,0.0,70,0,70,0.0,0.0,Fidelity,higher
ARAMIS20,ECOD,SHAP,Complexity,1.7054768726797558,1.7023440421839693,0.13343266434039958,1.6373504238920482,1.8175479191200625,1.2887876546828096,1.9082529487074888,70,0,70,0.18019749522801431,0.0,Complexity,lower
ARAMIS20,ECOD,SHAP,Consistency,0.7907482993008641,0.9047619047475436,0.2611693282595721,0.9047619047475436,0.9047619047475436,0.0793650793638196,0.9047619047475436,70,0,70,0.0,0.0,Faithfulness,lower
ARAMIS20,ECOD,SHAP,Faithfulness,-0.5198316500921136,-0.7104047997037924,0.5554078830148551,-0.8335191649510916,-0.5247239081836477,-0.9769641717454984,0.950756057591286,70,0,70,0.3087952567674439,0.0,Faithfulness,higher
ARAMIS20,ECOD,SHAP,FaithfulnessEstimate,-0.04462194241180122,0.011115726749005149,0.6645303619467753,-0.7612886520537583,0.6156854872152888,-0.9534588353537624,0.943092016184588,70,0,70,1.376974139269047,0.0,Faithfulness,higher
ARAMIS20,ECOD,SHAP,LocalLipschitzEstimate,7.272730479536856,7.251624934125423,1.7233618443563472,5.9040730847975995,8.413367103204248,4.112634788887428,11.47623224326786,70,0,70,2.5092940184066483,0.0,Robustness,lower
ARAMIS20,ECOD,SHAP,MaxSensitivity,2.017005328188815,1.7684308671088105,0.8773927463531155,1.4107490846119133,2.3982681592762285,0.8043159573207449,5.344890860834564,70,0,70,0.9875190746643152,0.0,Robustness,lower
ARAMIS20,ECOD,SHAP,Monotonicity,1.0,1.0,0.0,1.0,1.0,1.0,1.0,70,0,70,0.0,0.0,Faithfulness,higher
ARAMIS20,ECOD,SHAP,MonotonicityCorrelation,0.3086734693877551,0.3214285714285715,0.3688072272371873,0.0714285714285714,0.5714285714285715,-0.7500000000000002,0.9642857142857144,70,0,70,0.5000000000000001,0.0,Faithfulness,higher
ARAMIS20,ECOD,SHAP,MonotonicityMetric,0.1,0.0,0.3021660931112009,0.0,0.0,0.0,1.0,70,0,70,0.0,0.0,Faithfulness,higher
ARAMIS20,ECOD,SHAP,NonSensitivity,0.7571428571428571,1.0,0.4319055950832105,1.0,1.0,0.0,1.0,70,0,70,0.0,0.0,Fidelity,lower
ARAMIS20,ECOD,SHAP,RelativeInputStability,7.167963589594521,4.4410488325048805,8.181769158421245,0.1610568883804803,10.160218474884251,0.113505424092128,26.439475854546806,13,57,70,9.99916158650377,81.42857142857143,Robustness,lower
ARAMIS20,ECOD,SHAP,RelativeOutputStability,3083.9411968231734,105.24005814457855,6989.381090101897,31.136435685214305,1671.521113215358,4.731930344962446,25209.24468638523,13,57,70,1640.3846775301436,81.42857142857143,Robustness,lower
ARAMIS20,ECOD,SHAP,SensitivityN,,,,,,,,0,70,70,,100.0,Faithfulness,higher
ARAMIS20,ECOD,SHAP,Sparseness,0.3510303876449419,0.3686231082310695,0.1040510685368087,0.26682434337876004,0.414661337497387,0.1554768527958583,0.605891259980439,70,0,70,0.14783699411862694,0.0,Complexity,higher
ARAMIS20,ECOD,SHAP,Sufficiency,0.8261290926721521,0.9439203354297694,0.3171775790519273,0.9153368794326241,0.9790558510638298,0.0,1.0,70,0,70,0.06371897163120566,0.0,Faithfulness,higher
ARAMIS20,HBOS,LIME,AvgSensitivity,0.6676700234893208,0.5406014913402684,0.47235085938612525,0.29964713282220834,0.9903850298461496,0.0957026960939979,1.8131240276159444,70,0,70,0.6907378970239413,0.0,Sensitivity,lower
ARAMIS20,HBOS,LIME,Completeness,0.0,0.0,0.0,0.0,0.0,0.0,0.0,70,0,70,0.0,0.0,Fidelity,higher
ARAMIS20,HBOS,LIME,Complexity,1.6190370099404108,1.6289380459927085,0.08411233215255892,1.5692124959146336,1.6815087966357747,1.4043752924505448,1.757589950408981,70,0,70,0.11229630072114105,0.0,Complexity,lower
ARAMIS20,HBOS,LIME,Consistency,0.48417233558690875,0.4920634920556815,0.02595849389801443,0.4920634920556815,0.4920634920556815,0.39999999992,0.4920634920556815,70,0,70,0.0,0.0,Faithfulness,lower
ARAMIS20,HBOS,LIME,Faithfulness,-0.03438849267504116,0.0472505310245981,0.5858081935499736,-0.6508839449085877,0.5006328249415812,-0.8996075978717003,0.8567058875193109,70,0,70,1.151516769850169,0.0,Faithfulness,higher
ARAMIS20,HBOS,LIME,FaithfulnessEstimate,-0.06469235579989911,-0.10366257615205855,0.5004710755421523,-0.46255058402332666,0.3822075471060613,-0.8310123960808175,0.8529302350656116,70,0,70,0.8447581311293879,0.0,Faithfulness,higher
ARAMIS20,HBOS,LIME,LocalLipschitzEstimate,8.996424347965672,9.317101073256918,4.0386587763654305,5.623934588006925,12.187419797167719,1.652432489856055,18.75169725900515,70,0,70,6.563485209160794,0.0,Robustness,lower
ARAMIS20,HBOS,LIME,MaxSensitivity,1.3778215332200494,1.252957553095838,0.6179638622429117,1.0501621878373206,1.911517322636128,0.2095963947857095,2.524023260515415,70,0,70,0.8613551347988073,0.0,Robustness,lower
ARAMIS20,HBOS,LIME,Monotonicity,1.0,1.0,0.0,1.0,1.0,1.0,1.0,70,0,70,0.0,0.0,Faithfulness,higher
ARAMIS20,HBOS,LIME,MonotonicityCorrelation,0.27388262799867374,0.23214285714285715,0.3755158780626646,0.0,0.5714285714285715,-0.4865062298556019,0.9285714285714288,70,0,70,0.5714285714285715,0.0,Faithfulness,higher
ARAMIS20,HBOS,LIME,MonotonicityMetric,0.11428571428571428,0.0,0.3204551628343091,0.0,0.0,0.0,1.0,70,0,70,0.0,0.0,Faithfulness,higher
ARAMIS20,HBOS,LIME,NonSensitivity,1.1285714285714286,1.0,0.3371418043988197,1.0,1.0,1.0,2.0,70,0,70,0.0,0.0,Fidelity,lower
ARAMIS20,HBOS,LIME,RelativeInputStability,3.4853552757527444,2.421267316935557,4.078796196256001,0.31985991873334685,4.692567179413454,0.0127683611673937,16.26493581789794,28,42,70,4.372707260680107,60.0,Robustness,lower
ARAMIS20,HBOS,LIME,RelativeOutputStability,918.2308357292419,315.1196110650078,1267.9701029684106,42.432649239065384,1194.7087016546234,7.176377807754389,4570.835190202908,30,40,70,1152.276052415558,57.14285714285714,Robustness,lower
ARAMIS20,HBOS,LIME,SensitivityN,,,,,,,,0,70,70,,100.0,Faithfulness,higher
ARAMIS20,HBOS,LIME,Sparseness,0.42605309982397244,0.4214059530085982,0.050441664716470845,0.3853368593824454,0.4581426234032141,0.3218555057705482,0.5384075677065392,70,0,70,0.07280576402076872,0.0,Complexity,higher
ARAMIS20,HBOS,LIME,Sufficiency,0.6045402472381097,0.6505813953488373,0.22286770861484584,0.520952380952381,0.7202380952380952,0.0,1.0,70,0,70,0.1992857142857143,0.0,Faithfulness,higher
ARAMIS20,HBOS,MAPLE,AvgSensitivity,0.7597547804483855,0.5958905261475196,0.3941103429059472,0.5009214789499691,0.9638723878825097,0.2118384457373202,1.868878893414028,70,0,70,0.46295090893254065,0.0,Sensitivity,lower
ARAMIS20,HBOS,MAPLE,Completeness,0.0,0.0,0.0,0.0,0.0,0.0,0.0,70,0,70,0.0,0.0,Fidelity,higher
ARAMIS20,HBOS,MAPLE,Complexity,1.4111318195418041,1.4287137301356416,0.1641210987090128,1.3238255796911074,1.5272050205198537,1.037681775555646,1.685941592329313,70,0,70,0.20337944082874637,0.0,Complexity,lower
ARAMIS20,HBOS,MAPLE,Consistency,0.48417233558690875,0.4920634920556815,0.02595849389801443,0.4920634920556815,0.4920634920556815,0.39999999992,0.4920634920556815,70,0,70,0.0,0.0,Faithfulness,lower
ARAMIS20,HBOS,MAPLE,Faithfulness,0.13487777864799652,0.20152358180392066,0.41746591228338353,-0.13918817641150286,0.4452625376148329,-0.81261832924189,0.8004133606202255,70,0,70,0.5844507140263357,0.0,Faithfulness,higher
ARAMIS20,HBOS,MAPLE,FaithfulnessEstimate,-0.001185717012025491,-0.0658957169332363,0.3674723785651018,-0.26803815830196953,0.21224379934047405,-0.7081702119000061,0.8664256964226181,70,0,70,0.4802819576424436,0.0,Faithfulness,higher
ARAMIS20,HBOS,MAPLE,LocalLipschitzEstimate,5.134678837444031,4.502328964593685,3.3727097315339174,2.48222648481737,5.932002733940584,1.4369120318033612,17.14871096325208,70,0,70,3.4497762491232136,0.0,Robustness,lower
ARAMIS20,HBOS,MAPLE,MaxSensitivity,1.7301474641060148,1.672077931922753,0.6994153834870025,1.2746966150041539,1.9061957139178745,0.559603656462587,4.298175982127502,70,0,70,0.6314990989137206,0.0,Robustness,lower
ARAMIS20,HBOS,MAPLE,Monotonicity,1.0,1.0,0.0,1.0,1.0,1.0,1.0,70,0,70,0.0,0.0,Faithfulness,higher
ARAMIS20,HBOS,MAPLE,MonotonicityCorrelation,0.16378012752970356,0.25,0.41272895963434014,-0.026785714285714274,0.4285714285714286,-0.9285714285714288,0.9642857142857144,70,0,70,0.4553571428571429,0.0,Faithfulness,higher
ARAMIS20,HBOS,MAPLE,MonotonicityMetric,0.02857142857142857,0.0,0.16780151935092938,0.0,0.0,0.0,1.0,70,0,70,0.0,0.0,Faithfulness,higher
ARAMIS20,HBOS,MAPLE,NonSensitivity,1.1285714285714286,1.0,0.3371418043988197,1.0,1.0,1.0,2.0,70,0,70,0.0,0.0,Fidelity,lower
ARAMIS20,HBOS,MAPLE,RelativeInputStability,18.350542658984363,2.705409811922297,40.35567015272344,0.5293258599289693,10.063570769424475,0.0082230757823847,171.89361368442235,30,40,70,9.534244909495506,57.14285714285714,Robustness,lower
ARAMIS20,HBOS,MAPLE,RelativeOutputStability,5813.151332090283,272.0843542448517,12090.530210640763,57.68242163099777,2044.2128183093,3.1980611352951915,45573.08527330209,29,41,70,1986.5303966783022,58.57142857142858,Robustness,lower
ARAMIS20,HBOS,MAPLE,SensitivityN,,,,,,,,0,70,70,,100.0,Faithfulness,higher
ARAMIS20,HBOS,MAPLE,Sparseness,0.5311012611788837,0.5353244978328975,0.07639301903185641,0.49172156844889,0.5763563188304734,0.3521567108992568,0.6812140746109476,70,0,70,0.08463475038158347,0.0,Complexity,higher
ARAMIS20,HBOS,MAPLE,Sufficiency,0.47910883630490375,0.5081967213114754,0.16252421041762422,0.4666666666666667,0.5254237288135594,0.0,1.0,70,0,70,0.05875706214689269,0.0,Faithfulness,higher
ARAMIS20,HBOS,SHAP,AvgSensitivity,1.0683139908105737,0.7813898634576522,0.7351058066018151,0.5222087862111002,1.2846578786590777,0.282126733313153,3.1651345255867254,70,0,70,0.7624490924479774,0.0,Sensitivity,lower
ARAMIS20,HBOS,SHAP,Completeness,0.0,0.0,0.0,0.0,0.0,0.0,0.0,70,0,70,0.0,0.0,Fidelity,higher
ARAMIS20,HBOS,SHAP,Complexity,1.563391209726777,1.57827620588276,0.13056123505148123,1.4974577933840296,1.6490574191598864,1.1491785417615603,1.7961170033816043,70,0,70,0.15159962577585673,0.0,Complexity,lower
ARAMIS20,HBOS,SHAP,Consistency,0.48417233558690875,0.4920634920556815,0.02595849389801443,0.4920634920556815,0.4920634920556815,0.39999999992,0.4920634920556815,70,0,70,0.0,0.0,Faithfulness,lower
ARAMIS20,HBOS,SHAP,Faithfulness,0.022246642323706014,-0.18012887824314577,0.6667401785483071,-0.6158261079621843,0.7271362136353201,-0.8860063146908979,0.8495632878627463,70,0,70,1.3429623215975044,0.0,Faithfulness,higher
ARAMIS20,HBOS,SHAP,FaithfulnessEstimate,-0.0005744908201644559,0.1266808901937679,0.5542379517002538,-0.540414999190531,0.4911743242991662,-0.83849486866323,0.7915284181743689,70,0,70,1.0315893234896971,0.0,Faithfulness,higher
ARAMIS20,HBOS,SHAP,LocalLipschitzEstimate,4.9378442354981145,4.981865108206274,1.3753997360189532,3.7361526419623083,5.857277753162053,2.9239266565572386,8.712625553836352,70,0,70,2.1211251111997442,0.0,Robustness,lower
ARAMIS20,HBOS,SHAP,MaxSensitivity,1.8700847428908633,1.4747313300558287,1.1989276327249563,0.8871066078009131,2.3590206422165356,0.5261085604103074,5.030378134309561,70,0,70,1.4719140344156225,0.0,Robustness,lower
ARAMIS20,HBOS,SHAP,Monotonicity,1.0,1.0,0.0,1.0,1.0,1.0,1.0,70,0,70,0.0,0.0,Faithfulness,higher
ARAMIS20,HBOS,SHAP,MonotonicityCorrelation,0.2974074236612392,0.3571428571428572,0.41935353663706065,-0.06249999999999997,0.642857142857143,-1.0,0.9285714285714288,70,0,70,0.705357142857143,0.0,Faithfulness,higher
ARAMIS20,HBOS,SHAP,MonotonicityMetric,0.08571428571428572,0.0,0.28196295074009653,0.0,0.0,0.0,1.0,70,0,70,0.0,0.0,Faithfulness,higher
ARAMIS20,HBOS,SHAP,NonSensitivity,1.1285714285714286,1.0,0.3371418043988197,1.0,1.0,1.0,2.0,70,0,70,0.0,0.0,Fidelity,lower
ARAMIS20,HBOS,SHAP,RelativeInputStability,10.517538768206332,2.8673881350457484,15.191121706039139,0.70017958105948,11.24233966968506,0.0555891143597992,51.6903024329069,29,41,70,10.54216008862558,58.57142857142858,Robustness,lower
ARAMIS20,HBOS,SHAP,RelativeOutputStability,2849.869992386216,280.50753971468066,5424.710366675766,40.93522651002539,3420.073824991675,9.840294751914708,22256.655465191787,31,39,70,3379.1385984816493,55.714285714285715,Robustness,lower
ARAMIS20,HBOS,SHAP,SensitivityN,,,,,,,,0,70,70,,100.0,Faithfulness,higher
ARAMIS20,HBOS,SHAP,Sparseness,0.4525800951964783,0.45191507435542755,0.07496222806170019,0.4076739686129532,0.49848606973418796,0.2759344921413608,0.6447132219903425,70,0,70,0.09081210112123478,0.0,Complexity,higher
ARAMIS20,HBOS,SHAP,Sufficiency,0.5849904932767354,0.54,0.16199368571435066,0.5094339622641509,0.5947676943117672,0.0,1.0,70,0,70,0.0853337320476163,0.0,Faithfulness,higher
ARAMIS20,IForest,LIME,AvgSensitivity,0.7623368914135942,0.6401215201767109,0.4271775094947543,0.39698549866556565,0.9999741239565454,0.2379768645470651,1.8944165652087088,70,0,70,0.6029886252909797,0.0,Sensitivity,lower
ARAMIS20,IForest,LIME,Completeness,0.0,0.0,0.0,0.0,0.0,0.0,0.0,70,0,70,0.0,0.0,Fidelity,higher
ARAMIS20,IForest,LIME,Complexity,1.7482048529255776,1.7465815143670576,0.08593045734132772,1.6924817929732996,1.8163767716779793,1.5255157489946285,1.9033552053438867,70,0,70,0.12389497870467969,0.0,Complexity,lower
ARAMIS20,IForest,LIME,Consistency,0.8421768707191496,0.9047619047475436,0.23676317375199296,0.9047619047475436,0.9047619047475436,0.0793650793638196,0.9999999998,70,0,70,0.0,0.0,Faithfulness,lower
ARAMIS20,IForest,LIME,Faithfulness,0.13157592005453103,0.16154485326136436,0.40908763587601893,-0.16796730562222242,0.4649850849500236,-0.8433795576417609,0.7633595227804881,70,0,70,0.6329523905722461,0.0,Faithfulness,higher
ARAMIS20,IForest,LIME,FaithfulnessEstimate,-0.145852180587222,-0.2269475186098574,0.4006926357441485,-0.36739887451690184,0.0601924086514833,-0.8928327160859866,0.7565350735363862,70,0,70,0.42759128316838513,0.0,Faithfulness,higher
ARAMIS20,IForest,LIME,LocalLipschitzEstimate,9.898243436333408,9.579883751618725,3.7806119024125793,6.81445296695709,12.445801486714752,4.207976526031503,18.937095254887907,70,0,70,5.631348519757662,0.0,Robustness,lower
ARAMIS20,IForest,LIME,MaxSensitivity,1.4325858935726514,1.3290202382368275,0.49953764616977653,1.017603017931327,1.74860321915888,0.6759297148061105,2.6404376824717235,70,0,70,0.7310002012275532,0.0,Robustness,lower
ARAMIS20,IForest,LIME,Monotonicity,1.0,1.0,0.0,1.0,1.0,1.0,1.0,70,0,70,0.0,0.0,Faithfulness,higher
ARAMIS20,IForest,LIME,MonotonicityCorrelation,0.14234693877551025,0.2142857142857143,0.3983241317242637,-0.0357142857142857,0.4285714285714286,-0.8571428571428573,0.7142857142857144,70,0,70,0.4642857142857143,0.0,Faithfulness,higher
ARAMIS20,IForest,LIME,MonotonicityMetric,0.0,0.0,0.0,0.0,0.0,0.0,0.0,70,0,70,0.0,0.0,Faithfulness,higher
ARAMIS20,IForest,LIME,NonSensitivity,1.0,1.0,0.0,1.0,1.0,1.0,1.0,70,0,70,0.0,0.0,Fidelity,lower
ARAMIS20,IForest,LIME,RelativeInputStability,14.956909932190788,2.209163841665959,19.172959443771603,1.3009260358126642,29.2099293194023,0.4841494659564106,41.5803809981166,5,65,70,27.909003283589634,92.85714285714286,Robustness,lower
ARAMIS20,IForest,LIME,RelativeOutputStability,575.1943503699327,262.05205919709397,890.4192278619355,54.79012693102868,500.7345156420903,20.31152444109223,2340.7523087515538,6,64,70,445.9443887110616,91.42857142857143,Robustness,lower
ARAMIS20,IForest,LIME,SensitivityN,,,,,,,,0,70,70,,100.0,Faithfulness,higher
ARAMIS20,IForest,LIME,Sparseness,0.31787848982266265,0.3213677883749466,0.07294835985406199,0.2700528929740001,0.3676116915693988,0.1445875794441871,0.4813885265803695,70,0,70,0.09755879859539873,0.0,Complexity,higher
ARAMIS20,IForest,LIME,Sufficiency,0.8577234349354065,0.9272486772486773,0.22639245013398093,0.8624608150470219,0.9591304347826086,0.0769230769230769,1.0,70,0,70,0.09666961973558674,0.0,Faithfulness,higher
ARAMIS20,IForest,MAPLE,AvgSensitivity,0.7758527978114669,0.6534900849949696,0.3885424928934247,0.5033709521216374,0.973823402352278,0.1877479940958709,2.130829749810881,70,0,70,0.47045245023064064,0.0,Sensitivity,lower
ARAMIS20,IForest,MAPLE,Completeness,0.0,0.0,0.0,0.0,0.0,0.0,0.0,70,0,70,0.0,0.0,Fidelity,higher
ARAMIS20,IForest,MAPLE,Complexity,1.3949942612308706,1.3891381502118794,0.18439105328596644,1.2469054499544585,1.530485658166345,0.8746824353979473,1.7876608519744257,70,0,70,0.28358020821188656,0.0,Complexity,lower
ARAMIS20,IForest,MAPLE,Consistency,0.8421768707191496,0.9047619047475436,0.23676317375199296,0.9047619047475436,0.9047619047475436,0.0793650793638196,0.9999999998,70,0,70,0.0,0.0,Faithfulness,lower
ARAMIS20,IForest,MAPLE,Faithfulness,-0.09418770477451534,-0.19928195667748574,0.389383472499108,-0.38798809221854813,0.18095756887771414,-0.9062943864111002,0.9516263944202636,70,0,70,0.5689456610962622,0.0,Faithfulness,higher
ARAMIS20,IForest,MAPLE,FaithfulnessEstimate,-0.13015805912961037,-0.14787412597409866,0.4037335853333512,-0.3623896377788235,0.07117588084691995,-0.9443140612000984,0.90690121155644,70,0,70,0.43356551862574344,0.0,Faithfulness,higher
ARAMIS20,IForest,MAPLE,LocalLipschitzEstimate,4.54627390038502,3.689890523775519,2.8616367614683016,2.587943417249656,5.421211501826033,1.546393164665097,13.12190469264509,70,0,70,2.833268084576377,0.0,Robustness,lower
ARAMIS20,IForest,MAPLE,MaxSensitivity,1.757044129904843,1.6003845336158449,0.7246231229221896,1.3497359360862151,2.128555958809444,0.4749466087615868,4.020792123883769,70,0,70,0.7788200227232287,0.0,Robustness,lower
ARAMIS20,IForest,MAPLE,Monotonicity,1.0,1.0,0.0,1.0,1.0,1.0,1.0,70,0,70,0.0,0.0,Faithfulness,higher
ARAMIS20,IForest,MAPLE,MonotonicityCorrelation,0.2535714285714286,0.3035714285714286,0.36700412666005167,0.0357142857142857,0.5357142857142858,-0.8571428571428573,0.9285714285714288,70,0,70,0.5000000000000001,0.0,Faithfulness,higher
ARAMIS20,IForest,MAPLE,MonotonicityMetric,0.02857142857142857,0.0,0.1678015193509294,0.0,0.0,0.0,1.0,70,0,70,0.0,0.0,Faithfulness,higher
ARAMIS20,IForest,MAPLE,NonSensitivity,1.0,1.0,0.0,1.0,1.0,1.0,1.0,70,0,70,0.0,0.0,Fidelity,lower
ARAMIS20,IForest,MAPLE,RelativeInputStability,5.173760317921759,0.9463022778085628,9.995305231845709,0.3607754971703518,1.4138790619820625,0.1168846584196848,23.03096009422813,5,65,70,1.0531035648117106,92.85714285714286,Robustness,lower
ARAMIS20,IForest,MAPLE,RelativeOutputStability,37.218891376990065,12.52258897425532,42.93469187807964,3.6744897140310657,74.17960300398808,2.881651196689477,92.83612399598638,5,65,70,70.50511328995701,92.85714285714286,Robustness,lower
ARAMIS20,IForest,MAPLE,SensitivityN,,,,,,,,0,70,70,,100.0,Faithfulness,higher
ARAMIS20,IForest,MAPLE,Sparseness,0.5283252435229717,0.5261729329843792,0.08745033090563,0.4679962241916225,0.5959666181182787,0.2826861737648488,0.7115219775118761,70,0,70,0.12797039392665616,0.0,Complexity,higher
ARAMIS20,IForest,MAPLE,Sufficiency,0.828503557336346,0.9,0.2563396104223359,0.9,0.9012295081967214,0.0,1.0,70,0,70,0.0012295081967214072,0.0,Faithfulness,higher
ARAMIS20,IForest,SHAP,AvgSensitivity,1.638351208651514,1.1130652156915377,1.22660966926959,0.9679281874185626,1.7315085867929607,0.4839486139238378,6.621990377660782,70,0,70,0.7635803993743981,0.0,Sensitivity,lower
ARAMIS20,IForest,SHAP,Completeness,0.0,0.0,0.0,0.0,0.0,0.0,0.0,70,0,70,0.0,0.0,Fidelity,higher
ARAMIS20,IForest,SHAP,Complexity,1.6482383028085503,1.660568797805212,0.15088096394788064,1.5462799979646307,1.7500820456555355,1.2141737549989184,1.9139367357391648,70,0,70,0.20380204769090482,0.0,Complexity,lower
ARAMIS20,IForest,SHAP,Consistency,0.8421768707191496,0.9047619047475436,0.23676317375199296,0.9047619047475436,0.9047619047475436,0.0793650793638196,0.9999999998,70,0,70,0.0,0.0,Faithfulness,lower
ARAMIS20,IForest,SHAP,Faithfulness,-0.023916700569725155,-0.0423516037695923,0.4061979645178583,-0.2783669107311041,0.2000823833139671,-0.8714482528147935,0.9360573055899828,70,0,70,0.4784492940450712,0.0,Faithfulness,higher
ARAMIS20,IForest,SHAP,FaithfulnessEstimate,-0.029104107979502747,-0.0897004259188702,0.37740519953738344,-0.28097321041778067,0.2599472757316443,-0.8054657830763985,0.8474400807618828,70,0,70,0.540920486149425,0.0,Faithfulness,higher
ARAMIS20,IForest,SHAP,LocalLipschitzEstimate,3.6726748501672066,3.4884769894575474,1.0658490454392762,2.8343985715037303,4.446528846991634,2.0220563457438594,7.132257240724719,70,0,70,1.6121302754879037,0.0,Robustness,lower
ARAMIS20,IForest,SHAP,MaxSensitivity,2.631113976810788,1.8621409568501348,1.8376158625250005,1.5593050914849895,2.7318042379506418,0.9033627175903371,10.94916909612998,70,0,70,1.1724991464656522,0.0,Robustness,lower
ARAMIS20,IForest,SHAP,Monotonicity,1.0,1.0,0.0,1.0,1.0,1.0,1.0,70,0,70,0.0,0.0,Faithfulness,higher
ARAMIS20,IForest,SHAP,MonotonicityCorrelation,-0.04234693877551019,0.0,0.39062952367769815,-0.3214285714285715,0.26785714285714285,-0.7857142857142859,0.7500000000000002,70,0,70,0.5892857142857144,0.0,Faithfulness,higher
ARAMIS20,IForest,SHAP,MonotonicityMetric,0.02857142857142857,0.0,0.16780151935092938,0.0,0.0,0.0,1.0,70,0,70,0.0,0.0,Faithfulness,higher
ARAMIS20,IForest,SHAP,NonSensitivity,1.0,1.0,0.0,1.0,1.0,1.0,1.0,70,0,70,0.0,0.0,Fidelity,lower
ARAMIS20,IForest,SHAP,RelativeInputStability,7.2226496686894714,4.492954896415085,8.379444746173561,1.3036252197031781,8.976440842887694,0.957180880035169,22.681355853427057,6,64,70,7.6728156231845155,91.42857142857143,Robustness,lower
ARAMIS20,IForest,SHAP,RelativeOutputStability,65.70897368741953,44.18513451587485,66.77645546059422,25.45750903205678,59.49512049412483,17.840711884373064,181.56639251066812,5,65,70,34.03761146206806,92.85714285714286,Robustness,lower
ARAMIS20,IForest,SHAP,SensitivityN,,,,,,,,0,70,70,,100.0,Faithfulness,higher
ARAMIS20,IForest,SHAP,Sparseness,0.3907609316379634,0.39426889024405165,0.10767286867439138,0.30516326308801084,0.46842184073346305,0.1307478992506948,0.6174634563150156,70,0,70,0.1632585776454522,0.0,Complexity,higher
ARAMIS20,IForest,SHAP,Sufficiency,0.8425202923696723,0.9482758620689656,0.291151060149763,0.9298245614035088,0.9647556390977444,0.0,1.0,70,0,70,0.034931077694235646,0.0,Faithfulness,higher
ARAMIS20,MCD,LIME,AvgSensitivity,0.8798414470786109,0.6834918934715688,0.6043690582691865,0.3664541862752624,1.4104439654686667,0.1208646286545963,2.067422175513818,70,0,70,1.0439897791934043,0.0,Sensitivity,lower
ARAMIS20,MCD,LIME,Completeness,0.0,0.0,0.0,0.0,0.0,0.0,0.0,70,0,70,0.0,0.0,Fidelity,higher
ARAMIS20,MCD,LIME,Complexity,1.5362448742934138,1.550319701892144,0.143298722099907,1.4273264626169317,1.6274373101633521,1.171327985947007,1.837879431134147,70,0,70,0.2001108475464204,0.0,Complexity,lower
ARAMIS20,MCD,LIME,Consistency,0.8421768707191496,0.9047619047475436,0.236763173751993,0.9047619047475436,0.9047619047475436,0.0793650793638196,0.9999999998,70,0,70,0.0,0.0,Faithfulness,lower
ARAMIS20,MCD,LIME,Faithfulness,-0.33781196433198135,-0.434519475102066,0.5094766834308098,-0.7207255553233534,-0.12958057101081233,-0.958142324045858,0.925861843714426,70,0,70,0.591144984312541,0.0,Faithfulness,higher
ARAMIS20,MCD,LIME,FaithfulnessEstimate,-0.08527571479699969,-0.3678436221406624,0.5733146014823723,-0.5345794364032052,0.38274452099711165,-0.8149162994064044,0.9740711271145148,70,0,70,0.9173239574003168,0.0,Faithfulness,higher
ARAMIS20,MCD,LIME,LocalLipschitzEstimate,8.016690590732942,7.957597774798579,3.3016774850087462,5.09034906311296,9.8064400241979,2.899604387531756,18.239311926915068,70,0,70,4.716090961084941,0.0,Robustness,lower
ARAMIS20,MCD,LIME,MaxSensitivity,1.8428870278644756,1.4654497959749082,0.9644642421587936,1.0090722877279075,2.7731717908146556,0.336591243884108,3.842055291639229,70,0,70,1.7640995030867481,0.0,Robustness,lower
ARAMIS20,MCD,LIME,Monotonicity,1.0,1.0,0.0,1.0,1.0,1.0,1.0,70,0,70,0.0,0.0,Faithfulness,higher
ARAMIS20,MCD,LIME,MonotonicityCorrelation,0.331122448979592,0.33928571428571436,0.3854190184059651,0.0714285714285714,0.7142857142857144,-0.3928571428571429,0.9642857142857144,70,0,70,0.642857142857143,0.0,Faithfulness,higher
ARAMIS20,MCD,LIME,MonotonicityMetric,0.05714285714285714,0.0,0.23379132809659062,0.0,0.0,0.0,1.0,70,0,70,0.0,0.0,Faithfulness,higher
ARAMIS20,MCD,LIME,NonSensitivity,1.0285714285714285,1.0,0.1678015193509294,1.0,1.0,1.0,2.0,70,0,70,0.0,0.0,Fidelity,lower
ARAMIS20,MCD,LIME,RelativeInputStability,28.66552170593053,4.683625459967659,134.6480094723493,0.7144028455877678,10.406807696299419,0.0057653226531219,1049.5656316034758,63,7,70,9.69240485071165,10.0,Robustness,lower
ARAMIS20,MCD,LIME,RelativeOutputStability,166712.25794421672,11037.646483514716,899118.882726479,2475.2365117712643,28437.67674954042,117.3574996221229,7071965.498302886,63,7,70,25962.440237769155,10.0,Robustness,lower
ARAMIS20,MCD,LIME,SensitivityN,,,,,,,,0,70,70,,100.0,Faithfulness,higher
ARAMIS20,MCD,LIME,Sparseness,0.46927993817766295,0.47270483867524327,0.08616766617153927,0.4201589658828257,0.5339283036024163,0.2410844181600684,0.6456959101351843,70,0,70,0.11376933771959058,0.0,Complexity,higher
ARAMIS20,MCD,LIME,Sufficiency,0.8663589004255411,0.975609756097561,0.27547464808300015,0.9225581395348837,1.0,0.0,1.0,70,0,70,0.07744186046511625,0.0,Faithfulness,higher
ARAMIS20,MCD,MAPLE,AvgSensitivity,3.157001194005074,0.48784545973093185,6.962310353725652,0.192095053924129,1.8241456069596804,0.0727318428870669,40.06988973304976,70,0,70,1.6320505530355514,0.0,Sensitivity,lower
ARAMIS20,MCD,MAPLE,Completeness,0.0,0.0,0.0,0.0,0.0,0.0,0.0,70,0,70,0.0,0.0,Fidelity,higher
ARAMIS20,MCD,MAPLE,Complexity,1.4414616534594542,1.418923599349402,0.11616779116062549,1.3656968834293388,1.4818395747108712,1.2458717115519262,1.7809898478549768,70,0,70,0.11614269128153243,0.0,Complexity,lower
ARAMIS20,MCD,MAPLE,Consistency,0.8421768707191496,0.9047619047475436,0.236763173751993,0.9047619047475436,0.9047619047475436,0.0793650793638196,0.9999999998,70,0,70,0.0,0.0,Faithfulness,lower
ARAMIS20,MCD,MAPLE,Faithfulness,-0.0248858339593518,-0.039124479214119656,0.6153943090832896,-0.573570684234217,0.538418552835469,-0.8975446774480589,0.9757768737847792,70,0,70,1.111989237069686,0.0,Faithfulness,higher
ARAMIS20,MCD,MAPLE,FaithfulnessEstimate,0.04618442113196275,0.1140691502874632,0.6142422460965504,-0.5417182182561642,0.6712387740945004,-0.9099896805678458,0.9739837667860504,70,0,70,1.2129569923506645,0.0,Faithfulness,higher
ARAMIS20,MCD,MAPLE,LocalLipschitzEstimate,3.7213989553852946,3.141188151549322,2.066284253549904,2.3080656282829293,4.692234147321877,1.052043069746769,11.155671313523568,70,0,70,2.384168519038948,0.0,Robustness,lower
ARAMIS20,MCD,MAPLE,MaxSensitivity,7.564896583423006,1.1071879480509002,16.95807191640735,0.5215684975468043,4.49321079309318,0.2298912239584926,95.1587657839854,70,0,70,3.9716422955463755,0.0,Robustness,lower
ARAMIS20,MCD,MAPLE,Monotonicity,1.0,1.0,0.0,1.0,1.0,1.0,1.0,70,0,70,0.0,0.0,Faithfulness,higher
ARAMIS20,MCD,MAPLE,MonotonicityCorrelation,0.47040816326530616,0.5714285714285715,0.36467073736962846,0.2142857142857143,0.7767857142857145,-0.4642857142857144,1.0,70,0,70,0.5625000000000002,0.0,Faithfulness,higher
ARAMIS20,MCD,MAPLE,MonotonicityMetric,0.02857142857142857,0.0,0.1678015193509294,0.0,0.0,0.0,1.0,70,0,70,0.0,0.0,Faithfulness,higher
ARAMIS20,MCD,MAPLE,NonSensitivity,1.042857142857143,1.0,0.20399732064980203,1.0,1.0,1.0,2.0,70,0,70,0.0,0.0,Fidelity,lower
ARAMIS20,MCD,MAPLE,RelativeInputStability,174.8800299243331,6.82297153998093,618.4117387976773,1.287712194614962,35.11155661582225,0.0147059696951687,4130.775823669956,63,7,70,33.82384442120729,10.0,Robustness,lower
ARAMIS20,MCD,MAPLE,RelativeOutputStability,18295301.147475444,15732.742124865605,141769711.62458333,2189.9702378207903,99107.68227640176,103.31464194320804,1125648288.5109313,63,7,70,96917.71203858097,10.0,Robustness,lower
ARAMIS20,MCD,MAPLE,SensitivityN,,,,,,,,0,70,70,,100.0,Faithfulness,higher
ARAMIS20,MCD,MAPLE,Sparseness,0.5134152582047312,0.5259676604468795,0.06726557097523844,0.4917385164406553,0.5544604774838473,0.2478690168631877,0.606639280365465,70,0,70,0.062721961043192,0.0,Complexity,higher
ARAMIS20,MCD,MAPLE,Sufficiency,0.8872196135457673,0.95,0.2209506288623002,0.9069602272727273,1.0,0.1,1.0,70,0,70,0.09303977272727271,0.0,Faithfulness,higher
ARAMIS20,MCD,SHAP,AvgSensitivity,1.7723571810182164,1.8186180381414179,1.0581599153336898,0.819023340941037,2.470179220785933,0.2901372991978736,4.479500203381568,70,0,70,1.651155879844896,0.0,Sensitivity,lower
ARAMIS20,MCD,SHAP,Completeness,0.0,0.0,0.0,0.0,0.0,0.0,0.0,70,0,70,0.0,0.0,Fidelity,higher
ARAMIS20,MCD,SHAP,Complexity,1.5514717264666567,1.5771768742159273,0.1624025093514182,1.4612011055399137,1.65640621831153,1.114115295567604,1.8755142125245583,70,0,70,0.19520511277161634,0.0,Complexity,lower
ARAMIS20,MCD,SHAP,Consistency,0.8421768707191496,0.9047619047475436,0.236763173751993,0.9047619047475436,0.9047619047475436,0.0793650793638196,0.9999999998,70,0,70,0.0,0.0,Faithfulness,lower
ARAMIS20,MCD,SHAP,Faithfulness,-0.6327807771666332,-0.8567072829971594,0.5470558084037015,-0.9500756143006261,-0.6163774304688299,-0.9882872414725572,0.9761954456276188,70,0,70,0.3336981838317963,0.0,Faithfulness,higher
ARAMIS20,MCD,SHAP,FaithfulnessEstimate,-0.032118150331250775,0.05032727756548745,0.7560062449388929,-0.8075825777540229,0.7548525126943827,-0.957782789102463,0.9864456493287784,70,0,70,1.5624350904484055,0.0,Faithfulness,higher
ARAMIS20,MCD,SHAP,LocalLipschitzEstimate,1.626275963794074,0.9170539736369494,1.9463277752729609,0.5827745611444543,1.7403179342034858,0.3872732884518877,11.274873101915416,70,0,70,1.1575433730590317,0.0,Robustness,lower
ARAMIS20,MCD,SHAP,MaxSensitivity,5.224025081920838,5.561864050660553,3.2883644823467586,2.0329123862058665,7.659958845619755,0.5037703449190442,12.850253099557994,70,0,70,5.627046459413888,0.0,Robustness,lower
ARAMIS20,MCD,SHAP,Monotonicity,1.0,1.0,0.0,1.0,1.0,1.0,1.0,70,0,70,0.0,0.0,Faithfulness,higher
ARAMIS20,MCD,SHAP,MonotonicityCorrelation,0.6188775510204083,0.6785714285714287,0.2808015413788992,0.5089285714285714,0.8571428571428573,-0.0357142857142857,0.9642857142857144,70,0,70,0.3482142857142859,0.0,Faithfulness,higher
ARAMIS20,MCD,SHAP,MonotonicityMetric,0.07142857142857142,0.0,0.2593988910521574,0.0,0.0,0.0,1.0,70,0,70,0.0,0.0,Faithfulness,higher
ARAMIS20,MCD,SHAP,NonSensitivity,1.042857142857143,1.0,0.20399732064980203,1.0,1.0,1.0,2.0,70,0,70,0.0,0.0,Fidelity,lower
ARAMIS20,MCD,SHAP,RelativeInputStability,133.95028994570188,8.479804752370148,904.7056604163497,0.9905025863551038,18.981105865716618,0.0070357941213939,7194.907506802386,63,7,70,17.990603279361515,10.0,Robustness,lower
ARAMIS20,MCD,SHAP,RelativeOutputStability,271783.48881758604,10112.21477728881,1521082.8415995433,2604.670275225336,36857.14746813523,245.4976452774737,11908155.60726028,63,7,70,34252.47719290989,10.0,Robustness,lower
ARAMIS20,MCD,SHAP,SensitivityN,,,,,,,,0,70,70,,100.0,Faithfulness,higher
ARAMIS20,MCD,SHAP,Sparseness,0.4603069202204646,0.4545334453303292,0.09522731947560152,0.4071374069920511,0.5269350083775337,0.2006467903889622,0.6630996436338727,70,0,70,0.11979760138548262,0.0,Complexity,higher
ARAMIS20,MCD,SHAP,Sufficiency,0.9126435777695472,0.9824561403508772,0.2167747438698438,0.95,0.9827586206896552,0.0,1.0,70,0,70,0.03275862068965529,0.0,Faithfulness,higher
ARAMIS20,VAE,LIME,AvgSensitivity,0.8267220181815315,0.7525075480850338,0.44127893240816235,0.5295588496702519,1.0515470004783192,0.2266562829094354,2.076670603420925,70,0,70,0.5219881508080673,0.0,Sensitivity,lower
ARAMIS20,VAE,LIME,Completeness,0.0,0.0,0.0,0.0,0.0,0.0,0.0,70,0,70,0.0,0.0,Fidelity,higher
ARAMIS20,VAE,LIME,Complexity,1.6118835272320193,1.6448410855419537,0.14570365586542947,1.501556434082599,1.7378835729041793,1.2003928723706605,1.816683238817982,70,0,70,0.23632713882158018,0.0,Complexity,lower
ARAMIS20,VAE,LIME,Consistency,0.8662131518979063,0.9206349206203074,0.22534808047006502,0.9206349206203074,0.9206349206203074,0.0634920634910556,0.9999999998,70,0,70,0.0,0.0,Faithfulness,lower
ARAMIS20,VAE,LIME,Faithfulness,0.04626807051948131,0.05290198366801345,0.47470541287007767,-0.32396921206437573,0.4738487638592517,-0.8434616440820488,0.7990952731284351,70,0,70,0.7978179759236275,0.0,Faithfulness,higher
ARAMIS20,VAE,LIME,FaithfulnessEstimate,-0.05637671131146779,-0.1072977489010863,0.46129716722620623,-0.38463391124865387,0.2895536478374326,-0.837867743100199,0.9400736356817038,70,0,70,0.6741875590860864,0.0,Faithfulness,higher
ARAMIS20,VAE,LIME,LocalLipschitzEstimate,7.570482188248432,7.513402273931064,2.782861374036022,5.254085431614635,9.483053879311313,3.0401842262676166,13.655293213195275,70,0,70,4.228968447696679,0.0,Robustness,lower
ARAMIS20,VAE,LIME,MaxSensitivity,1.6464378301298972,1.3900403930838832,0.6854859020719152,1.1335465356831183,1.9759013012751652,0.8087633487534149,4.575276153818424,70,0,70,0.8423547655920469,0.0,Robustness,lower
ARAMIS20,VAE,LIME,Monotonicity,0.0,0.0,0.0,0.0,0.0,0.0,0.0,70,0,70,0.0,0.0,Faithfulness,higher
ARAMIS20,VAE,LIME,MonotonicityCorrelation,0.018367346938775522,0.0714285714285714,0.36864214303210263,-0.20535714285714288,0.25,-0.8928571428571429,0.8214285714285715,70,0,70,0.4553571428571429,0.0,Faithfulness,higher
ARAMIS20,VAE,LIME,MonotonicityMetric,0.014285714285714285,0.0,0.11952286093343935,0.0,0.0,0.0,1.0,70,0,70,0.0,0.0,Faithfulness,higher
ARAMIS20,VAE,LIME,NonSensitivity,0.2,0.0,0.40288812414826797,0.0,0.0,0.0,1.0,70,0,70,0.0,0.0,Fidelity,lower
ARAMIS20,VAE,LIME,RelativeInputStability,25.10617087808912,8.60613383875464,59.63746304734115,4.242363424069008,14.27801404992929,0.0060085895356725,305.3599237736845,33,37,70,10.035650625860281,52.85714285714286,Robustness,lower
ARAMIS20,VAE,LIME,RelativeOutputStability,10698.514019615612,355.18783424789234,38774.791318408286,91.65757080126996,5422.084565438567,19.09968974777621,214866.5180932295,31,39,70,5330.426994637297,55.714285714285715,Robustness,lower
ARAMIS20,VAE,LIME,SensitivityN,,,,,,,,0,70,70,,100.0,Faithfulness,higher
ARAMIS20,VAE,LIME,Sparseness,0.4230328494332469,0.4182307274335201,0.0918728514422832,0.33983932774747183,0.5012485459974035,0.2761483119152323,0.6271693027231734,70,0,70,0.1614092182499317,0.0,Complexity,higher
ARAMIS20,VAE,LIME,Sufficiency,0.8747378726816838,0.9473684210526316,0.2415283368209216,0.9097593582887701,0.9703654188948306,0.0,1.0,70,0,70,0.06060606060606055,0.0,Faithfulness,higher
ARAMIS20,VAE,MAPLE,AvgSensitivity,1.4657481784423239,0.9886260764503152,1.5551571463101914,0.515646953307005,1.5563025852212644,0.1827949039763161,7.247137413236598,70,0,70,1.0406556319142592,0.0,Sensitivity,lower
ARAMIS20,VAE,MAPLE,Completeness,0.0,0.0,0.0,0.0,0.0,0.0,0.0,70,0,70,0.0,0.0,Fidelity,higher
ARAMIS20,VAE,MAPLE,Complexity,1.5431304865783533,1.5215854504088602,0.1703603385874733,1.4163822435401563,1.6673514883448026,1.1909310789844176,1.8743923357384489,70,0,70,0.25096924480464633,0.0,Complexity,lower
ARAMIS20,VAE,MAPLE,Consistency,0.8662131518979063,0.9206349206203074,0.22534808047006502,0.9206349206203074,0.9206349206203074,0.0634920634910556,0.9999999998,70,0,70,0.0,0.0,Faithfulness,lower
ARAMIS20,VAE,MAPLE,Faithfulness,0.15571293314326892,0.16474117248659698,0.5164120454860447,-0.2227695938187544,0.5865936165381963,-0.843643434860466,0.9346338288735838,70,0,70,0.8093632103569507,0.0,Faithfulness,higher
ARAMIS20,VAE,MAPLE,FaithfulnessEstimate,-0.0717626435823573,-0.080416484557565,0.4877909407843948,-0.5020406763876187,0.39319410449909886,-0.8949518496604791,0.8837015573829101,70,0,70,0.8952347808867176,0.0,Faithfulness,higher
ARAMIS20,VAE,MAPLE,LocalLipschitzEstimate,4.0079539741818495,3.5430264623785366,1.5956601413013014,2.9006888838821965,4.923500547669466,1.8510621284250204,8.7565293493434,70,0,70,2.0228116637872695,0.0,Robustness,lower
ARAMIS20,VAE,MAPLE,MaxSensitivity,3.089123644012884,2.067687962942088,3.328274913836888,1.0601992401122007,3.4052644875067912,0.4705694286602493,16.215867797537598,70,0,70,2.3450652473945905,0.0,Robustness,lower
ARAMIS20,VAE,MAPLE,Monotonicity,0.0,0.0,0.0,0.0,0.0,0.0,0.0,70,0,70,0.0,0.0,Faithfulness,higher
ARAMIS20,VAE,MAPLE,MonotonicityCorrelation,0.25,0.3571428571428572,0.42091153320077324,0.04464285714285712,0.5357142857142858,-0.7500000000000002,0.9642857142857144,70,0,70,0.4910714285714287,0.0,Faithfulness,higher
ARAMIS20,VAE,MAPLE,MonotonicityMetric,0.014285714285714285,0.0,0.11952286093343938,0.0,0.0,0.0,1.0,70,0,70,0.0,0.0,Faithfulness,higher
ARAMIS20,VAE,MAPLE,NonSensitivity,0.17142857142857143,0.0,0.3796042398103419,0.0,0.0,0.0,1.0,70,0,70,0.0,0.0,Fidelity,lower
ARAMIS20,VAE,MAPLE,RelativeInputStability,132.51941842849732,20.969058883861912,364.95552077680446,1.335849647640126,72.91995744186357,0.0113622651897874,1929.71251341628,31,39,70,71.58410779422344,55.714285714285715,Robustness,lower
ARAMIS20,VAE,MAPLE,RelativeOutputStability,29154.24777296719,929.9282768108347,133477.98386981906,172.1528267738543,8381.086876574771,2.181174783594487,770078.591209343,33,37,70,8208.934049800917,52.85714285714286,Robustness,lower
ARAMIS20,VAE,MAPLE,SensitivityN,,,,,,,,0,70,70,,100.0,Faithfulness,higher
ARAMIS20,VAE,MAPLE,Sparseness,0.4578945595005689,0.48053769309412153,0.10505873377926056,0.38985614160217097,0.5384239936144359,0.2098782034171828,0.6300964709004283,70,0,70,0.14856785201226497,0.0,Complexity,higher
ARAMIS20,VAE,MAPLE,Sufficiency,0.8998816992320832,0.9666666666666668,0.23953036484983348,0.9655172413793104,0.9814814814814816,0.0,1.0,70,0,70,0.015964240102171234,0.0,Faithfulness,higher
ARAMIS20,VAE,SHAP,AvgSensitivity,2.3370382651333186,2.0730656183285188,1.6735863199459444,1.1333918922723392,2.8148541831588787,0.2231737139702911,8.398555590917727,70,0,70,1.6814622908865395,0.0,Sensitivity,lower
ARAMIS20,VAE,SHAP,Completeness,0.0,0.0,0.0,0.0,0.0,0.0,0.0,70,0,70,0.0,0.0,Fidelity,higher
ARAMIS20,VAE,SHAP,Complexity,1.5895293696817643,1.599496764664702,0.15762857851797596,1.4905969365394203,1.7148367003150955,1.0539291019697763,1.8608469322525747,70,0,70,0.22423976377567523,0.0,Complexity,lower
ARAMIS20,VAE,SHAP,Consistency,0.8662131518979063,0.9206349206203074,0.22534808047006502,0.9206349206203074,0.9206349206203074,0.0634920634910556,0.9999999998,70,0,70,0.0,0.0,Faithfulness,lower
ARAMIS20,VAE,SHAP,Faithfulness,-0.09709926380605564,-0.18606641490676834,0.48844066196319447,-0.4888390148146334,0.29031532236568675,-0.8885599177671448,0.8687067234707059,70,0,70,0.7791543371803201,0.0,Faithfulness,higher
ARAMIS20,VAE,SHAP,FaithfulnessEstimate,0.030029607768517635,0.1225304943535282,0.4628539102879015,-0.4096223204637813,0.3735731522665124,-0.7768749806076014,0.9181990659485152,70,0,70,0.7831954727302937,0.0,Faithfulness,higher
ARAMIS20,VAE,SHAP,LocalLipschitzEstimate,2.8960864946964886,2.5080528661085095,1.36414625535282,2.206266003219426,3.057899803740195,1.7272214026088686,9.855457010705576,70,0,70,0.8516338005207693,0.0,Robustness,lower
ARAMIS20,VAE,SHAP,MaxSensitivity,6.070233545355112,5.077691383647304,4.575421682325015,2.8323915972865388,7.317859055052702,0.6287427093427527,19.81692276296681,70,0,70,4.4854674577661635,0.0,Robustness,lower
ARAMIS20,VAE,SHAP,Monotonicity,0.0,0.0,0.0,0.0,0.0,0.0,0.0,70,0,70,0.0,0.0,Faithfulness,higher
ARAMIS20,VAE,SHAP,MonotonicityCorrelation,0.07040816326530615,0.05357142857142855,0.40643173834358326,-0.1785714285714286,0.3571428571428572,-1.0,0.7857142857142859,70,0,70,0.5357142857142858,0.0,Faithfulness,higher
ARAMIS20,VAE,SHAP,MonotonicityMetric,0.02857142857142857,0.0,0.1678015193509294,0.0,0.0,0.0,1.0,70,0,70,0.0,0.0,Faithfulness,higher
ARAMIS20,VAE,SHAP,NonSensitivity,0.2,0.0,0.40288812414826797,0.0,0.0,0.0,1.0,70,0,70,0.0,0.0,Fidelity,lower
ARAMIS20,VAE,SHAP,RelativeInputStability,31.868499054618482,20.53269444058442,32.36008846678145,7.594383262789342,47.0521517261589,0.0283761513871613,139.58765925431948,33,37,70,39.457768463369554,52.85714285714286,Robustness,lower
ARAMIS20,VAE,SHAP,RelativeOutputStability,5127.723850151389,477.7786225350942,9773.527521535812,224.7340914094852,4800.931652055905,17.31285962980116,41613.64246750459,33,37,70,4576.19756064642,52.85714285714286,Robustness,lower
ARAMIS20,VAE,SHAP,SensitivityN,,,,,,,,0,70,70,,100.0,Faithfulness,higher
ARAMIS20,VAE,SHAP,Sparseness,0.4332514894104057,0.4403677828163812,0.09865293201390837,0.35905288946182373,0.5064844726288114,0.2112749271782833,0.6850715371635137,70,0,70,0.14743158316698762,0.0,Complexity,higher
ARAMIS20,VAE,SHAP,Sufficiency,0.9051153238162831,1.0,0.26605695765015575,0.9822211779448622,1.0,0.0,1.0,70,0,70,0.01777882205513781,0.0,Faithfulness,higher
MetroPT3,AutoEncoder,LIME,AvgSensitivity,1.0221498552144757,1.1904218455273765,0.4461386456638976,1.0861161911590567,1.3081110304780328,0.1934103686620258,1.4761164066021777,42,0,42,0.22199483931897612,0.0,Sensitivity,lower
MetroPT3,AutoEncoder,LIME,Completeness,0.0,0.0,0.0,0.0,0.0,0.0,0.0,42,0,42,0.0,0.0,Fidelity,higher
MetroPT3,AutoEncoder,LIME,Complexity,0.986839819786138,0.9600521171278884,0.1803634827556906,0.8464145502901108,1.1500302751093865,0.693347096118657,1.2654130063049869,42,0,42,0.3036157248192757,0.0,Complexity,lower
MetroPT3,AutoEncoder,LIME,Consistency,0.8234610917336909,0.9024390243682332,0.24637706692886732,0.9024390243682332,0.9024390243682332,0.0731707317055324,0.9024390243682332,42,0,42,0.0,0.0,Faithfulness,lower
MetroPT3,AutoEncoder,LIME,Faithfulness,-0.3153695317099509,-0.21783393777130233,0.2852570031063223,-0.42787486046373246,-0.14179378464034093,-0.8745188873342109,0.2674749219695364,42,0,42,0.28608107582339154,0.0,Faithfulness,higher
MetroPT3,AutoEncoder,LIME,FaithfulnessEstimate,-0.1392041239679081,-0.0637650188787911,0.2396479718345646,-0.37159040519362596,-0.0069119026140814005,-0.6455306088477376,0.4254829701752609,42,0,42,0.36467850257954454,0.0,Faithfulness,higher
MetroPT3,AutoEncoder,LIME,LocalLipschitzEstimate,10.427928155488717,11.819730498758235,4.666752479916357,10.052051424535469,13.334944549159763,2.107881083317161,19.087912938563232,42,0,42,3.2828931246242945,0.0,Robustness,lower
MetroPT3,AutoEncoder,LIME,MaxSensitivity,1.7311920141115114,2.0732572494192127,0.6806583040049105,1.9601447080042589,2.161708854880626,0.46933181871289,2.233014393596268,42,0,42,0.20156414687636692,0.0,Robustness,lower
MetroPT3,AutoEncoder,LIME,Monotonicity,1.0,1.0,0.0,1.0,1.0,1.0,1.0,42,0,42,0.0,0.0,Faithfulness,higher
MetroPT3,AutoEncoder,LIME,MonotonicityCorrelation,0.2024798436413767,0.2126038358234456,0.1468807343872537,0.07347338443898485,0.3079629092442558,-0.2000977278338311,0.5190034815689996,42,0,42,0.23448952480527094,0.0,Faithfulness,higher
MetroPT3,AutoEncoder,LIME,MonotonicityMetric,0.023809523809523808,0.0,0.15430334996209188,0.0,0.0,0.0,1.0,42,0,42,0.0,0.0,Faithfulness,higher
MetroPT3,AutoEncoder,LIME,NonSensitivity,4.904761904761905,5.0,0.9320714881387376,5.0,5.75,3.0,6.0,42,0,42,0.75,0.0,Fidelity,lower
MetroPT3,AutoEncoder,LIME,RelativeInputStability,4.9423769715499155,5.50809075873701,1.895874518318642,4.450460764373782,6.205285970375601,0.6780757886456054,7.054117509524067,20,22,42,1.7548252060018195,52.38095238095239,Robustness,lower
MetroPT3,AutoEncoder,LIME,RelativeOutputStability,24547163.010361318,1928137.5070803463,81522471.08366457,1473439.7117513977,3135590.070564899,1136304.2544092978,364821418.7245308,20,22,42,1662150.3588135014,52.38095238095239,Robustness,lower
MetroPT3,AutoEncoder,LIME,SensitivityN,,,,,,,,0,42,42,,100.0,Faithfulness,higher
MetroPT3,AutoEncoder,LIME,Sparseness,0.7760061343443349,0.7825744193306593,0.03175082362682338,0.7420644966382238,0.7969698590883645,0.7250201140750251,0.829327298921027,42,0,42,0.05490536245014066,0.0,Complexity,higher
MetroPT3,AutoEncoder,LIME,Sufficiency,0.0,0.0,0.0,0.0,0.0,0.0,0.0,42,0,42,0.0,0.0,Faithfulness,higher
MetroPT3,AutoEncoder,MAPLE,AvgSensitivity,0.9303545406789395,1.0679665973524215,0.5603427479718129,0.35292316775088106,1.4717067949069407,0.0327538347060871,1.6515359452744949,42,0,42,1.1187836271560596,0.0,Sensitivity,lower
MetroPT3,AutoEncoder,MAPLE,Completeness,0.0,0.0,0.0,0.0,0.0,0.0,0.0,42,0,42,0.0,0.0,Fidelity,higher
MetroPT3,AutoEncoder,MAPLE,Complexity,1.9426103501379994,1.9921880321565817,0.1212082061309113,1.8852438343684867,2.0164462748452614,1.5556036081145197,2.0844891161875614,42,0,42,0.13120244047677465,0.0,Complexity,lower
MetroPT3,AutoEncoder,MAPLE,Consistency,0.8234610917336909,0.9024390243682332,0.24637706692886732,0.9024390243682332,0.9024390243682332,0.0731707317055324,0.9024390243682332,42,0,42,0.0,0.0,Faithfulness,lower
MetroPT3,AutoEncoder,MAPLE,Faithfulness,-0.020036393907282162,-0.19798015929403956,0.5117806877344754,-0.44744888982875625,0.4471911340711156,-0.5803586475257035,0.8367197576094425,42,0,42,0.8946400238998719,0.0,Faithfulness,higher
MetroPT3,AutoEncoder,MAPLE,FaithfulnessEstimate,0.21414208238336463,0.07625341352294776,0.4004092596569244,-0.0803123631913801,0.5824557955315388,-0.3512650243704386,0.8368559392458977,42,0,42,0.6627681587229189,0.0,Faithfulness,higher
MetroPT3,AutoEncoder,MAPLE,LocalLipschitzEstimate,6.107797458012842,6.817074657574935,2.232221795013542,4.118609346216555,7.7131773232552705,1.8351718982839216,9.983457394475606,42,0,42,3.5945679770387153,0.0,Robustness,lower
MetroPT3,AutoEncoder,MAPLE,MaxSensitivity,1.3711284437244422,1.549375508570928,0.6587417806068789,0.8281707006623764,1.9514787308705144,0.0619647877722219,2.3807946846029973,42,0,42,1.123308030208138,0.0,Robustness,lower
MetroPT3,AutoEncoder,MAPLE,Monotonicity,1.0,1.0,0.0,1.0,1.0,1.0,1.0,42,0,42,0.0,0.0,Faithfulness,higher
MetroPT3,AutoEncoder,MAPLE,MonotonicityCorrelation,0.36516546216827317,0.39999999999999997,0.2310183586123499,0.23939393939393933,0.5545454545454545,-0.0790277206784084,0.8424242424242423,42,0,42,0.3151515151515151,0.0,Faithfulness,higher
MetroPT3,AutoEncoder,MAPLE,MonotonicityMetric,0.0,0.0,0.0,0.0,0.0,0.0,0.0,42,0,42,0.0,0.0,Faithfulness,higher
MetroPT3,AutoEncoder,MAPLE,NonSensitivity,2.119047619047619,2.0,1.0865560035712065,1.0,3.0,0.0,4.0,42,0,42,2.0,0.0,Fidelity,lower
MetroPT3,AutoEncoder,MAPLE,RelativeInputStability,17.924364475816894,24.785147795572428,11.88601488568862,5.397726207799321,27.343821225528735,1.3789059011836865e-05,29.52490819928439,20,22,42,21.946095017729412,52.38095238095239,Robustness,lower
MetroPT3,AutoEncoder,MAPLE,RelativeOutputStability,4882909.438011742,6159299.742771005,3391480.8183560935,970697.6635996713,7136290.44586414,133.46891910008574,10855916.11583786,20,22,42,6165592.782264469,52.38095238095239,Robustness,lower
MetroPT3,AutoEncoder,MAPLE,SensitivityN,,,,,,,,0,42,42,,100.0,Faithfulness,higher
MetroPT3,AutoEncoder,MAPLE,Sparseness,0.44381897279562854,0.42404210599713,0.06550225282922569,0.4032183155996286,0.4840098521275118,0.3453399551561026,0.616207717598932,42,0,42,0.08079153652788318,0.0,Complexity,higher
MetroPT3,AutoEncoder,MAPLE,Sufficiency,0.8303731934960669,0.9073684210526316,0.24471938349100975,0.8278985507246377,1.0,0.125,1.0,42,0,42,0.1721014492753623,0.0,Faithfulness,higher
MetroPT3,AutoEncoder,SHAP,AvgSensitivity,1.1222299736867107,0.3624479031531299,1.1469256859263026,0.22434321581503994,2.49790721965523,0.1941330800792641,3.2399273114314844,42,0,42,2.2735640038401903,0.0,Sensitivity,lower
MetroPT3,AutoEncoder,SHAP,Completeness,0.0,0.0,0.0,0.0,0.0,0.0,0.0,42,0,42,0.0,0.0,Fidelity,higher
MetroPT3,AutoEncoder,SHAP,Complexity,1.2971157908980302,1.4018757345902992,0.5536043674768483,0.608477158955471,1.8356074491179313,0.4559649041720763,1.98985979672094,42,0,42,1.2271302901624601,0.0,Complexity,lower
MetroPT3,AutoEncoder,SHAP,Consistency,0.8234610917336909,0.9024390243682332,0.24637706692886732,0.9024390243682332,0.9024390243682332,0.0731707317055324,0.9024390243682332,42,0,42,0.0,0.0,Faithfulness,lower
MetroPT3,AutoEncoder,SHAP,Faithfulness,-0.3766007909371546,-0.7348332558182522,0.6829266388751617,-0.9913522071048031,0.3378521883027089,-0.9964555696797056,0.9937259275849762,42,0,42,1.329204395407512,0.0,Faithfulness,higher
MetroPT3,AutoEncoder,SHAP,FaithfulnessEstimate,-0.17829726159158482,-0.1537761019403564,0.5846522377235054,-0.8086498379932022,0.3665978739016962,-0.9640719993430704,0.8319335065514549,42,0,42,1.1752477118948983,0.0,Faithfulness,higher
MetroPT3,AutoEncoder,SHAP,LocalLipschitzEstimate,1.3897121796232572,1.3917774682677178,0.30444133210931396,1.184053656074862,1.5566037549578695,0.8790080109801778,2.3468829501826214,42,0,42,0.3725500988830075,0.0,Robustness,lower
MetroPT3,AutoEncoder,SHAP,MaxSensitivity,2.309532216466979,0.6117930962074443,2.41121857677358,0.465921522596507,5.159717167945625,0.3891018858758751,6.881056612367082,42,0,42,4.693795645349118,0.0,Robustness,lower
MetroPT3,AutoEncoder,SHAP,Monotonicity,1.0,1.0,0.0,1.0,1.0,1.0,1.0,42,0,42,0.0,0.0,Faithfulness,higher
MetroPT3,AutoEncoder,SHAP,MonotonicityCorrelation,0.0017669620345950453,-0.0394492875225231,0.3573703575462856,-0.31307135499523325,0.19286702745291248,-0.4863244349440517,0.6,42,0,42,0.5059383824481457,0.0,Faithfulness,higher
MetroPT3,AutoEncoder,SHAP,MonotonicityMetric,0.023809523809523808,0.0,0.15430334996209188,0.0,0.0,0.0,1.0,42,0,42,0.0,0.0,Faithfulness,higher
MetroPT3,AutoEncoder,SHAP,NonSensitivity,3.5238095238095237,3.5,0.5516315153139573,3.0,4.0,3.0,5.0,42,0,42,1.0,0.0,Fidelity,lower
MetroPT3,AutoEncoder,SHAP,RelativeInputStability,1.6133951065863488,1.7510997799841093,0.6270696059843468,1.467715647081157,1.943911009607635,0.288409336085317,2.751022542104102,20,22,42,0.4761953625264781,52.38095238095239,Robustness,lower
MetroPT3,AutoEncoder,SHAP,RelativeOutputStability,21244843.268201962,351168.04167138744,79487391.86401953,326131.5802261725,421518.6191539896,284559.67284726223,355838414.92690766,20,22,42,95387.03892781708,52.38095238095239,Robustness,lower
MetroPT3,AutoEncoder,SHAP,SensitivityN,,,,,,,,0,42,42,,100.0,Faithfulness,higher
MetroPT3,AutoEncoder,SHAP,Sparseness,0.6534374123261272,0.6852947094054187,0.16121520250124763,0.4998523086679313,0.8228214994493083,0.386607848183188,0.8470857821370722,42,0,42,0.322969190781377,0.0,Complexity,higher
MetroPT3,AutoEncoder,SHAP,Sufficiency,0.0,0.0,0.0,0.0,0.0,0.0,0.0,42,0,42,0.0,0.0,Faithfulness,higher
MetroPT3,ECOD,LIME,AvgSensitivity,1.708005322095779,1.9086161093195742,0.4302343731549479,1.6521554104094525,1.9925739874923292,0.8680236856436315,2.1481673075001724,42,0,42,0.3404185770828767,0.0,Sensitivity,lower
MetroPT3,ECOD,LIME,Completeness,0.0,0.0,0.0,0.0,0.0,0.0,0.0,42,0,42,0.0,0.0,Fidelity,higher
MetroPT3,ECOD,LIME,Complexity,1.579265055918807,1.5707289189734368,0.05384864215753794,1.55244459497073,1.6169603073596603,1.46117290929001,1.6873104583502787,42,0,42,0.06451571238893039,0.0,Complexity,lower
MetroPT3,ECOD,LIME,Consistency,0.544715447141186,0.6585365853497919,0.16291858854704525,0.3170731707239738,0.6585365853497919,0.3170731707239738,0.6585365853497919,42,0,42,0.3414634146258181,0.0,Faithfulness,lower
MetroPT3,ECOD,LIME,Faithfulness,-0.23200377051004425,-0.4489638401379207,0.5151166622419604,-0.6597230673509353,0.24132405232539397,-0.8138984973562707,0.8817495977008262,42,0,42,0.9010471196763293,0.0,Faithfulness,higher
MetroPT3,ECOD,LIME,FaithfulnessEstimate,-0.12581026988280186,-0.22536056529230086,0.31995865813865043,-0.3342358660640623,0.20669587054105618,-0.6530926327650443,0.4140681389186963,42,0,42,0.5409317366051185,0.0,Faithfulness,higher
MetroPT3,ECOD,LIME,LocalLipschitzEstimate,8.64729570381049,8.901207062337523,2.4495448454690774,7.63174797052803,10.040293825536999,3.910203604324282,13.807102579328877,42,0,42,2.4085458550089687,0.0,Robustness,lower
MetroPT3,ECOD,LIME,MaxSensitivity,2.1372674101308755,2.350927539759182,0.47854564818377754,2.2091344447455348,2.439779534124986,1.1011909625633558,2.592131320789129,42,0,42,0.23064508937945138,0.0,Robustness,lower
MetroPT3,ECOD,LIME,Monotonicity,1.0,1.0,0.0,1.0,1.0,1.0,1.0,42,0,42,0.0,0.0,Faithfulness,higher
MetroPT3,ECOD,LIME,MonotonicityCorrelation,-0.05970177742661181,-0.10630191791172275,0.2419717397350716,-0.2438691057974817,0.09692233691951195,-0.4564729416209273,0.475232103605349,42,0,42,0.34079144271699363,0.0,Faithfulness,higher
MetroPT3,ECOD,LIME,MonotonicityMetric,0.2619047619047619,0.0,0.4450006198693303,0.0,0.75,0.0,1.0,42,0,42,0.75,0.0,Faithfulness,higher
MetroPT3,ECOD,LIME,NonSensitivity,4.0476190476190474,4.0,0.21554026870452114,4.0,4.0,4.0,5.0,42,0,42,0.0,0.0,Fidelity,lower
MetroPT3,ECOD,LIME,RelativeInputStability,6087.7965360098615,6.9391211101691725,10923.656761994374,3.6920073580111157,7053.234378596183,1.70645846969876,31247.83735819544,14,28,42,7049.542371238172,66.66666666666666,Robustness,lower
MetroPT3,ECOD,LIME,RelativeOutputStability,296631.11642436835,286163.4347748489,83444.7987340241,230056.48583819778,353572.288742249,198218.1318505224,485816.7118098538,14,28,42,123515.80290405123,66.66666666666666,Robustness,lower
MetroPT3,ECOD,LIME,SensitivityN,,,,,,,,0,42,42,,100.0,Faithfulness,higher
MetroPT3,ECOD,LIME,Sparseness,0.5944507220948365,0.600487571517342,0.02685504306267658,0.5799127288529495,0.6110010531621979,0.5232025659394541,0.6430844379712662,42,0,42,0.03108832430924835,0.0,Complexity,higher
MetroPT3,ECOD,LIME,Sufficiency,0.0,0.0,0.0,0.0,0.0,0.0,0.0,42,0,42,0.0,0.0,Faithfulness,higher
MetroPT3,ECOD,MAPLE,AvgSensitivity,1.0532082778496445,1.047378550014954,0.6128131070184684,0.6167223150433823,1.212639314686954,0.2105242718202224,2.346857315090462,42,0,42,0.5959169996435718,0.0,Sensitivity,lower
MetroPT3,ECOD,MAPLE,Completeness,0.0,0.0,0.0,0.0,0.0,0.0,0.0,42,0,42,0.0,0.0,Fidelity,higher
MetroPT3,ECOD,MAPLE,Complexity,1.8129478693274457,1.903737199050886,0.2694176425252393,1.561783094654791,1.997128803675896,1.1068113169716611,2.2013830815755204,42,0,42,0.43534570902110503,0.0,Complexity,lower
MetroPT3,ECOD,MAPLE,Consistency,0.544715447141186,0.6585365853497919,0.16291858854704525,0.3170731707239738,0.6585365853497919,0.3170731707239738,0.6585365853497919,42,0,42,0.3414634146258181,0.0,Faithfulness,lower
MetroPT3,ECOD,MAPLE,Faithfulness,-0.011669600545284566,-0.07082260652268685,0.192726782381184,-0.1170280892538345,0.1356394997640894,-0.5087151981773983,0.4653351791793587,42,0,42,0.2526675890179239,0.0,Faithfulness,higher
MetroPT3,ECOD,MAPLE,FaithfulnessEstimate,0.0554496497707871,0.07557666757069556,0.24398980506773987,-0.07485544752799397,0.2768566956356746,-0.4409296228567341,0.4193616934291945,42,0,42,0.3517121431636686,0.0,Faithfulness,higher
MetroPT3,ECOD,MAPLE,LocalLipschitzEstimate,4.252171957007282,4.522273887782964,2.354379269100984,1.7915225080902484,5.679455547897456,0.7835958740599627,8.58307664608683,42,0,42,3.8879330398072076,0.0,Robustness,lower
MetroPT3,ECOD,MAPLE,MaxSensitivity,2.9035125011467207,3.014908534955653,1.7973328660925714,0.9897703184546363,4.334657679536012,0.4651062691214498,6.247918076419848,42,0,42,3.3448873610813763,0.0,Robustness,lower
MetroPT3,ECOD,MAPLE,Monotonicity,1.0,1.0,0.0,1.0,1.0,1.0,1.0,42,0,42,0.0,0.0,Faithfulness,higher
MetroPT3,ECOD,MAPLE,MonotonicityCorrelation,0.09382057150507678,0.01215811087360125,0.2461690434728597,-0.03636363636363633,0.16060606060606059,-0.4303030303030302,0.8424242424242423,42,0,42,0.1969696969696969,0.0,Faithfulness,higher
MetroPT3,ECOD,MAPLE,MonotonicityMetric,0.23809523809523808,0.0,0.43108053740904234,0.0,0.0,0.0,1.0,42,0,42,0.0,0.0,Faithfulness,higher
MetroPT3,ECOD,MAPLE,NonSensitivity,1.0238095238095237,1.0,0.6803189796363366,1.0,1.0,0.0,2.0,42,0,42,0.0,0.0,Fidelity,lower
MetroPT3,ECOD,MAPLE,RelativeInputStability,4.452837740543144,0.0007514748645589,8.052929822881634,0.00012604722331745527,3.4740543746319554,4.9369750620441455e-05,22.535652862415404,14,28,42,3.473928327408638,66.66666666666666,Robustness,lower
MetroPT3,ECOD,MAPLE,RelativeOutputStability,184211.48051974984,35.149072551505,468387.6917422717,11.517090967256237,178.70371916097773,3.268403156785186,1331333.5458471472,14,28,42,167.1866281937215,66.66666666666666,Robustness,lower
MetroPT3,ECOD,MAPLE,SensitivityN,,,,,,,,0,42,42,,100.0,Faithfulness,higher
MetroPT3,ECOD,MAPLE,Sparseness,0.48795518546813127,0.4620474474167059,0.12951869519601789,0.3963128648305238,0.6152702673371064,0.2541058490902648,0.7564116174617617,42,0,42,0.21895740250658263,0.0,Complexity,higher
MetroPT3,ECOD,MAPLE,Sufficiency,0.5388954299668587,0.675,0.21444826481518026,0.282051282051282,0.6923076923076923,0.0,0.6923076923076923,42,0,42,0.4102564102564103,0.0,Faithfulness,higher
MetroPT3,ECOD,SHAP,AvgSensitivity,0.5987122441155921,0.5440708478906271,0.2584617024764429,0.37361476912852026,0.7381140866239588,0.3211799063487704,1.347251761540702,42,0,42,0.36449931749543857,0.0,Sensitivity,lower
MetroPT3,ECOD,SHAP,Completeness,0.0,0.0,0.0,0.0,0.0,0.0,0.0,42,0,42,0.0,0.0,Fidelity,higher
MetroPT3,ECOD,SHAP,Complexity,1.8959238808920276,1.9137113257190537,0.10505712219739477,1.8432171589815431,1.9829173810980136,1.5733650024222936,2.005420625091776,42,0,42,0.13970022211647048,0.0,Complexity,lower
MetroPT3,ECOD,SHAP,Consistency,0.544715447141186,0.6585365853497919,0.16291858854704525,0.3170731707239738,0.6585365853497919,0.3170731707239738,0.6585365853497919,42,0,42,0.3414634146258181,0.0,Faithfulness,lower
MetroPT3,ECOD,SHAP,Faithfulness,0.058217068363417945,-0.02682607713935385,0.25113602286523246,-0.1744652901324995,0.3643518578522107,-0.358962792054713,0.4448361722702939,42,0,42,0.5388171479847101,0.0,Faithfulness,higher
MetroPT3,ECOD,SHAP,FaithfulnessEstimate,0.1425411291225699,0.08825880230813221,0.29952826231896673,-0.0855642371492257,0.35233866721598955,-0.4640708272480698,0.6964250178989416,42,0,42,0.4379029043652153,0.0,Faithfulness,higher
MetroPT3,ECOD,SHAP,LocalLipschitzEstimate,4.955452920070579,4.8175619580932185,1.1845313847002807,4.1316933451530895,5.43461251977074,3.0665449770182693,8.790644449298405,42,0,42,1.3029191746176503,0.0,Robustness,lower
MetroPT3,ECOD,SHAP,MaxSensitivity,0.8099279392892038,0.8024155106426638,0.3451690277938215,0.5027362327693086,0.942685021293882,0.4141157640559878,1.8084153532755776,42,0,42,0.4399487885245734,0.0,Robustness,lower
MetroPT3,ECOD,SHAP,Monotonicity,1.0,1.0,0.0,1.0,1.0,1.0,1.0,42,0,42,0.0,0.0,Faithfulness,higher
MetroPT3,ECOD,SHAP,MonotonicityCorrelation,-0.524547280223256,-0.5189751413581853,0.13649345578925282,-0.6413403485824681,-0.4255338805760452,-0.7416447632896789,-0.1272727272727272,42,0,42,0.21580646800642295,0.0,Faithfulness,higher
MetroPT3,ECOD,SHAP,MonotonicityMetric,0.2857142857142857,0.0,0.45722995685921247,0.0,1.0,0.0,1.0,42,0,42,1.0,0.0,Faithfulness,higher
MetroPT3,ECOD,SHAP,NonSensitivity,1.7142857142857142,2.0,0.5537329763155104,1.0,2.0,1.0,3.0,42,0,42,1.0,0.0,Fidelity,lower
MetroPT3,ECOD,SHAP,RelativeInputStability,275.17302388860554,0.31273012504529574,484.5030382580719,0.15602694025620711,391.02976369493535,0.0651453606511777,1318.7863370438406,14,28,42,390.87373675467916,66.66666666666666,Robustness,lower
MetroPT3,ECOD,SHAP,RelativeOutputStability,11083.876665906617,10708.079622451896,2623.966965170914,9999.199002516245,13004.776837763331,6578.717823619988,15024.362224291504,14,28,42,3005.577835247086,66.66666666666666,Robustness,lower
MetroPT3,ECOD,SHAP,SensitivityN,,,,,,,,0,42,42,,100.0,Faithfulness,higher
MetroPT3,ECOD,SHAP,Sparseness,0.45397603623210675,0.4467448113134289,0.06032778487941428,0.40223637404002394,0.4811093409649714,0.3886329307390587,0.6248399752005958,42,0,42,0.07887296692494744,0.0,Complexity,higher
MetroPT3,ECOD,SHAP,Sufficiency,0.0,0.0,0.0,0.0,0.0,0.0,0.0,42,0,42,0.0,0.0,Faithfulness,higher
MetroPT3,HBOS,LIME,AvgSensitivity,1.2809035944436007,1.3072590796671926,0.47653032230412773,0.8454382602470261,1.6684446306809337,0.6321184790360995,2.189245134407532,42,0,42,0.8230063704339077,0.0,Sensitivity,lower
MetroPT3,HBOS,LIME,Completeness,0.0,0.0,0.0,0.0,0.0,0.0,0.0,42,0,42,0.0,0.0,Fidelity,higher
MetroPT3,HBOS,LIME,Complexity,1.5867652154740843,1.5964279897792344,0.07651357377865572,1.534247667251769,1.6512135226685833,1.403063310677818,1.7022806007154925,42,0,42,0.11696585541681426,0.0,Complexity,lower
MetroPT3,HBOS,LIME,Consistency,0.6039488966170931,0.7317073170553243,0.21707347310169597,0.36585365852766216,0.7317073170553243,0.2439024390184414,0.7317073170553243,42,0,42,0.36585365852766216,0.0,Faithfulness,lower
MetroPT3,HBOS,LIME,Faithfulness,-0.1654914297246203,-0.17910496442475532,0.28110476455109695,-0.431494161070092,0.03063444350267595,-0.5795204193786768,0.4134846051104438,42,0,42,0.46212860457276794,0.0,Faithfulness,higher
MetroPT3,HBOS,LIME,FaithfulnessEstimate,-0.11434073094402585,-0.18087083051700195,0.3390648654645116,-0.3088951786076616,0.13944043950498175,-0.7467114071043652,0.5421372394315208,42,0,42,0.44833561811264333,0.0,Faithfulness,higher
MetroPT3,HBOS,LIME,LocalLipschitzEstimate,12.065457091025056,11.345152199401811,4.510128135193872,9.136231471131085,14.161423944734752,5.687231127720198,31.374282895856595,42,0,42,5.025192473603667,0.0,Robustness,lower
MetroPT3,HBOS,LIME,MaxSensitivity,1.9711882124579267,2.110862653110124,0.737628089006778,1.3660113559653193,2.463549615271739,0.7932866858341777,3.4281998244101066,42,0,42,1.0975382593064196,0.0,Robustness,lower
MetroPT3,HBOS,LIME,Monotonicity,1.0,1.0,0.0,1.0,1.0,1.0,1.0,42,0,42,0.0,0.0,Faithfulness,higher
MetroPT3,HBOS,LIME,MonotonicityCorrelation,-0.3709635318137659,-0.3939424016728551,0.1975380173296152,-0.5033708465819815,-0.2516854232909907,-0.6603669725054194,0.0,42,0,42,0.2516854232909908,0.0,Faithfulness,higher
MetroPT3,HBOS,LIME,MonotonicityMetric,0.2619047619047619,0.0,0.44500061986933037,0.0,0.75,0.0,1.0,42,0,42,0.75,0.0,Faithfulness,higher
MetroPT3,HBOS,LIME,NonSensitivity,6.357142857142857,6.5,1.3761279820556354,5.0,7.75,3.0,8.0,42,0,42,2.75,0.0,Fidelity,lower
MetroPT3,HBOS,LIME,RelativeInputStability,1692.8574056374978,1.4666783706809332,2099.9554836826846,0.8648347299900003,3534.0582665295124,0.2145081649782915,5431.231857712913,11,31,42,3533.1934317995224,73.80952380952381,Robustness,lower
MetroPT3,HBOS,LIME,RelativeOutputStability,143886.20470247034,117190.32066145094,94921.26276621022,85309.78825815808,164230.69983136514,47042.67263130687,386915.6661316653,11,31,42,78920.91157320706,73.80952380952381,Robustness,lower
MetroPT3,HBOS,LIME,SensitivityN,,,,,,,,0,42,42,,100.0,Faithfulness,higher
MetroPT3,HBOS,LIME,Sparseness,0.5922246333387559,0.5859620079646379,0.03985655567371133,0.561267819079025,0.6232963649970127,0.5223622972553001,0.6644823669890819,42,0,42,0.062028545917987676,0.0,Complexity,higher
MetroPT3,HBOS,LIME,Sufficiency,0.0,0.0,0.0,0.0,0.0,0.0,0.0,42,0,42,0.0,0.0,Faithfulness,higher
MetroPT3,HBOS,MAPLE,AvgSensitivity,0.9276533590873777,0.7517542431699847,0.6071765945122344,0.5556852607664744,1.1244382704693576,0.2328137480959198,3.4313546821427803,42,0,42,0.5687530097028832,0.0,Sensitivity,lower
MetroPT3,HBOS,MAPLE,Completeness,0.0,0.0,0.0,0.0,0.0,0.0,0.0,42,0,42,0.0,0.0,Fidelity,higher
MetroPT3,HBOS,MAPLE,Complexity,1.71191102112849,1.7427561352475127,0.27539308882385527,1.4919947697433007,1.9450631305611163,1.2335807929147105,2.164615436293952,42,0,42,0.45306836081781565,0.0,Complexity,lower
MetroPT3,HBOS,MAPLE,Consistency,0.6039488966170931,0.7317073170553243,0.21707347310169597,0.36585365852766216,0.7317073170553243,0.2439024390184414,0.7317073170553243,42,0,42,0.36585365852766216,0.0,Faithfulness,lower
MetroPT3,HBOS,MAPLE,Faithfulness,0.007431887194833506,-0.08763574427717935,0.3500954924671487,-0.32657197342767313,0.3196904311886303,-0.4530912708411915,0.5528276924171214,42,0,42,0.6462624046163035,0.0,Faithfulness,higher
MetroPT3,HBOS,MAPLE,FaithfulnessEstimate,0.043887450796623026,0.1199494496018936,0.20372785867246784,-0.08344396949601281,0.1543987423487561,-0.5114707047825715,0.4763200074189967,42,0,42,0.2378427118447689,0.0,Faithfulness,higher
MetroPT3,HBOS,MAPLE,LocalLipschitzEstimate,4.01055218137173,4.379090616174903,1.6468810557800664,2.577869855139586,5.006911801436756,1.4605365591368278,8.541962378104397,42,0,42,2.4290419462971697,0.0,Robustness,lower
MetroPT3,HBOS,MAPLE,MaxSensitivity,1.9284733642206562,1.6257117001909105,1.4394420996098576,1.0411544816699632,2.193128952879011,0.4658012651702981,7.744710896046389,42,0,42,1.1519744712090478,0.0,Robustness,lower
MetroPT3,HBOS,MAPLE,Monotonicity,1.0,1.0,0.0,1.0,1.0,1.0,1.0,42,0,42,0.0,0.0,Faithfulness,higher
MetroPT3,HBOS,MAPLE,MonotonicityCorrelation,-0.0952928376514417,-0.1823716631040193,0.22311379984480761,-0.23855227143931482,0.0909090909090908,-0.5227987675648555,0.3618780332594269,42,0,42,0.3294613623484056,0.0,Faithfulness,higher
MetroPT3,HBOS,MAPLE,MonotonicityMetric,0.30952380952380953,0.0,0.4679011380933327,0.0,1.0,0.0,1.0,42,0,42,1.0,0.0,Faithfulness,higher
MetroPT3,HBOS,MAPLE,NonSensitivity,3.7857142857142856,3.0,1.84173452558119,2.0,5.0,1.0,7.0,42,0,42,3.0,0.0,Fidelity,lower
MetroPT3,HBOS,MAPLE,RelativeInputStability,0.1633182994308474,0.0139158791468913,0.21624745352424263,0.0009488065768177,0.28779339906518464,0.0001092182429668,0.6057980006931811,11,31,42,0.28684459248836697,73.80952380952381,Robustness,lower
MetroPT3,HBOS,MAPLE,RelativeOutputStability,289.5191229664049,47.19905109259263,730.574290006669,13.7992589537505,135.10008933947068,9.654618985608428,2479.824415398115,11,31,42,121.30083038572019,73.80952380952381,Robustness,lower
MetroPT3,HBOS,MAPLE,SensitivityN,,,,,,,,0,42,42,,100.0,Faithfulness,higher
MetroPT3,HBOS,MAPLE,Sparseness,0.5423838282183413,0.5584804912060847,0.1240966617056506,0.4478908686112543,0.6416643153544428,0.2859482329426028,0.7144038756560138,42,0,42,0.19377344674318847,0.0,Complexity,higher
MetroPT3,HBOS,MAPLE,Sufficiency,0.5916814973040095,0.6985735735735736,0.22806387152556823,0.3142857142857143,0.717948717948718,0.0,1.0,42,0,42,0.40366300366300367,0.0,Faithfulness,higher
MetroPT3,HBOS,SHAP,AvgSensitivity,2.780936081967301,2.0197946166934955,1.7840177895382179,1.210931627532009,5.007887531298963,0.8304282056265285,5.562787121407853,42,0,42,3.7969559037669542,0.0,Sensitivity,lower
MetroPT3,HBOS,SHAP,Completeness,0.0,0.0,0.0,0.0,0.0,0.0,0.0,42,0,42,0.0,0.0,Fidelity,higher
MetroPT3,HBOS,SHAP,Complexity,1.7267383817786761,1.749135715137474,0.13046042264453356,1.6138654569508106,1.835741258533219,1.3398082517788616,1.866935959037624,42,0,42,0.22187580158240827,0.0,Complexity,lower
MetroPT3,HBOS,SHAP,Consistency,0.6039488966170931,0.7317073170553243,0.21707347310169597,0.36585365852766216,0.7317073170553243,0.2439024390184414,0.7317073170553243,42,0,42,0.36585365852766216,0.0,Faithfulness,lower
MetroPT3,HBOS,SHAP,Faithfulness,-0.05715985821928195,-0.10144900819467055,0.24991872523924075,-0.19146705798797253,0.02466420452840075,-0.4596780238756361,0.4568269473754786,42,0,42,0.21613126251637327,0.0,Faithfulness,higher
MetroPT3,HBOS,SHAP,FaithfulnessEstimate,0.014083432930592615,-0.1295272601162819,0.5227521942384585,-0.3820494041184849,0.334614598742514,-0.8384550697689135,0.9402389015765537,42,0,42,0.716664002860999,0.0,Faithfulness,higher
MetroPT3,HBOS,SHAP,LocalLipschitzEstimate,12.866829480760012,12.870147589368413,2.8936344677246053,10.478731458583923,13.969047300384517,7.87373174086791,20.96615530555212,42,0,42,3.4903158418005944,0.0,Robustness,lower
MetroPT3,HBOS,SHAP,MaxSensitivity,3.3086308496486616,2.283553441342772,2.205996612079347,1.4403253662840676,5.730810493961232,0.9699012415019552,7.678727368048091,42,0,42,4.290485127677164,0.0,Robustness,lower
MetroPT3,HBOS,SHAP,Monotonicity,1.0,1.0,0.0,1.0,1.0,1.0,1.0,42,0,42,0.0,0.0,Faithfulness,higher
MetroPT3,HBOS,SHAP,MonotonicityCorrelation,-0.6812231069441311,-0.705170430668875,0.1344148788800058,-0.7765110062573319,-0.6121212121212121,-0.8997002046464956,-0.2788447874269649,42,0,42,0.16438979413611987,0.0,Faithfulness,higher
MetroPT3,HBOS,SHAP,MonotonicityMetric,0.2619047619047619,0.0,0.44500061986933037,0.0,0.75,0.0,1.0,42,0,42,0.75,0.0,Faithfulness,higher
MetroPT3,HBOS,SHAP,NonSensitivity,4.976190476190476,5.0,1.0704021409366289,4.0,6.0,3.0,6.0,42,0,42,2.0,0.0,Fidelity,lower
MetroPT3,HBOS,SHAP,RelativeInputStability,10723.428919164728,8.241268464994787,13423.34147852123,4.7611288949561885,21963.8076746606,1.141106083122484,34613.72709023079,11,31,42,21959.046545765643,73.80952380952381,Robustness,lower
MetroPT3,HBOS,SHAP,RelativeOutputStability,761926.1526404056,592390.5108556079,491871.40054162045,493446.713445866,897447.1173477655,200030.93679320032,1982478.3850363505,11,31,42,404000.40390189947,73.80952380952381,Robustness,lower
MetroPT3,HBOS,SHAP,SensitivityN,,,,,,,,0,42,42,,100.0,Faithfulness,higher
MetroPT3,HBOS,SHAP,Sparseness,0.5494322731506383,0.535614119841487,0.058647439597046845,0.5022246015541956,0.6032062800595562,0.4542199880005408,0.6957322376512339,42,0,42,0.10098167850536066,0.0,Complexity,higher
MetroPT3,HBOS,SHAP,Sufficiency,0.0,0.0,0.0,0.0,0.0,0.0,0.0,42,0,42,0.0,0.0,Faithfulness,higher
MetroPT3,IForest,LIME,AvgSensitivity,1.2119494729095623,1.4762631175782894,0.4585931463526336,0.7767526305026918,1.5940853824968282,0.4611487632716353,1.6916683761477338,42,0,42,0.8173327519941364,0.0,Sensitivity,lower
MetroPT3,IForest,LIME,Completeness,0.0,0.0,0.0,0.0,0.0,0.0,0.0,42,0,42,0.0,0.0,Fidelity,higher
MetroPT3,IForest,LIME,Complexity,1.496824789426903,1.5092764979817015,0.09123110216161988,1.451170092957386,1.5799778189367988,1.3042554217723523,1.6218358092720706,42,0,42,0.1288077259794127,0.0,Complexity,lower
MetroPT3,IForest,LIME,Consistency,0.49825783970910176,0.5609756097424152,0.07329809599984288,0.4146341463313504,0.5609756097424152,0.4146341463313504,0.5609756097424152,42,0,42,0.14634146341106485,0.0,Faithfulness,lower
MetroPT3,IForest,LIME,Faithfulness,0.09814679435597623,0.06368741423158734,0.2935797330856888,-0.1523517602161514,0.3096241900834559,-0.3134417849541128,0.7079275202877935,42,0,42,0.46197595029960725,0.0,Faithfulness,higher
MetroPT3,IForest,LIME,FaithfulnessEstimate,-0.17296925770267935,-0.17449550402221342,0.24184254417245252,-0.327757730600592,-0.03204645062995828,-0.7208581607087875,0.4812398704777196,42,0,42,0.29571127997063373,0.0,Faithfulness,higher
MetroPT3,IForest,LIME,LocalLipschitzEstimate,11.596272019049618,12.7156261139721,3.5506467396753596,10.062565368710896,13.698465761183028,5.40637494954894,21.63419034783749,42,0,42,3.6359003924721325,0.0,Robustness,lower
MetroPT3,IForest,LIME,MaxSensitivity,1.8927679924168839,2.2765292230733905,0.6726756028206109,1.3860782329318444,2.4455005686818776,0.7301173657550379,2.664699780335797,42,0,42,1.0594223357500332,0.0,Robustness,lower
MetroPT3,IForest,LIME,Monotonicity,1.0,1.0,0.0,1.0,1.0,1.0,1.0,42,0,42,0.0,0.0,Faithfulness,higher
MetroPT3,IForest,LIME,MonotonicityCorrelation,0.4427757757275401,0.40644850966246954,0.18129511056986686,0.2985833282520449,0.6034197104988972,0.1500732958753733,0.7941378573405176,42,0,42,0.3048363822468523,0.0,Faithfulness,higher
MetroPT3,IForest,LIME,MonotonicityMetric,0.23809523809523808,0.0,0.4310805374090423,0.0,0.0,0.0,1.0,42,0,42,0.0,0.0,Faithfulness,higher
MetroPT3,IForest,LIME,NonSensitivity,4.404761904761905,5.0,0.7005058732896937,4.0,5.0,3.0,5.0,42,0,42,1.0,0.0,Fidelity,lower
MetroPT3,IForest,LIME,RelativeInputStability,2919.890283996572,2.146741464697201,6282.340858256271,1.3533180475720081,4.658306275683513,0.9314377605896224,22708.489724708063,24,18,42,3.3049882281115046,42.857142857142854,Robustness,lower
MetroPT3,IForest,LIME,RelativeOutputStability,219869418.77244267,1301430.584081438,837503114.8924975,365694.3914374945,96403839.4212217,246279.45644077944,4127215257.37396,24,18,42,96038145.0297842,42.857142857142854,Robustness,lower
MetroPT3,IForest,LIME,SensitivityN,,,,,,,,0,42,42,,100.0,Faithfulness,higher
MetroPT3,IForest,LIME,Sparseness,0.6315810976981484,0.6261975710795877,0.032676201603416825,0.6066340081000376,0.6468961442089374,0.5912470472746798,0.7014253778747066,42,0,42,0.040262136108899726,0.0,Complexity,higher
MetroPT3,IForest,LIME,Sufficiency,0.0,0.0,0.0,0.0,0.0,0.0,0.0,42,0,42,0.0,0.0,Faithfulness,higher
MetroPT3,IForest,MAPLE,AvgSensitivity,1.0015367139956024,0.8221274921432444,0.5597626176668792,0.6517835505590961,1.186693376269616,0.2053775075013492,2.4084234790050467,42,0,42,0.5349098257105198,0.0,Sensitivity,lower
MetroPT3,IForest,MAPLE,Completeness,0.0,0.0,0.0,0.0,0.0,0.0,0.0,42,0,42,0.0,0.0,Fidelity,higher
MetroPT3,IForest,MAPLE,Complexity,1.804901969758339,1.809983487111636,0.20183509907548972,1.6662476439389668,1.974749302647195,1.2803858428645305,2.1620433211925407,42,0,42,0.3085016587082281,0.0,Complexity,lower
MetroPT3,IForest,MAPLE,Consistency,0.49825783970910176,0.5609756097424152,0.07329809599984288,0.4146341463313504,0.5609756097424152,0.4146341463313504,0.5609756097424152,42,0,42,0.14634146341106485,0.0,Faithfulness,lower
MetroPT3,IForest,MAPLE,Faithfulness,0.005251802134590901,0.11018915935865395,0.4314931122637651,-0.3707966537630929,0.3402307157792844,-0.795091591078747,0.7096343113480027,42,0,42,0.7110273695423772,0.0,Faithfulness,higher
MetroPT3,IForest,MAPLE,FaithfulnessEstimate,0.2631487167394949,0.4769332222879729,0.4441495082638579,-0.16306218546617987,0.6351874424805861,-0.7188802958539441,0.7240648985770978,42,0,42,0.798249627946766,0.0,Faithfulness,higher
MetroPT3,IForest,MAPLE,LocalLipschitzEstimate,4.542508567379562,5.103161340249016,2.4677370754826926,2.579304186821332,6.1282358713207525,0.5458513233638083,9.339948084170793,42,0,42,3.5489316844994208,0.0,Robustness,lower
MetroPT3,IForest,MAPLE,MaxSensitivity,2.508808232925624,1.8259819202245196,1.7913546336472883,1.0720712347160288,3.3838571344223984,0.4849130620934946,6.281251798747755,42,0,42,2.3117858997063694,0.0,Robustness,lower
MetroPT3,IForest,MAPLE,Monotonicity,1.0,1.0,0.0,1.0,1.0,1.0,1.0,42,0,42,0.0,0.0,Faithfulness,higher
MetroPT3,IForest,MAPLE,MonotonicityCorrelation,0.33454889419117667,0.3636363636363636,0.23464410712139447,0.18845071854082,0.5151515151515151,-0.1878787878787878,0.9393939393939392,42,0,42,0.3267007966106952,0.0,Faithfulness,higher
MetroPT3,IForest,MAPLE,MonotonicityMetric,0.3333333333333333,0.0,0.47711872361369784,0.0,1.0,0.0,1.0,42,0,42,1.0,0.0,Faithfulness,higher
MetroPT3,IForest,MAPLE,NonSensitivity,1.119047619047619,1.0,0.6699974864307038,1.0,2.0,0.0,2.0,42,0,42,1.0,0.0,Fidelity,lower
MetroPT3,IForest,MAPLE,RelativeInputStability,5.045085053579465,3.292132421339376,5.317210784979415,0.000251874940177825,9.582347393939301,8.802480363676894e-05,14.360238372140904,24,18,42,9.582095518999123,42.857142857142854,Robustness,lower
MetroPT3,IForest,MAPLE,RelativeOutputStability,788090.514062628,106596.35980911014,874164.6194589661,3323.4753602868313,1512369.2595341918,80.6647625140352,2225383.9262742554,24,18,42,1509045.784173905,42.857142857142854,Robustness,lower
MetroPT3,IForest,MAPLE,SensitivityN,,,,,,,,0,42,42,,100.0,Faithfulness,higher
MetroPT3,IForest,MAPLE,Sparseness,0.505602858546078,0.5138268331570655,0.10240177631161691,0.4185093439722765,0.5883100841850544,0.2922804271117027,0.6955649968086693,42,0,42,0.16980074021277786,0.0,Complexity,higher
MetroPT3,IForest,MAPLE,Sufficiency,0.48808222986018074,0.5214285714285714,0.11158280086395635,0.4102564102564102,0.5757575757575758,0.0,0.6363636363636364,42,0,42,0.16550116550116561,0.0,Faithfulness,higher
MetroPT3,IForest,SHAP,AvgSensitivity,1.7624035549489592,0.5723619399611033,1.9064137893883872,0.3663907783751701,3.9982858316619794,0.2676995965043847,4.982545664641357,42,0,42,3.6318950532868093,0.0,Sensitivity,lower
MetroPT3,IForest,SHAP,Completeness,0.0,0.0,0.0,0.0,0.0,0.0,0.0,42,0,42,0.0,0.0,Fidelity,higher
MetroPT3,IForest,SHAP,Complexity,1.487454304914912,1.6257757700082247,0.4738863532966719,0.989707986058415,1.9475112910098817,0.633018392354678,2.001015629477157,42,0,42,0.9578033049514667,0.0,Complexity,lower
MetroPT3,IForest,SHAP,Consistency,0.49825783970910176,0.5609756097424152,0.07329809599984288,0.4146341463313504,0.5609756097424152,0.4146341463313504,0.5609756097424152,42,0,42,0.14634146341106485,0.0,Faithfulness,lower
MetroPT3,IForest,SHAP,Faithfulness,0.35664886025888026,0.8086140242008357,0.6483911976504324,-0.24657815898412816,0.922926022162443,-0.918808720075798,0.9442804367495102,42,0,42,1.1695041811465712,0.0,Faithfulness,higher
MetroPT3,IForest,SHAP,FaithfulnessEstimate,-0.28972426092272335,-0.4456889447924076,0.5916938293182715,-0.8158609268839888,0.11931353120452817,-0.8552819710605826,0.8642671183041302,42,0,42,0.935174458088517,0.0,Faithfulness,higher
MetroPT3,IForest,SHAP,LocalLipschitzEstimate,3.4092373880459337,3.4215894119970627,1.2825591870349076,2.1129452470967998,4.0144520282772,1.3683840674576209,6.562857474386475,42,0,42,1.9015067811803998,0.0,Robustness,lower
MetroPT3,IForest,SHAP,MaxSensitivity,2.423178329222183,0.8206358192864356,2.5197455535974727,0.5748321992619254,5.792016173436943,0.4520048605957463,6.658389770693155,42,0,42,5.217183974175018,0.0,Robustness,lower
MetroPT3,IForest,SHAP,Monotonicity,1.0,1.0,0.0,1.0,1.0,1.0,1.0,42,0,42,0.0,0.0,Faithfulness,higher
MetroPT3,IForest,SHAP,MonotonicityCorrelation,0.288010569804907,0.2674784392192283,0.2314669598555766,0.12300401337019147,0.3845002563776409,-0.1580554413568168,0.7454545454545454,42,0,42,0.26149624300744945,0.0,Faithfulness,higher
MetroPT3,IForest,SHAP,MonotonicityMetric,0.2619047619047619,0.0,0.44500061986933037,0.0,0.75,0.0,1.0,42,0,42,0.75,0.0,Faithfulness,higher
MetroPT3,IForest,SHAP,NonSensitivity,3.119047619047619,3.0,0.32777006756156785,3.0,3.0,3.0,4.0,42,0,42,0.0,0.0,Fidelity,lower
MetroPT3,IForest,SHAP,RelativeInputStability,0.12695996362360062,0.0015291375978584,0.2798643569623431,0.0005210458211827,0.006307833541972175,9.872471172497492e-05,0.997128145523451,24,18,42,0.005786787720789475,42.857142857142854,Robustness,lower
MetroPT3,IForest,SHAP,RelativeOutputStability,4611.668655417038,602.3077537958512,8801.592874780332,245.98457869526925,3182.2634242844833,34.5513552715322,34044.74990465905,24,18,42,2936.278845589214,42.857142857142854,Robustness,lower
MetroPT3,IForest,SHAP,SensitivityN,,,,,,,,0,42,42,,100.0,Faithfulness,higher
MetroPT3,IForest,SHAP,Sparseness,0.5956216866005866,0.5936085807418964,0.15532148326856177,0.41828513645054005,0.746134445769816,0.375667684873822,0.8188003083875528,42,0,42,0.32784930931927597,0.0,Complexity,higher
MetroPT3,IForest,SHAP,Sufficiency,0.0,0.0,0.0,0.0,0.0,0.0,0.0,42,0,42,0.0,0.0,Faithfulness,higher
MetroPT3,MCD,LIME,AvgSensitivity,2.1429395425637474,2.7694398493058756,1.113982283614746,0.8314982909982194,3.0173692842325783,0.469420002338107,3.8368298769197855,42,0,42,2.185870993234359,0.0,Sensitivity,lower
MetroPT3,MCD,LIME,Completeness,0.0,0.0,0.0,0.0,0.0,0.0,0.0,42,0,42,0.0,0.0,Fidelity,higher
MetroPT3,MCD,LIME,Complexity,0.8083485872048257,0.8821102133494405,0.3030226426348886,0.4914911552706279,1.0283310023626973,0.3191206453337963,1.3150981139540163,42,0,42,0.5368398470920693,0.0,Complexity,lower
MetroPT3,MCD,LIME,Consistency,0.9999999999756096,0.9999999999756098,0.0,0.9999999999756098,0.9999999999756098,0.9999999999756098,0.9999999999756098,42,0,42,0.0,0.0,Faithfulness,lower
MetroPT3,MCD,LIME,Faithfulness,-0.2091192533197921,-0.16697333302163864,0.24387446364909499,-0.3797438150408983,0.004740011365323575,-0.99874965600363,0.0900631164071627,42,0,42,0.3844838264062219,0.0,Faithfulness,higher
MetroPT3,MCD,LIME,FaithfulnessEstimate,-0.6349976196129633,-0.9730804224833831,0.7351935512961152,-0.9918391993737886,-0.8980479418903835,-0.9985975197863644,0.9984113790654228,42,0,42,0.09379125748340511,0.0,Faithfulness,higher
MetroPT3,MCD,LIME,LocalLipschitzEstimate,7.385447657480773,7.266641124866672,1.2948409646460712,6.685348661417589,7.973007070772371,3.318989239554129,10.87074786943361,42,0,42,1.2876584093547816,0.0,Robustness,lower
MetroPT3,MCD,LIME,MaxSensitivity,4.0168796720214495,5.341526025541926,2.139324065372055,1.3390461698267726,5.821261937177948,1.2948942807453894,6.187911413544574,42,0,42,4.4822157673511756,0.0,Robustness,lower
MetroPT3,MCD,LIME,Monotonicity,1.0,1.0,0.0,1.0,1.0,1.0,1.0,42,0,42,0.0,0.0,Faithfulness,higher
MetroPT3,MCD,LIME,MonotonicityCorrelation,0.45236741240787587,0.48346706414704144,0.22461043798462904,0.2760937008677167,0.6140347462524328,-0.156802230270431,0.8419239304285934,42,0,42,0.33794104538471614,0.0,Faithfulness,higher
MetroPT3,MCD,LIME,MonotonicityMetric,0.0,0.0,0.0,0.0,0.0,0.0,0.0,42,0,42,0.0,0.0,Faithfulness,higher
MetroPT3,MCD,LIME,NonSensitivity,5.285714285714286,5.0,1.235367315490087,4.0,6.0,3.0,7.0,42,0,42,2.0,0.0,Fidelity,lower
MetroPT3,MCD,LIME,RelativeInputStability,306.9357963947436,0.7386513439289634,878.0037360420454,0.4260973908697684,0.8494830082102934,0.2577454096569539,3530.5458534543777,42,0,42,0.42338561734052504,0.0,Robustness,lower
MetroPT3,MCD,LIME,RelativeOutputStability,23195324.930535775,25235259.643397417,7913382.914156254,17744895.43907892,29872663.530089825,578011.8997110092,33075939.15395414,42,0,42,12127768.091010906,0.0,Robustness,lower
MetroPT3,MCD,LIME,SensitivityN,,,,,,,,0,42,42,,100.0,Faithfulness,higher
MetroPT3,MCD,LIME,Sparseness,0.8069127238643936,0.8014513049768397,0.051309356172251214,0.7754716288308431,0.8543580341264481,0.7078865640899131,0.8794475703271419,42,0,42,0.07888640529560498,0.0,Complexity,higher
MetroPT3,MCD,LIME,Sufficiency,0.0,0.0,0.0,0.0,0.0,0.0,0.0,42,0,42,0.0,0.0,Faithfulness,higher
MetroPT3,MCD,MAPLE,AvgSensitivity,11726.655530701297,0.9037119824682431,23101.19412310952,0.20260972503502733,17118.895533877767,0.0399557021242876,90978.39479263408,42,0,42,17118.692924152732,0.0,Sensitivity,lower
MetroPT3,MCD,MAPLE,Completeness,0.0,0.0,0.0,0.0,0.0,0.0,0.0,42,0,42,0.0,0.0,Fidelity,higher
MetroPT3,MCD,MAPLE,Complexity,-1.0000889005818412e-12,-1.000088900581841e-12,0.0,-1.000088900581841e-12,-1.000088900581841e-12,-1.000088900581841e-12,-1.000088900581841e-12,42,0,42,0.0,0.0,Complexity,lower
MetroPT3,MCD,MAPLE,Consistency,0.9999999999756096,0.9999999999756098,0.0,0.9999999999756098,0.9999999999756098,0.9999999999756098,0.9999999999756098,42,0,42,0.0,0.0,Faithfulness,lower
MetroPT3,MCD,MAPLE,Faithfulness,0.04168777947667547,0.082318116187332,0.17664525041933402,0.05064681783986125,0.1143186052878702,-0.9999671257043942,0.1265697524599147,42,0,42,0.06367178744800896,0.0,Faithfulness,higher
MetroPT3,MCD,MAPLE,FaithfulnessEstimate,0.2380932081935297,0.9999936753549795,0.983005500623736,-0.9999940310832381,0.999994056543862,-0.9999985998895956,0.9999970281204388,42,0,42,1.9999880876271001,0.0,Faithfulness,higher
MetroPT3,MCD,MAPLE,LocalLipschitzEstimate,3.2700519195833957,3.239983286760028,1.7360215774776502,1.6159729790993764,4.703360493688832,0.7169917346198462,6.546750441188347,42,0,42,3.0873875145894556,0.0,Robustness,lower
MetroPT3,MCD,MAPLE,MaxSensitivity,16590.08059933603,1.7349177891407064,32297.780669500367,0.5096505443119459,25388.626495688342,0.1259674119599321,125284.2782195404,42,0,42,25388.11684514403,0.0,Robustness,lower
MetroPT3,MCD,MAPLE,Monotonicity,1.0,1.0,0.0,1.0,1.0,1.0,1.0,42,0,42,0.0,0.0,Faithfulness,higher
MetroPT3,MCD,MAPLE,MonotonicityCorrelation,0.5269284763800571,0.528680532637681,0.003675670542656875,0.5238227218271836,0.528680532637681,0.5238227218271836,0.5388159060803247,42,0,42,0.004857810810497409,0.0,Faithfulness,higher
MetroPT3,MCD,MAPLE,MonotonicityMetric,0.0,0.0,0.0,0.0,0.0,0.0,0.0,42,0,42,0.0,0.0,Faithfulness,higher
MetroPT3,MCD,MAPLE,NonSensitivity,3.6666666666666665,3.5,1.6179883123378205,2.0,5.0,1.0,7.0,42,0,42,3.0,0.0,Fidelity,lower
MetroPT3,MCD,MAPLE,RelativeInputStability,0.6253282353474992,0.017946508729847703,1.3285562097031363,1.4723896720562162e-05,0.6964815563717972,1.346755203581286e-06,5.752838905431703,42,0,42,0.6964668324750767,0.0,Robustness,lower
MetroPT3,MCD,MAPLE,RelativeOutputStability,20199454.934101775,756.7356678443175,41858296.88763348,196.3411663525435,23786124.320041545,21.31372898581892,176054060.94878003,42,0,42,23785927.978875194,0.0,Robustness,lower
MetroPT3,MCD,MAPLE,SensitivityN,,,,,,,,0,42,42,,100.0,Faithfulness,higher
MetroPT3,MCD,MAPLE,Sparseness,0.8863324406451332,0.8999978041299883,0.02609446009322698,0.877756670399354,0.899998650221034,0.8002640405011274,0.8999991000008999,42,0,42,0.02224197982167997,0.0,Complexity,higher
MetroPT3,MCD,MAPLE,Sufficiency,0.0,0.0,0.0,0.0,0.0,0.0,0.0,42,0,42,0.0,0.0,Faithfulness,higher
MetroPT3,MCD,SHAP,AvgSensitivity,0.9037288022137082,0.9125014863144516,0.09153985380661052,0.843380841095551,0.9580758836780929,0.7138403044778034,1.077634224207553,42,0,42,0.11469504258254193,0.0,Sensitivity,lower
MetroPT3,MCD,SHAP,Completeness,0.0,0.0,0.0,0.0,0.0,0.0,0.0,42,0,42,0.0,0.0,Fidelity,higher
MetroPT3,MCD,SHAP,Complexity,0.17647811014915168,0.08201049798539264,0.18298719813596848,0.0699948370869676,0.11901496814484065,0.0559547103319113,0.5136863948311846,42,0,42,0.04902013105787305,0.0,Complexity,lower
MetroPT3,MCD,SHAP,Consistency,0.9999999999756096,0.9999999999756098,0.0,0.9999999999756098,0.9999999999756098,0.9999999999756098,0.9999999999756098,42,0,42,0.0,0.0,Faithfulness,lower
MetroPT3,MCD,SHAP,Faithfulness,-0.1643547271225715,-0.10012477425308156,0.16964739246224905,-0.27639301794119375,-0.08536567814883836,-0.9999954780707486,-0.0054846785756765,42,0,42,0.1910273397923554,0.0,Faithfulness,higher
MetroPT3,MCD,SHAP,FaithfulnessEstimate,-0.42967429845182653,-0.9999894089322142,0.9082167624051414,-0.9999915674032606,0.977626434905396,-0.999992959693626,0.9999941237328324,42,0,42,1.9776180023086565,0.0,Faithfulness,higher
MetroPT3,MCD,SHAP,LocalLipschitzEstimate,3.847457550241625,3.818387186587853,0.6400829973616765,3.3502918994787145,4.146916126825941,2.743928601499294,5.74629107956097,42,0,42,0.7966242273472264,0.0,Robustness,lower
MetroPT3,MCD,SHAP,MaxSensitivity,2.650829484489538,2.6460988214142738,0.11189187679723567,2.5998726366699945,2.669919370196183,2.52673673317738,3.290478620655447,42,0,42,0.07004673352618873,0.0,Robustness,lower
MetroPT3,MCD,SHAP,Monotonicity,1.0,1.0,0.0,1.0,1.0,1.0,1.0,42,0,42,0.0,0.0,Faithfulness,higher
MetroPT3,MCD,SHAP,MonotonicityCorrelation,0.5389872677602768,0.5230992094351512,0.10467434423295673,0.4861745593573757,0.6003067243840637,0.2560975609756097,0.7659609850368815,42,0,42,0.11413216502668805,0.0,Faithfulness,higher
MetroPT3,MCD,SHAP,MonotonicityMetric,0.0,0.0,0.0,0.0,0.0,0.0,0.0,42,0,42,0.0,0.0,Faithfulness,higher
MetroPT3,MCD,SHAP,NonSensitivity,6.380952380952381,7.0,0.8821365679453427,6.0,7.0,4.0,8.0,42,0,42,1.0,0.0,Fidelity,lower
MetroPT3,MCD,SHAP,RelativeInputStability,0.7028792533857948,0.0029199983459067998,3.080904824037056,0.00187116535325325,0.0043407629766063,0.0002991101302678,19.43222591135368,42,0,42,0.00246959762335305,0.0,Robustness,lower
MetroPT3,MCD,SHAP,RelativeOutputStability,46262.842726879935,22450.41536767999,115047.48124116329,16206.57381855993,28770.722287361226,1466.9828489921708,717973.5613695119,42,0,42,12564.148468801297,0.0,Robustness,lower
MetroPT3,MCD,SHAP,SensitivityN,,,,,,,,0,42,42,,100.0,Faithfulness,higher
MetroPT3,MCD,SHAP,Sparseness,0.8874989025887191,0.8950930308061582,0.014730664201177905,0.8892366605018643,0.8963380346545384,0.8602192901935887,0.8974980855239802,42,0,42,0.007101374152674089,0.0,Complexity,higher
MetroPT3,MCD,SHAP,Sufficiency,0.0,0.0,0.0,0.0,0.0,0.0,0.0,42,0,42,0.0,0.0,Faithfulness,higher
MetroPT3,VAE,LIME,AvgSensitivity,1.0183275521273383,1.1840337697900598,0.4046746183434263,1.0278603463290894,1.2927861647098244,0.2665911551449397,1.404692132390173,42,0,42,0.26492581838073503,0.0,Sensitivity,lower
MetroPT3,VAE,LIME,Completeness,0.0,0.0,0.0,0.0,0.0,0.0,0.0,42,0,42,0.0,0.0,Fidelity,higher
MetroPT3,VAE,LIME,Complexity,0.9878831284527575,0.9520963980554448,0.18010166100505887,0.8542522320658068,1.1526247197230992,0.7163059438717981,1.2729109668545733,42,0,42,0.2983724876572924,0.0,Complexity,lower
MetroPT3,VAE,LIME,Consistency,0.9070847851114417,0.9512195121719216,0.19976902952614722,0.9512195121719216,0.9512195121719216,0.0243902439018441,0.9512195121719216,42,0,42,0.0,0.0,Faithfulness,lower
MetroPT3,VAE,LIME,Faithfulness,-0.2726156377367065,-0.16199458021100505,0.3243070167691572,-0.2505220743194817,-0.1265240392473164,-0.9331599501942364,0.3364739384118222,42,0,42,0.12399803507216531,0.0,Faithfulness,higher
MetroPT3,VAE,LIME,FaithfulnessEstimate,-0.0909006140021635,-0.09733625012794085,0.16202513015697173,-0.14515981336264228,-0.06129539151110117,-0.5462314532167779,0.2560866572394622,42,0,42,0.08386442185154111,0.0,Faithfulness,higher
MetroPT3,VAE,LIME,LocalLipschitzEstimate,10.444861419628236,11.352523076131208,4.479586907799835,9.600959808617702,13.352133118845614,2.36713186133514,18.279381622265387,42,0,42,3.7511733102279123,0.0,Robustness,lower
MetroPT3,VAE,LIME,MaxSensitivity,1.737006788629434,2.074504756261234,0.6577606492714262,1.9123148224141087,2.173481107152358,0.4966896366151663,2.2710671680672614,42,0,42,0.2611662847382492,0.0,Robustness,lower
MetroPT3,VAE,LIME,Monotonicity,0.0,0.0,0.0,0.0,0.0,0.0,0.0,42,0,42,0.0,0.0,Faithfulness,higher
MetroPT3,VAE,LIME,MonotonicityCorrelation,0.2539930979795505,0.1563263498701806,0.21062519633768614,0.1063019179117228,0.4001954556676623,-0.0375183239688433,0.6753298314391802,42,0,42,0.2938935377559395,0.0,Faithfulness,higher
MetroPT3,VAE,LIME,MonotonicityMetric,0.0,0.0,0.0,0.0,0.0,0.0,0.0,42,0,42,0.0,0.0,Faithfulness,higher
MetroPT3,VAE,LIME,NonSensitivity,4.0,4.0,0.0,4.0,4.0,4.0,4.0,42,0,42,0.0,0.0,Fidelity,lower
MetroPT3,VAE,LIME,RelativeInputStability,410.1661397458744,4.162225608703499,1209.3177806824235,0.43958752021947545,5.460293814951796,0.2522385959073279,4780.576064186793,36,6,42,5.020706294732321,14.285714285714285,Robustness,lower
MetroPT3,VAE,LIME,RelativeOutputStability,163898403.10605702,6265262.583333658,685759691.2298927,2207644.483879516,45004484.12227885,502678.2508791973,4068571923.097509,35,7,42,42796839.63839933,16.666666666666664,Robustness,lower
MetroPT3,VAE,LIME,SensitivityN,,,,,,,,0,42,42,,100.0,Faithfulness,higher
MetroPT3,VAE,LIME,Sparseness,0.7763977782467473,0.7866646381220046,0.032859217426200925,0.7446438296745744,0.7965686379793717,0.7223431953138398,0.8267446311944766,42,0,42,0.05192480830479729,0.0,Complexity,higher
MetroPT3,VAE,LIME,Sufficiency,0.0,0.0,0.0,0.0,0.0,0.0,0.0,42,0,42,0.0,0.0,Faithfulness,higher
MetroPT3,VAE,MAPLE,AvgSensitivity,1.010170042729793,0.832999199543287,0.8085134487544784,0.3042429328577818,1.5839772803276984,0.0591946443189099,3.222172241137284,42,0,42,1.2797343474699165,0.0,Sensitivity,lower
MetroPT3,VAE,MAPLE,Completeness,0.0,0.0,0.0,0.0,0.0,0.0,0.0,42,0,42,0.0,0.0,Fidelity,higher
MetroPT3,VAE,MAPLE,Complexity,1.797208362051201,1.8956599620249137,0.1955920101495681,1.7468809006063335,1.9272595318356902,1.3086843777698052,1.977889431666856,42,0,42,0.1803786312293567,0.0,Complexity,lower
MetroPT3,VAE,MAPLE,Consistency,0.9070847851114417,0.9512195121719216,0.19976902952614722,0.9512195121719216,0.9512195121719216,0.0243902439018441,0.9512195121719216,42,0,42,0.0,0.0,Faithfulness,lower
MetroPT3,VAE,MAPLE,Faithfulness,0.008502124865365496,-0.17374898061743116,0.4950706117844885,-0.34175124222059955,0.501382617613316,-0.6999982997388223,0.8743063239883473,42,0,42,0.8431338598339155,0.0,Faithfulness,higher
MetroPT3,VAE,MAPLE,FaithfulnessEstimate,0.15347575509486283,0.47919227186557234,0.5820985869278562,-0.40012765367108705,0.6373776492172007,-0.779703260066748,0.8377715926551963,42,0,42,1.0375053028882877,0.0,Faithfulness,higher
MetroPT3,VAE,MAPLE,LocalLipschitzEstimate,4.3407506051048,4.300838451664019,2.249033144003603,2.6793845238154184,6.054196037700853,0.6451145283114639,8.751777491463304,42,0,42,3.374811513885435,0.0,Robustness,lower
MetroPT3,VAE,MAPLE,MaxSensitivity,1.265953873387337,1.091686838221039,0.9009593864735288,0.5141047919578333,1.8848341950981304,0.0880311028565874,3.8469212627545386,42,0,42,1.370729403140297,0.0,Robustness,lower
MetroPT3,VAE,MAPLE,Monotonicity,0.0,0.0,0.0,0.0,0.0,0.0,0.0,42,0,42,0.0,0.0,Faithfulness,higher
MetroPT3,VAE,MAPLE,MonotonicityCorrelation,0.4038392122842751,0.49090909090909085,0.3495695548571176,0.24242424242424238,0.7060606060606059,-0.4741663240704503,0.8787878787878788,42,0,42,0.46363636363636357,0.0,Faithfulness,higher
MetroPT3,VAE,MAPLE,MonotonicityMetric,0.0,0.0,0.0,0.0,0.0,0.0,0.0,42,0,42,0.0,0.0,Faithfulness,higher
MetroPT3,VAE,MAPLE,NonSensitivity,1.0714285714285714,1.0,0.8665281761947344,1.0,1.0,0.0,3.0,42,0,42,0.0,0.0,Fidelity,lower
MetroPT3,VAE,MAPLE,RelativeInputStability,11.567828821322145,10.83829166770634,8.76261591470546,0.7219373427821707,16.879967507614836,0.0001712432214795,26.87912138932147,36,6,42,16.158030164832667,14.285714285714285,Robustness,lower
MetroPT3,VAE,MAPLE,RelativeOutputStability,20938120482.042557,9043587.14645095,123895663088.40414,121141.09110863219,492495636.09581614,62.17933259052327,743656001187.0403,36,6,42,492374495.0047075,14.285714285714285,Robustness,lower
MetroPT3,VAE,MAPLE,SensitivityN,,,,,,,,0,42,42,,100.0,Faithfulness,higher
MetroPT3,VAE,MAPLE,Sparseness,0.5168829552731287,0.47681433286515396,0.08501849583051194,0.45613107753636567,0.5510890291636247,0.4040046331472508,0.712065357668764,42,0,42,0.09495795162725901,0.0,Complexity,higher
MetroPT3,VAE,MAPLE,Sufficiency,0.8971310045771452,0.9420168067226891,0.24581570905601813,0.9359879032258065,1.0,0.0,1.0,42,0,42,0.0640120967741935,0.0,Faithfulness,higher
MetroPT3,VAE,SHAP,AvgSensitivity,0.7451839353469073,0.30166792407086984,0.6519569244508807,0.20611316163954188,1.5411729746602592,0.190851852719943,1.856360592737851,42,0,42,1.3350598130207172,0.0,Sensitivity,lower
MetroPT3,VAE,SHAP,Completeness,0.0,0.0,0.0,0.0,0.0,0.0,0.0,42,0,42,0.0,0.0,Fidelity,higher
MetroPT3,VAE,SHAP,Complexity,1.3572628173856607,1.3325690415178948,0.4942883531487024,0.7519192894627054,1.884303594231223,0.6343558708423657,1.9612211083365831,42,0,42,1.1323843047685176,0.0,Complexity,lower
MetroPT3,VAE,SHAP,Consistency,0.9070847851114417,0.9512195121719216,0.19976902952614722,0.9512195121719216,0.9512195121719216,0.0243902439018441,0.9512195121719216,42,0,42,0.0,0.0,Faithfulness,lower
MetroPT3,VAE,SHAP,Faithfulness,-0.4665615468550887,-0.9800021811140913,0.6806193420519041,-0.9972553796233916,0.3156936709462163,-0.998961162133646,0.98452397963092,42,0,42,1.312949050569608,0.0,Faithfulness,higher
MetroPT3,VAE,SHAP,FaithfulnessEstimate,-0.3152085099967845,-0.4884102302525324,0.5325935072394208,-0.740563504104429,0.15275957823336217,-0.8619508647571978,0.8612081639489491,42,0,42,0.8933230823377911,0.0,Faithfulness,higher
MetroPT3,VAE,SHAP,LocalLipschitzEstimate,1.33473781287764,1.3730294080871805,0.23638842367808663,1.1315385680469885,1.5060282033028414,0.874039929686773,1.769869411476777,42,0,42,0.3744896352558529,0.0,Robustness,lower
MetroPT3,VAE,SHAP,MaxSensitivity,1.4763633574030097,0.5409042869123608,1.3137309143143063,0.44360240154286223,3.1690073494888913,0.368936530748573,3.593227425600554,42,0,42,2.725404947946029,0.0,Robustness,lower
MetroPT3,VAE,SHAP,Monotonicity,0.0,0.0,0.0,0.0,0.0,0.0,0.0,42,0,42,0.0,0.0,Faithfulness,higher
MetroPT3,VAE,SHAP,MonotonicityCorrelation,0.2520730248420204,0.406060606060606,0.3053781899580681,-0.08814630383360933,0.4832849072256513,-0.2431622174720258,0.6626170426112704,42,0,42,0.5714312110592606,0.0,Faithfulness,higher
MetroPT3,VAE,SHAP,MonotonicityMetric,0.0,0.0,0.0,0.0,0.0,0.0,0.0,42,0,42,0.0,0.0,Faithfulness,higher
MetroPT3,VAE,SHAP,NonSensitivity,1.6904761904761905,2.0,0.46790113809333267,1.0,2.0,1.0,2.0,42,0,42,1.0,0.0,Fidelity,lower
MetroPT3,VAE,SHAP,RelativeInputStability,337.9903297010723,0.9535144330291974,885.081093856846,0.4015125473255548,1.2908156706979637,0.1800827144330216,3528.2991187353427,36,6,42,0.8893031233724089,14.285714285714285,Robustness,lower
MetroPT3,VAE,SHAP,RelativeOutputStability,24656686.196627274,1398402.4195596818,44903663.05760918,357581.4221666034,19086435.771021046,204952.26923982523,180381848.38412297,36,6,42,18728854.34885444,14.285714285714285,Robustness,lower
MetroPT3,VAE,SHAP,SensitivityN,,,,,,,,0,42,42,,100.0,Faithfulness,higher
MetroPT3,VAE,SHAP,Sparseness,0.6422838424428178,0.7066122831186454,0.15299117860904787,0.4715215977485989,0.7947873783134188,0.4140537185449995,0.8221517169911328,42,0,42,0.3232657805648199,0.0,Complexity,higher
MetroPT3,VAE,SHAP,Sufficiency,0.0,0.0,0.0,0.0,0.0,0.0,0.0,42,0,42,0.0,0.0,Faithfulness,higher
