dataset_name,model_name,observation,xai_method,AvgSensitivity,Completeness,Complexity,Consistency,Faithfulness,FaithfulnessEstimate,LocalLipschitzEstimate,MaxSensitivity,Monotonicity,MonotonicityCorrelation,MonotonicityMetric,NonSensitivity,RelativeInputStability,RelativeOutputStability,SensitivityN,Sparseness,Sufficiency
AHU21,AutoEncoder,10163,LIME,0.9963985576885674,False,2.322274486590573,0.8888888888747796,0.299161940142446,0.3636347396304255,7.056067469965512,1.930040007194767,True,0.3578431372549019,False,3,,,,0.542530277281004,0.9047619047619048
AHU21,AutoEncoder,10163,MAPLE,0.2673723995699866,False,1.740960670417962,0.8703703703542525,-0.0142542413827137,-0.3742764428472863,2.410578715623425,1.3616180575146295,True,0.232843137254902,False,2,,,,0.7201092918133143,0.0
AHU21,AutoEncoder,10163,SHAP,1.5990453883228068,False,2.389480029423491,0.8888888888747796,0.4494120149671516,0.0893939322009668,1.8511382525900464,3.5938556395036536,True,-0.1813725490196078,False,3,,,,0.514415048233029,0.9423076923076924
AHU21,AutoEncoder,10164,LIME,1.0291416132809743,False,2.346465974034646,0.8888888888747796,0.3160090049420321,0.3521079787009862,6.224926154133365,1.9151293274206505,True,0.3382352941176471,False,3,,,,0.5333151591640419,0.9230769230769232
AHU21,AutoEncoder,10164,MAPLE,0.2619493431883375,False,1.7666735681920451,0.8703703703542525,-0.0083648093470932,-0.3643251381842187,1.912313698077985,1.4457150111965935,True,0.2156862745098039,False,2,,,,0.7110350364393905,0.0
AHU21,AutoEncoder,10164,SHAP,1.6756704152117388,False,2.4473218869609,0.8888888888747796,0.5288517652581689,0.1865614332682867,1.815296059754486,3.410500871002061,True,-0.2156862745098039,False,3,,,,0.4762537270717801,0.9433962264150944
AHU21,AutoEncoder,10165,LIME,1.09508424961371,False,2.369390089630309,0.8888888888747796,0.2979726529601668,0.3465498393150075,8.512352718590034,1.898005843660689,True,0.2426470588235294,False,3,,,,0.5216318767659084,0.9111111111111112
AHU21,AutoEncoder,10165,MAPLE,0.3198881185390143,False,1.5380331312408595,0.8703703703542525,0.039247408220704,-0.3565239646957207,3.1074618764841726,0.8436905320186342,True,0.2230392156862745,False,2,,,,0.7605026791470536,0.0
AHU21,AutoEncoder,10165,SHAP,1.9190112390290108,False,2.45663102755902,0.8888888888747796,0.3844031159807317,0.217181717879856,1.5145374036320336,4.68835112827202,True,-0.2205882352941176,False,3,,,,0.4712602192484318,0.925925925925926
AHU21,AutoEncoder,10172,LIME,1.1082709448483414,False,2.3862556415876086,0.8888888888747796,0.2702019063737892,0.3531830793614506,7.322550580490379,1.9124911225270704,True,0.3161764705882353,False,3,,,,0.5131835581235419,0.9047619047619048
AHU21,AutoEncoder,10172,MAPLE,0.3021478363756484,False,1.6948094165251315,0.8703703703542525,-0.0088436000258284,-0.3815258243930295,2.6770808522596927,1.1401291420033477,True,0.3112745098039216,False,2,,,,0.7317626401632902,0.0
AHU21,AutoEncoder,10172,SHAP,1.4740651461964602,False,2.139939165489302,0.8888888888747796,0.0909716696282515,0.2675070569809023,1.8507151006118252,3.229051556812254,True,-0.0220588235294117,False,3,,,,0.606170446158401,0.9166666666666666
AHU21,AutoEncoder,10173,LIME,1.0780383576544863,False,2.3213123405678178,0.8888888888747796,0.3410171711931103,0.3635656136305337,7.417930587509442,1.913037661934882,True,0.2647058823529412,False,3,,,,0.5448406776594006,0.9
AHU21,AutoEncoder,10173,MAPLE,0.302498973118313,False,1.7707060525538632,0.8703703703542525,-0.0331564115999046,-0.3929061683502992,2.524530093184802,1.129320020805027,True,0.3406862745098039,False,2,,,,0.7151342759764066,0.0
AHU21,AutoEncoder,10173,SHAP,1.727312111582467,False,2.3695886394527723,0.8888888888747796,0.1625121947075948,0.125446573264199,1.7608981083393362,3.9979478343642767,True,-0.2132352941176471,False,3,,,,0.5049890313400285,0.9272727272727272
AHU21,AutoEncoder,10174,LIME,1.0160763830987805,False,2.368307258107809,0.8888888888747796,0.3225922498547572,0.3023306040513338,8.392843144052266,1.9826107399960424,True,0.3259803921568627,False,3,,,,0.5236018595421927,0.9111111111111112
AHU21,AutoEncoder,10174,MAPLE,0.2539558036664072,False,1.7554201666106428,0.8703703703542525,-0.0535134780559789,-0.3683250906395233,2.569442494234982,1.2426395655063531,True,0.3774509803921569,False,2,,,,0.7201161318799855,0.0
AHU21,AutoEncoder,10174,SHAP,1.4045734547211202,False,2.4329272008358807,0.8888888888747796,0.6335177841755344,-0.029669994880038,1.0346580627660682,2.9129645418528707,True,0.088235294117647,False,3,,,,0.4715118176268101,1.0
AHU21,AutoEncoder,10176,LIME,1.1153221689512476,False,2.388645538363788,0.8888888888747796,0.3108435436251432,0.3593802942249647,8.95697174975485,1.8441272901850143,True,0.3112745098039216,False,3,,,,0.5133507875545298,0.903846153846154
AHU21,AutoEncoder,10176,MAPLE,0.3134855477489742,False,1.583561811976524,0.8703703703542525,0.0358214837093877,-0.3625694745255711,2.6555784645376925,0.8946312159283296,True,0.1176470588235294,False,2,,,,0.7556876094860371,0.0
AHU21,AutoEncoder,10176,SHAP,1.7095175560870035,False,2.547268477949243,0.8888888888747796,0.4320242195681327,0.2928022311305527,1.6408119787889994,4.069796147012079,True,-0.1323529411764706,False,3,,,,0.4072795292453501,0.925925925925926
AHU21,AutoEncoder,10177,LIME,1.059897111521966,False,2.350656772538109,0.8888888888747796,0.2706104865090923,0.3872084711029627,7.04513433436137,1.901694603294469,True,0.3186274509803922,False,3,,,,0.5325405480521949,0.9166666666666666
AHU21,AutoEncoder,10177,MAPLE,0.2591672531714078,False,1.7359370636782203,0.8703703703542525,-0.0192651431375634,-0.3787547970931929,3.511399314459874,0.8114401538219149,True,0.267156862745098,False,2,,,,0.7232155883972442,0.0
AHU21,AutoEncoder,10177,SHAP,1.851239172755336,False,2.436048931674648,0.8888888888747796,0.6186994388490048,0.2117142862651009,2.000953686605147,3.707839759521375,True,-0.1176470588235294,False,3,,,,0.4618873850815385,0.9423076923076924
AHU21,AutoEncoder,10184,LIME,1.151424095839346,False,2.351139336062219,0.8888888888747796,0.3050727381526857,0.3553167945205962,6.884353867159963,1.9025801419560369,True,0.286764705882353,False,3,,,,0.5284972731693561,0.8421052631578947
AHU21,AutoEncoder,10184,MAPLE,0.3551717937285268,False,1.5670482497210982,0.8703703703542525,0.0477831017521,-0.3645708803735206,1.944720064662275,1.2238144700510905,True,0.1764705882352941,False,2,,,,0.7493566684579663,0.0
AHU21,AutoEncoder,10184,SHAP,1.7348154646743972,False,2.468629353198568,0.8888888888747796,0.4742706345036603,0.2309920767072713,1.9406999493330133,3.959740966034855,True,-0.1323529411764706,False,3,,,,0.4579241246316423,0.9444444444444444
AHU21,AutoEncoder,10185,LIME,1.25467190370116,False,2.327902186700081,0.8888888888747796,0.3620440938649209,0.330430152371895,6.855571021766764,1.9888224141334103,True,0.3161764705882353,False,3,,,,0.5428586336409089,0.8888888888888888
AHU21,AutoEncoder,10185,MAPLE,0.2299923881933949,False,1.7015000554522242,0.8703703703542525,-0.1014899567979828,-0.3809665989068301,2.1214981928573198,1.2310194786880948,True,0.4852941176470589,False,2,,,,0.7234567312449337,0.0
AHU21,AutoEncoder,10185,SHAP,1.4374508654100406,False,2.463785492320217,0.8888888888747796,0.7564506336016346,0.0614587236596821,1.286810514504431,2.895368566201677,True,0.0833333333333333,False,3,,,,0.4461401026871814,0.9629629629629628
AHU21,AutoEncoder,10187,LIME,1.2002724742821271,False,2.360866933098853,0.8888888888747796,0.3522714825279794,0.4821919233609737,7.963464405438684,1.9043450163709297,True,0.3504901960784314,False,3,,,,0.526221499898024,0.9047619047619048
AHU21,AutoEncoder,10187,MAPLE,0.2721677008228698,False,1.6561137955758705,0.8703703703542525,-0.0522491884926827,-0.3825962421886981,2.594398892217842,0.9307506708032424,True,0.2450980392156863,False,2,,,,0.7409505373219132,0.0
AHU21,AutoEncoder,10187,SHAP,1.589408881830295,False,2.270778772708603,0.8888888888747796,0.8406012035584365,0.2007273110057121,2.6416324332733754,4.082034718695154,True,0.0098039215686274,False,3,,,,0.5271513089615567,0.9272727272727272
AHU21,AutoEncoder,10188,LIME,1.2182538194341768,False,2.3859069324625626,0.8888888888747796,0.1727839563961388,0.4219697245425375,8.337115190846342,1.9525169887593576,True,0.3137254901960785,False,3,,,,0.5125688145516605,0.8913043478260869
AHU21,AutoEncoder,10188,MAPLE,0.2733027421295206,False,1.7603315874295564,0.8703703703542525,0.0776605327231311,-0.3973188386558067,2.0973399279690894,0.8998793035360907,True,0.1323529411764706,False,2,,,,0.7114800868499095,0.0
AHU21,AutoEncoder,10188,SHAP,1.5650166064605378,False,2.3318231290697105,0.8888888888747796,0.3940234075740525,0.1610734301184634,2.3548249554880223,3.627387414742347,True,-0.0539215686274509,False,3,,,,0.5160732540768052,1.0
AHU21,AutoEncoder,10191,LIME,1.150959991986194,False,2.3315369189016315,0.8888888888747796,0.3470873147014424,0.4833625584106455,9.640042939284513,1.946585951045514,True,0.3774509803921569,False,3,,,,0.5392954255933116,0.9411764705882352
AHU21,AutoEncoder,10191,MAPLE,0.2352404382250735,False,1.740933900649238,0.8703703703542525,-0.0557327670460571,-0.3907324099047892,2.5439104960937047,0.7569931261197959,True,0.2377450980392157,False,2,,,,0.7195357170006289,0.0
AHU21,AutoEncoder,10191,SHAP,1.543008631744143,False,2.333648421112813,0.8888888888747796,0.8918540588243825,0.1911350928276303,1.939585013175277,3.27188441043818,True,-0.0318627450980392,False,3,,,,0.5190509023153786,0.9803921568627452
AHU21,AutoEncoder,10197,LIME,1.1103493431990856,False,2.394672651701108,0.8888888888747796,0.2957851589221821,0.3803699930331092,6.185800146616993,1.9552696964731997,True,0.3872549019607844,False,3,,,,0.5078803121895369,0.8888888888888888
AHU21,AutoEncoder,10197,MAPLE,0.2310934196806129,False,1.6511178530110302,0.8703703703542525,-0.0287434716375333,-0.4180067122570844,2.3910476973770325,0.891456977786963,True,0.1225490196078431,False,2,,,,0.7416543692845231,0.0
AHU21,AutoEncoder,10197,SHAP,1.5364419214019462,False,2.404088000495593,0.8888888888747796,0.6136677912092984,0.0931321199812774,1.545245281447693,3.697640247169428,True,-0.3259803921568627,False,3,,,,0.4957427916313744,0.9777777777777776
AHU21,AutoEncoder,102428,LIME,0.987177448347819,False,2.3576978822704,0.0952380952365835,-0.0309562807210479,0.0687343747633996,6.862260329115939,1.5651911553385454,True,0.2156862745098039,False,4,0.0001304450299558,205.4237797207135,,0.5288350278720484,0.1052631578947368
AHU21,AutoEncoder,102428,MAPLE,0.998051440540007,False,1.920955575570361,0.1111111111090535,0.9375433614006292,0.8907120597634817,3.597025366399138,1.5427359397448317,True,0.2720588235294118,False,5,0.000114179266816,155.4656207385968,,0.6491933137070939,0.0
AHU21,AutoEncoder,102428,SHAP,0.2434955811039972,False,1.1733045132650373,0.0952380952365835,0.9671675842370286,0.9242060112884792,1.612735918692354,0.6353680182100937,True,-0.0196078431372549,False,4,0.0002394994532643,225.75969086371552,,0.8147660828346837,0.3333333333333333
AHU21,AutoEncoder,102433,LIME,0.9334057216149788,False,2.375744587890756,0.0952380952365835,-0.0486850758857938,0.062631969508214,7.558200651482333,1.6469395908114088,True,0.1715686274509804,False,4,0.0003058908727188,455.9288644855824,,0.5192137159614499,0.1132075471698113
AHU21,AutoEncoder,102433,MAPLE,1.0300789396027914,False,1.9025257290535216,0.1111111111090535,0.939819228631726,0.8943262046034728,3.523324938275711,1.8748803205566411,True,0.3137254901960785,False,5,0.0001136883206636,135.07436474079603,,0.6543745536398745,0.0
AHU21,AutoEncoder,102433,SHAP,0.258665919445163,False,1.150467555077983,0.0952380952365835,0.957451450357388,0.924954099479654,1.397327407000608,0.6166053152677908,True,-0.1887254901960784,False,4,0.0015763087937821,845.8273987841991,,0.8397442282025418,0.3333333333333333
AHU21,AutoEncoder,159784,LIME,0.7796537773897363,False,2.342739243542733,0.8888888888747796,0.0960685804957418,0.1221076704680626,7.481757173484262,1.4178567082235347,True,0.3235294117647059,False,5,,,,0.5347839797629527,0.9047619047619048
AHU21,AutoEncoder,159784,MAPLE,0.2679330367957498,False,2.13404826212902,0.8703703703542525,-0.0528825522190586,-0.5579194531430667,2.340677453116544,0.5358777528238321,True,-0.2647058823529412,False,4,,,,0.5965201056195404,0.0
AHU21,AutoEncoder,159784,SHAP,0.5807387847705668,False,1.9008666296590857,0.8888888888747796,-0.2487622169839463,0.0971452876072055,2.139680867887857,1.5191733032638912,True,-0.1838235294117647,False,5,,,,0.6104142511437846,0.9285714285714286
AHU21,AutoEncoder,159789,LIME,0.8970491929211399,False,2.380312609275103,0.8888888888747796,0.1510789137475857,0.1054977811896446,8.047241064937324,1.4002152882231336,True,0.2009803921568627,False,5,,,,0.5161450347938688,0.8837209302325582
AHU21,AutoEncoder,159789,MAPLE,0.2114727722519331,False,2.122534893818471,0.8703703703542525,-0.0585711355830561,-0.5728675405593502,1.941505293704213,0.7995264504563293,True,-0.1740196078431372,False,4,,,,0.602490627213778,0.0
AHU21,AutoEncoder,159789,SHAP,0.5801407235227893,False,1.9172164882025384,0.8888888888747796,-0.1329826808391007,0.0698625645454156,2.6130900526523453,1.634022729906485,True,-0.0416666666666666,False,5,,,,0.6386230263135476,0.9285714285714286
AHU21,AutoEncoder,159797,LIME,0.8477615146788573,False,2.359033199831582,0.8888888888747796,0.1256089680693063,0.1110477294465811,7.417192796717667,1.3746090940122606,True,0.2205882352941176,False,5,,,,0.5276845560816823,0.8627450980392157
AHU21,AutoEncoder,159797,MAPLE,0.2400664039119286,False,2.111376090640561,0.8703703703542525,-0.0578795006875155,-0.5758628916859065,1.7907588154413183,0.8782548000497555,True,-0.196078431372549,False,4,,,,0.6068263732376417,0.0
AHU21,AutoEncoder,159797,SHAP,0.5780685962336896,False,1.6677625111364835,0.8888888888747796,-0.2538473237672844,0.1101673298716759,1.705826597434669,1.5988365698230529,True,-0.1740196078431372,False,6,,,,0.7185813535769583,0.94
AHU21,AutoEncoder,159801,LIME,0.838621589499067,False,2.314094165768792,0.8888888888747796,0.122912749039511,0.105468083583639,7.327559820895972,1.3743085139390865,True,0.2696078431372549,False,5,,,,0.5476046625696622,0.8823529411764706
AHU21,AutoEncoder,159801,MAPLE,0.2421003799861096,False,2.1156653094621216,0.8703703703542525,-0.0596201080302639,-0.5757652135783795,1.9557096466000208,1.2254249038638547,True,-0.2450980392156863,False,4,,,,0.6040757174263647,0.0
AHU21,AutoEncoder,159801,SHAP,0.5086826191136933,False,1.8091420371031808,0.8888888888747796,-0.233565358983222,0.0753232705265161,1.813105546808756,1.68453891820532,True,-0.088235294117647,False,5,,,,0.6640391654200553,0.925925925925926
AHU21,AutoEncoder,160708,LIME,1.047112203863673,False,2.327003048313693,0.8888888888747796,0.328429939198131,-0.176003609021305,8.00514908640029,1.846351412324359,True,0.4950980392156863,False,4,0.0004588716535399,1912.46022325104,,0.5416612664054146,0.903846153846154
AHU21,AutoEncoder,160708,MAPLE,0.657497480385576,False,1.8573692230954264,0.8703703703542525,0.0702958034948633,0.0333961653115596,3.2637123935753625,1.111333724387256,True,-0.1495098039215686,False,3,6.060468475726373e-05,108.7875830206728,,0.6327468775402587,0.0
AHU21,AutoEncoder,160708,SHAP,1.519804185954707,False,2.381117791153551,0.8888888888747796,0.1297936886584995,-0.0914420336412933,2.268045278426381,3.819565030935381,True,-0.1887254901960784,False,4,0.0102264335826522,5601.278557628494,,0.5039980707041724,0.9245283018867924
AHU21,AutoEncoder,160746,LIME,1.3716205125582182,False,2.2916954730934145,0.8888888888747796,-0.5621015739848687,-0.0049089648147844,8.537830609352438,1.8449610636816305,True,0.034313725490196,False,10,7.954987351890377e-05,259.3754603865056,,0.5563094047545984,1.0
AHU21,AutoEncoder,160746,MAPLE,0.8288365393144855,False,2.2209590529197776,0.8703703703542525,0.1431886420295573,0.0558662226696793,3.490083818569991,1.792874048455678,True,0.2279411764705882,False,9,3.156770400295749e-05,141.43393788026685,,0.5863480824063266,0.0
AHU21,AutoEncoder,160746,SHAP,3.184719785781884,False,2.29501205603946,0.8888888888747796,-0.5340510244680025,-0.4287364637551105,2.7369475223471835,8.192596289965023,True,0.1274509803921568,False,10,0.0001854462890432,394.9384039093294,,0.5039393348767396,0.9285714285714286
AHU21,AutoEncoder,160807,LIME,1.2884613226150086,False,2.34298965495556,0.8888888888747796,-0.4054489385867448,0.0161428385561216,7.713850879619445,1.8912135336191749,True,0.1764705882352941,False,10,6.948453655770034e-05,969.8291441660206,,0.5349447983756301,0.8888888888888888
AHU21,AutoEncoder,160807,MAPLE,1.2748539025521053,False,2.30764155920526,0.8703703703542525,0.3451990763096695,0.0117374353743628,3.725202681814832,1.6899014791385971,True,0.3995098039215687,False,9,0.0003971513757541,894.3577353536832,,0.5430269577055511,0.0
AHU21,AutoEncoder,160807,SHAP,3.931874114224752,False,2.4365811605943395,0.8888888888747796,-0.6569606722633088,0.2658702307385564,1.817350877418044,11.035657102118265,True,0.3897058823529412,False,10,0.0012113730917152,3127.5534918970416,,0.4871242330503426,0.9555555555555556
AHU21,AutoEncoder,161562,LIME,1.0485672222899811,False,2.324525786158632,0.8888888888747796,0.3545252281476036,-0.1894759525678795,7.753802825090159,1.964900556478973,True,0.465686274509804,False,4,0.0005956864347961,415.2019307163384,,0.5427617985559972,0.9019607843137256
AHU21,AutoEncoder,161562,MAPLE,0.4907220570255748,False,1.788211770071547,0.8703703703542525,0.163404540702311,0.283468108994142,3.7129548512804873,1.3088909867226393,True,0.165542643009701,False,2,0.1945942835970625,171190.4245538862,,0.7031479564327668,0.0
AHU21,AutoEncoder,161562,SHAP,1.383673626473567,False,2.487058873379143,0.8888888888747796,0.03612912319587,0.089043295246199,1.0021412431032666,2.7428904756064783,True,-0.482843137254902,False,4,9.043062797424595e-05,,,0.4384882014296014,0.9272727272727272
AHU21,AutoEncoder,161591,LIME,1.0992802924585618,False,2.351375429378848,0.8888888888747796,0.375186509499236,-0.1689494678645291,9.401872626775084,1.9273844466642,True,0.5686274509803922,False,4,,392.3744341509584,,0.5313710293462552,0.9387755102040816
AHU21,AutoEncoder,161591,MAPLE,0.5040195244364568,False,1.6603667846585508,0.8703703703542525,0.1574132281259944,0.4262140115702079,3.0601023876752738,1.4910290988818702,True,0.069895782604096,False,2,0.2683331210432829,208163.74198360392,,0.7331059550433284,0.0
AHU21,AutoEncoder,161591,SHAP,1.2313521782446306,False,2.3476994560070064,0.8888888888747796,0.3585329591145806,-0.0696271986243965,1.7715431897622544,2.687365465782973,True,-0.4803921568627451,False,4,0.0038773702554835,1809.508557185129,,0.5311790486660789,1.0
AHU21,AutoEncoder,161616,LIME,1.3185265220388434,False,2.3421819220506648,0.8888888888747796,-0.4997834089203349,-0.1910961948511982,13.155234881610312,1.953766921197725,True,0.4436274509803922,False,10,5.7063685667766873e-05,164.17739781731618,,0.53623554289437,0.945945945945946
AHU21,AutoEncoder,161616,MAPLE,1.018813415974646,False,2.1722790629535487,0.8703703703542525,0.369012363012593,0.1547130507831793,3.0826327065620536,1.9539674592801088,True,0.2673207124156653,False,8,0.1700238661761798,279207.95049893006,,0.575034772875919,0.0
AHU21,AutoEncoder,161616,SHAP,4.6384561149595225,False,2.527520014774481,0.8888888888747796,-0.6147533924829043,-0.388748208452793,2.470748793210597,12.62501135569144,True,0.2965686274509804,False,10,0.0002608828583893,541.5408493200048,,0.4237677598898485,0.9074074074074074
AHU21,AutoEncoder,162843,LIME,1.3312187260412205,False,2.305577976842519,0.8888888888747796,-0.4970267632850217,0.0065819887478553,8.308843025266032,1.8825260186952435,True,0.1446078431372549,False,10,3.448897811774552e-05,182.829316392707,,0.5527039553697991,0.902439024390244
AHU21,AutoEncoder,162843,MAPLE,1.141825873147734,False,2.322638108981605,0.8703703703542525,0.3528775065068612,-0.1517606360295228,4.459174585429852,1.8501622096464867,True,0.4313725490196078,False,9,1.8100700152113546e-05,55.940834752763664,,0.5382438868282685,0.0
AHU21,AutoEncoder,162843,SHAP,5.38782838221184,False,2.324910204459877,0.8888888888747796,-0.6399286812693199,0.047658864814313,2.699123057990896,13.035312653863611,True,0.5465686274509804,False,10,0.0004163065633181,1591.0693816203625,,0.5452376782169234,0.9183673469387756
AHU21,AutoEncoder,165865,LIME,1.0297166755903842,False,2.347142591647795,0.8888888888747796,0.1655621319707349,0.062682272529214,7.4761028342896445,1.7562633611142893,True,0.3578431372549019,False,6,,,,0.5340549410041014,0.9333333333333332
AHU21,AutoEncoder,165865,MAPLE,0.52592680810163,False,1.7618125693423243,0.8703703703542525,0.4596971432868292,-0.6931355609646315,3.542074827400319,1.5895014285031532,True,-0.0551808810032336,False,4,,,,0.7186511917023276,0.0
AHU21,AutoEncoder,165865,SHAP,0.8039558751255628,False,2.436773790417374,0.8888888888747796,0.0080371460477752,0.0231133054941212,1.2528451170227572,1.4201179844696723,True,0.0441176470588235,False,6,,,,0.4798834201944151,1.0
AHU21,AutoEncoder,165869,LIME,1.0731675015187203,False,2.333819770446436,0.8888888888747796,0.138015923833572,0.1465945470026711,7.356611597238613,1.801310183263236,True,0.3529411764705882,False,6,,,,0.5401973610466856,0.9523809523809524
AHU21,AutoEncoder,165869,MAPLE,0.7511316728309807,False,1.9818463821736252,0.8703703703542525,0.5074855085217204,-0.1130278335958977,3.183103831962128,1.1581505917857142,True,-0.1103617620064673,False,4,,,,0.6497187727365372,0.0
AHU21,AutoEncoder,165869,SHAP,0.8331745384649741,False,2.353690239246897,0.8888888888747796,-0.0507858426307962,0.3151984944167341,1.4477524279338303,1.4181721653503403,True,0.0318627450980392,False,6,,,,0.5310511754033403,1.0
AHU21,AutoEncoder,165877,LIME,1.071608978126121,False,2.3470074910024747,0.8888888888747796,0.1818465290858316,0.1049170097089944,7.215792023742995,1.8388329368230931,True,0.2254901960784313,False,6,,,,0.534631113233375,1.0
AHU21,AutoEncoder,165877,MAPLE,0.5778845603093157,False,1.7852965951221496,0.8703703703542525,0.4421722218279518,-0.6687875229428124,3.553567138414284,1.26697375507777,True,-0.0490496720028743,False,4,,,,0.7175024778588157,0.0
AHU21,AutoEncoder,165877,SHAP,0.7934485218887859,False,2.2239420007066166,0.8888888888747796,0.0438704726459897,0.24980398613429,1.4426947473359448,1.378803477913788,True,0.0539215686274509,False,6,,,,0.5861304226492039,1.0
AHU21,AutoEncoder,169883,LIME,0.9765255782137416,False,2.293649235632199,0.8888888888747796,-0.0494670666190041,0.2231771939722256,6.453357587130201,1.6950860701815385,True,0.2450980392156863,False,3,,,,0.55622321489848,0.8648648648648649
AHU21,AutoEncoder,169883,MAPLE,0.5400008833205945,False,1.6250112283716762,0.8703703703542525,-0.0209217367833095,-0.3611093935701474,3.3119603830571798,1.4133853347763734,True,0.1544117647058823,False,2,,,,0.744524986521245,0.0
AHU21,AutoEncoder,169883,SHAP,0.7099732960512555,False,2.131241324251526,0.8888888888747796,-0.6764756168990018,0.4509684994671893,1.6025105012378988,1.3161387402985576,True,0.303921568627451,False,3,,,,0.6257704040262092,0.9333333333333332
AHU21,AutoEncoder,169892,LIME,1.0662450532794816,False,2.350608364603058,0.8888888888747796,0.0353974349943513,0.1568958443914215,5.839044551708668,1.655582234721674,True,0.3284313725490196,False,3,,,,0.5313014673898881,0.9411764705882352
AHU21,AutoEncoder,169892,MAPLE,1.276093637343619,False,2.009414267101039,0.8703703703542525,0.2114765375374191,0.6038081418085449,3.864847944358664,2.3640678579447174,True,0.1617647058823529,False,4,,,,0.6529343168994479,0.0
AHU21,AutoEncoder,169892,SHAP,0.6525368782390877,False,2.114320119436674,0.8888888888747796,-0.1653787903252142,0.151010894543878,1.872579164349991,1.725538162681142,True,-0.0441176470588235,False,3,,,,0.6076443249205135,1.0
AHU21,AutoEncoder,169895,LIME,0.9922749935773848,False,2.3337945909987985,0.8888888888747796,-0.0916962460163751,0.1884609293263485,7.689909657388739,1.7529445945552624,True,0.303921568627451,False,3,,,,0.5394363014063315,0.9
AHU21,AutoEncoder,169895,MAPLE,0.7314087137251296,False,1.7752092060584237,0.8703703703542525,-0.0961188588967447,-0.2461790774051648,2.467097837715998,1.5205943824192627,True,0.0612745098039215,False,2,,,,0.704963352929533,0.0
AHU21,AutoEncoder,169895,SHAP,0.6994996811677235,False,2.0347718709071136,0.8888888888747796,-0.7736116336004351,0.3659064195887583,1.4648396478180243,1.4044495009336364,True,0.0098039215686274,False,3,,,,0.6563464604648275,0.8918918918918919
AHU21,AutoEncoder,169899,LIME,0.9878074511609388,False,2.3265093443080067,0.8888888888747796,-0.0823637088960589,0.1728504945390517,7.452043938072988,1.7020760286579744,True,0.3161764705882353,False,3,,,,0.5420924591514421,0.8679245283018868
AHU21,AutoEncoder,169899,MAPLE,0.6676534576983147,False,1.7796006833435192,0.8703703703542525,-0.082782828032212,-0.3474341259116298,3.310139488846072,1.479229426899836,True,0.088235294117647,False,2,,,,0.7153454705923213,0.0
AHU21,AutoEncoder,169899,SHAP,0.6822752581261956,False,2.1311721662705327,0.8888888888747796,-0.6778808229781703,0.1728583134877596,1.0979715383597013,1.23506333212597,True,0.3112745098039216,False,3,,,,0.6232765946025323,0.8947368421052632
AHU21,AutoEncoder,169905,LIME,1.103786158185761,False,2.341792191609521,0.8888888888747796,-0.1243528612398071,0.2001859008722436,7.615888972474202,1.718557071122017,True,0.3627450980392157,False,3,,,,0.5354924724497087,0.9183673469387756
AHU21,AutoEncoder,169905,MAPLE,0.683026231513811,False,1.8289079020374617,0.8703703703542525,-0.0983781562327759,-0.2837108039337381,3.2014054816147888,1.561621622176104,True,0.1127450980392156,False,2,,,,0.7042416670050708,0.0
AHU21,AutoEncoder,169905,SHAP,0.6794122740260385,False,2.3105308755705547,0.8888888888747796,-0.5957559764812345,0.2279560387995873,1.7071382142913207,1.2717585668711202,True,0.232843137254902,False,3,,,,0.5420474376775509,1.0
AHU21,AutoEncoder,186820,LIME,0.986923690920234,False,2.2987750889255905,0.8888888888747796,0.3721789435829917,0.1674721197246069,5.905745040466002,1.769033364195466,True,0.4852941176470589,False,4,,,,0.5554815466351116,0.88
AHU21,AutoEncoder,186820,MAPLE,1.0731873766243032,False,2.077444493088894,0.8703703703542525,-0.0224319831592148,-0.8571498345023085,3.3677719642863155,2.38162960344286,True,0.4387254901960785,False,5,,,,0.6377151556356675,0.0
AHU21,AutoEncoder,186820,SHAP,0.8790429444939752,False,2.1207521753633456,0.8888888888747796,0.3904516567368264,0.0908479192049461,2.109291505022329,2.0305277294397093,True,0.2965686274509804,False,4,,,,0.6077582026449396,0.9777777777777776
AHU21,AutoEncoder,186832,LIME,1.0236539124299875,False,2.347284401723769,0.8888888888747796,0.3652102325205345,0.1571393137281221,6.871849410294458,1.8831535151438887,True,0.4607843137254902,False,4,,,,0.5339435969554109,0.8775510204081632
AHU21,AutoEncoder,186832,MAPLE,1.1426542665899004,False,2.1189961330257447,0.8703703703542525,-0.1651907423694769,-0.6679313646759163,4.197773138420179,1.9530504140291736,True,0.4093137254901961,False,5,,,,0.6198407159883674,0.0
AHU21,AutoEncoder,186832,SHAP,0.7911452717803228,False,1.985856836931363,0.8888888888747796,0.3011012628114659,0.0484148472841682,1.8531760663092331,1.754429199862116,True,0.0245098039215686,False,4,,,,0.637924413435192,1.0
AHU21,AutoEncoder,189380,LIME,1.186125645671398,False,2.2969797997395847,0.8888888888747796,-0.5423061137052823,-0.0807612873596775,8.382967318120878,1.9084747138018616,True,0.6053921568627452,False,6,,,,0.5566040867893961,0.8653846153846154
AHU21,AutoEncoder,189380,MAPLE,1.5710373732586524,False,2.0053956144698,0.8703703703542525,0.1133041814699199,0.361766115078067,3.854277003401172,2.50251794091166,True,-0.0931372549019607,False,7,,,,0.665255028443665,0.0
AHU21,AutoEncoder,189380,SHAP,0.4377618483280417,False,1.5452423031989695,0.8888888888747796,-0.9460766866038606,-0.3303020406874436,1.4668718167550292,0.855308280158093,True,0.0931372549019607,False,6,,,,0.7318201586683071,1.0
AHU21,AutoEncoder,190544,LIME,1.3189946042495626,False,2.372740968032215,0.8888888888747796,-0.5050359414978145,0.1207418222119311,9.011015357669455,1.938088961263732,True,0.2254901960784313,False,10,2.5115565234290948e-05,33.990783164233264,,0.521099115428464,0.9107142857142856
AHU21,AutoEncoder,190544,MAPLE,0.5557301069810748,False,1.467028732107534,0.999999999875,-0.0307915422326205,0.0479033848959633,4.361735902302968,1.537815728742243,True,0.1898926348413562,False,6,0.3391015566907363,633555.1055291733,,0.7786696538753136,0.0
AHU21,AutoEncoder,190544,SHAP,2.91190807551246,False,2.3944705717549173,0.8888888888747796,-0.5613891990485038,-0.2072353258474387,1.6533965991763155,5.67134003021804,True,0.2132352941176471,False,10,0.0006866134926148,692.9024942727121,,0.4961774751261588,1.0
AHU21,AutoEncoder,190554,LIME,1.3257420412447627,False,2.37153790482906,0.8888888888747796,-0.4719514250206982,0.1406575187033534,8.108241135902013,1.7775748711544486,True,0.1593137254901961,False,10,2.820256856218039e-05,37.22212471663444,,0.51984297253356,0.9444444444444444
AHU21,AutoEncoder,190554,MAPLE,0.6365455776825766,False,1.7268332062734364,0.999999999875,-0.1337082185643429,0.167752508365004,3.132976472108719,1.6984740155888849,True,0.1134423532818491,False,6,0.4394085907892631,622154.3254998705,,0.7343962583596826,0.0
AHU21,AutoEncoder,190554,SHAP,3.382844422318344,False,2.4218217276275507,0.8888888888747796,-0.5819921021972313,-0.1291179172624041,1.854419352825112,7.228984341935275,True,0.142156862745098,False,10,0.0001443391537808,157.3980131979491,,0.4838893832170476,1.0
AHU21,AutoEncoder,190574,LIME,1.35823861311279,False,2.3616001311556083,0.8888888888747796,-0.503197010802042,0.1293338558291569,7.721745415454944,1.9139681579140355,True,0.1568627450980392,False,10,2.8311504266400548e-05,40.49803774543624,,0.5243584791012478,0.9736842105263158
AHU21,AutoEncoder,190574,MAPLE,0.6284619283628886,False,1.3760735824340549,0.999999999875,-0.0509148417066162,0.0611251561244158,4.0846856292626335,1.5327041638080354,True,0.1331714582004316,False,6,0.6529148261006252,827978.0904184241,,0.7993602128063574,0.0
AHU21,AutoEncoder,190574,SHAP,3.2017464347747238,False,2.3924848489124853,0.8888888888747796,-0.6070797868012728,-0.1167293877749963,1.1578084719913833,6.667890758405489,True,-0.125,False,10,0.0001873800851371,198.84179292551437,,0.4906551996818443,1.0
AHU21,AutoEncoder,191102,LIME,1.326536239587267,False,2.3554725802503107,0.8888888888747796,-0.7192327906510207,-0.5449237067664855,7.99581108279173,1.9931149877980203,True,0.5784313725490197,False,7,,,,0.5290039669042194,0.9302325581395348
AHU21,AutoEncoder,191102,MAPLE,0.8623294204612542,False,2.0103793176900906,0.8703703703542525,0.2516014660249125,0.6578720730197044,5.6919092790046335,2.5493370263576502,True,0.0331085286019402,False,5,,,,0.6586385603885665,0.0
AHU21,AutoEncoder,191102,SHAP,0.8256285596172594,False,1.9348698402820184,0.8888888888747796,-0.7692002215442245,-0.7020751853919498,1.1350637454633712,1.6461692174093547,True,0.1838235294117647,False,7,,,,0.6872902256988298,0.0
AHU21,AutoEncoder,191529,LIME,1.3429056045981695,False,2.31479118837846,0.8888888888747796,-0.542082749807996,0.1232107639570834,8.699116506181923,1.9251408491383264,True,0.2303921568627451,False,10,0.0004458390317671,691.5403454939311,,0.546884308119993,0.8775510204081632
AHU21,AutoEncoder,191529,MAPLE,1.1273297136791685,False,1.9733489973163827,0.8703703703542525,-0.3475440708799646,0.3233372940847763,2.046032743225058,2.760684894044024,True,0.0857843137254902,False,9,0.0001218070030976,315.6244659187276,,0.6619275361786052,0.0
AHU21,AutoEncoder,191529,SHAP,2.746877638605948,False,2.3865155228202077,0.8888888888747796,-0.420179320176018,-0.0220558176447671,1.7809366587867566,5.84580963412323,True,0.3235294117647059,False,10,0.0002084021670792,255.92752582984437,,0.5076027373479534,0.9423076923076924
AHU21,AutoEncoder,192043,LIME,1.3608560925681532,False,2.312928923840499,0.8888888888747796,-0.6852750175487828,-0.1148390965359222,8.626598748201179,2.1249061970397483,True,0.6053921568627452,False,8,,,,0.5504450264722561,0.9387755102040816
AHU21,AutoEncoder,192043,MAPLE,0.7273379669888671,False,1.9100104459347524,0.8703703703542525,-0.1224700904637225,0.777211828988118,3.10139537597737,2.347551126202676,True,0.1200980392156862,False,7,,,,0.6675229309737191,0.0
AHU21,AutoEncoder,192043,SHAP,2.546116012436233,False,2.419296065384222,0.8888888888747796,-0.2875956134453414,0.1691325304456043,1.6453168556047049,5.178326936897291,True,-0.2254901960784313,False,8,,,,0.4954077453867163,0.98
AHU21,AutoEncoder,192734,LIME,1.2869186404424278,False,2.357193939092556,0.8888888888747796,-0.5534964686071948,0.0489052708225222,8.964605351309938,1.915359850354518,True,0.4411764705882353,False,10,3.144789400192812e-05,41.7785117947027,,0.5278294212912605,0.9285714285714286
AHU21,AutoEncoder,192734,MAPLE,0.6135296906285298,False,1.4113168509880998,0.999999999875,-0.0428593756216787,0.2985660743688326,3.709460409086793,1.5752424972380643,True,-0.1553667012338369,False,6,0.3405234347269472,598521.5748169646,,0.7988591269127231,0.0
AHU21,AutoEncoder,192734,SHAP,3.5992765924446872,False,2.598567512792556,0.8888888888747796,-0.589636823904651,-0.1159200897138158,1.4189797369625043,7.666710850658226,True,0.0686274509803921,False,10,8.834174376305254e-05,125.64972742923942,,0.3781732694966223,0.9285714285714286
AHU21,AutoEncoder,198708,LIME,1.4019648366997737,False,2.3790679057503543,0.8888888888747796,-0.5262194913227917,0.0947617740951606,8.987557230156703,1.923758430325883,True,0.3651960784313726,False,10,4.272061992478247e-05,67.1696237327977,,0.5128400839099836,0.8913043478260869
AHU21,AutoEncoder,198708,MAPLE,0.5872636806207135,False,1.537369279533533,0.999999999875,-0.0407228762447404,0.2623360132033319,3.4706502136533826,1.713671369324076,True,-0.1738627370950079,False,6,0.5389804738805798,410545.4099104278,,0.7622946293671249,0.0
AHU21,AutoEncoder,198708,SHAP,4.840437481322649,False,2.568584901714153,0.8888888888747796,-0.5949036225851321,-0.2422120102614371,2.6225098947015515,11.305425587277355,True,-0.2058823529411765,False,10,0.0001684540593202,185.3194829113928,,0.3930634852948713,0.925925925925926
AHU21,AutoEncoder,198814,LIME,1.340152730648204,False,2.3775977563833472,0.8888888888747796,-0.5094032455738519,0.0851070795052396,9.037196970269394,1.9317147869249336,True,0.3553921568627451,False,10,5.597897972051637e-05,112.05653266648508,,0.5157237686191913,0.9111111111111112
AHU21,AutoEncoder,198814,MAPLE,0.6078668858790769,False,1.5694408377253446,0.999999999875,0.0306030898095323,0.0813424828358797,3.5027165811964425,1.6968417522638988,True,-0.0135637596315254,False,6,0.4665307872478293,570543.4826748978,,0.7565237125350537,0.0
AHU21,AutoEncoder,198814,SHAP,5.641229633112726,False,2.4973034333705995,0.8888888888747796,-0.6314059725094808,-0.1613700829355422,1.6338410419713707,12.940092490459218,True,-0.4411764705882353,False,10,0.0004912548626529,436.8631240423475,,0.4382540719447635,0.925925925925926
AHU21,AutoEncoder,198842,LIME,1.3544235890770395,False,2.3776241148914736,0.8888888888747796,-0.4970661252985702,0.0096099966161021,7.471409531391686,1.9361967151690005,True,0.3602941176470589,False,10,2.573643593921266e-05,58.422636691861314,,0.5176030654455884,0.9166666666666666
AHU21,AutoEncoder,198842,MAPLE,0.7547262506597648,False,1.6799028749574574,0.8703703703542525,-0.4534261173986937,0.2127244861189495,3.096255609531433,2.1025700487451218,True,0.1017780694059643,False,8,0.0989299968668168,176130.3292956539,,0.7299865672415835,0.0
AHU21,AutoEncoder,198842,SHAP,2.010125309723861,False,2.203096786010033,0.8888888888747796,-0.3639873130615644,0.1042646623548767,1.49944393741365,4.126543839282052,True,0.286764705882353,False,10,5.698777188421162e-05,117.87772523195002,,0.5661876937637338,1.0
AHU21,AutoEncoder,210411,LIME,0.787685206872277,False,2.344628074409109,0.8888888888747796,0.4683465969093992,-0.0776143427555641,7.394386046522243,1.3951481511075727,True,0.3627450980392157,False,5,,,,0.5362118299913657,0.9215686274509804
AHU21,AutoEncoder,210411,MAPLE,0.3475535684373396,False,1.8382432156373791,0.8703703703542525,0.0134265582660214,0.5429695911688035,2.177645342159618,1.1431180118923163,True,0.0588235294117647,False,4,,,,0.6798447092162584,0.0
AHU21,AutoEncoder,210411,SHAP,0.624604893672619,False,2.052954831750965,0.8888888888747796,0.0674780492012587,0.0100683644927024,0.9743403035273052,1.3989609552466344,True,-0.0367647058823529,False,5,,,,0.620024295101701,0.9318181818181818
AHU21,AutoEncoder,239412,LIME,0.9590479534217649,False,2.323078512794496,0.8888888888747796,0.449785905731587,0.082931078520239,6.2470270536608,1.8110362298772893,True,0.5808823529411765,False,4,,,,0.5448609602424849,0.9056603773584906
AHU21,AutoEncoder,239412,MAPLE,1.369768170121611,False,1.7881496496416232,0.8703703703542525,-0.20763292291938,-0.2653124448839649,4.162972245732384,2.1300623156920087,True,0.428921568627451,False,5,,,,0.7090767673078353,0.0
AHU21,AutoEncoder,239412,SHAP,0.9323332841036124,False,2.1169392499986297,0.8888888888747796,0.5617096055928028,0.0913639117603833,1.787560674687105,2.2036605904832203,True,0.3186274509803922,False,4,,,,0.6013400014128534,0.9782608695652174
AHU21,AutoEncoder,240053,LIME,1.39669758208412,False,2.3189737339269225,0.8888888888747796,-0.6724288020634208,-0.2856015439936706,10.468532380436658,2.22249539886582,True,0.4534313725490197,False,9,0.0001872550612698,410.1432282017393,,0.5464372648580156,0.9230769230769232
AHU21,AutoEncoder,240053,MAPLE,0.7439958611131193,False,1.7046618331120662,0.8703703703542525,-0.1760565147656599,0.6668266739873375,2.623023727052264,3.457798316485869,True,-0.3235294117647059,False,8,3.281312211115244e-05,60.521989172441465,,0.7210249699918334,0.0
AHU21,AutoEncoder,240053,SHAP,1.6705230769854131,False,2.2838378787670424,0.8888888888747796,-0.3578129090234254,-0.0051281878563077,1.5091346420735354,3.2727834976167856,True,-0.2058823529411765,False,9,0.0001267322408166,396.8983139165595,,0.5634330894432811,0.9655172413793104
AHU21,AutoEncoder,240405,LIME,1.369397495503574,False,2.339094756754453,0.9999999998,-0.6843396781343111,-0.2567473483501128,9.990546097082388,2.203669362857338,True,0.4607843137254902,False,9,0.0002493812434707,264.05452650746366,,0.5389246117547931,1.0
AHU21,AutoEncoder,240405,MAPLE,1.3183590782383294,False,1.6879508974136173,0.9999999998,-0.288198853552938,0.269110575641773,4.0926367033517455,2.357337778401046,True,-0.2401960784313725,False,8,2.502813620404196e-05,31.73366116658516,,0.7227518977361291,0.0
AHU21,AutoEncoder,240405,SHAP,2.1139405298181555,False,2.386576520070297,0.9999999998,-0.3150073585118669,-0.0854100382879248,3.4172441324812457,4.2471831287365305,True,-0.0906862745098039,False,9,7.230949533167097e-05,107.6921851008074,,0.5014243825708117,0.0
AHU21,AutoEncoder,240625,LIME,1.0295671521382443,False,2.327302990975182,0.9999999998,0.4976062658826866,-0.029843596639612,6.581683613398418,1.824366778824768,True,0.607843137254902,False,4,,,,0.5434199744304642,0.0
AHU21,AutoEncoder,240625,MAPLE,0.9548560071715336,False,1.7365923198842776,0.9999999998,-0.1939525124595177,0.9016015043146836,3.5597291068644683,1.6233932320572717,True,0.0,False,5,,,,0.6978732940901953,0.0
AHU21,AutoEncoder,240625,SHAP,1.0050057573992224,False,2.300825050300949,0.9999999998,0.2981160192160585,0.2857238238911103,3.72592610674201,2.46007062034074,True,0.3602941176470589,False,4,,,,0.5484507778282082,0.0
AHU21,AutoEncoder,240726,LIME,1.44061953972213,False,2.3463850367052013,0.9999999998,-0.6273999684405327,-0.0995796425417654,9.776481742435134,2.1737734854720903,True,0.428921568627451,False,9,0.000324438218142,415.4641549785299,,0.5328015146592602,0.0
AHU21,AutoEncoder,240726,MAPLE,1.365534882293644,False,1.76893402065064,0.9999999998,-0.4219728958366737,0.3516004216428972,5.236542323310895,2.4430662779922825,True,-0.071078431372549,False,8,9.39760802722205e-05,128.04918523488735,,0.715999435809709,0.0
AHU21,AutoEncoder,240726,SHAP,1.6920962386838825,False,2.3142919353416653,0.9999999998,-0.4184750402078266,0.1824305833026124,3.917979203199808,3.3192356833123218,True,0.0931372549019607,False,9,0.0001275576515237,115.31027051061112,,0.5453854077205181,0.0
AHU21,AutoEncoder,245409,LIME,1.0214440344902684,False,2.3110896304376887,0.9999999998,0.4820299029759554,-0.0457025056196149,7.070439780602223,1.778642239824335,True,0.5049019607843138,False,4,,,,0.5498046965453164,1.0
AHU21,AutoEncoder,245409,MAPLE,1.0245545196114607,False,1.8490479664257529,0.9999999998,-0.1140939467217184,0.8551419446135279,4.737428905265395,1.724155816369033,True,0.3774509803921569,False,5,,,,0.6928961906672616,0.0
AHU21,AutoEncoder,245409,SHAP,0.8581696123579192,False,1.980824213103478,0.9999999998,0.5060458998516659,-0.0113494559205912,3.8326991915029818,2.2158205797681205,True,0.2083333333333333,False,4,,,,0.6506223820578549,1.0
AHU21,AutoEncoder,249893,LIME,1.0604445177758668,False,2.3633903006193275,0.9999999998,0.3706907413852057,-0.2325437528518265,8.205265776132647,1.8915116292590035,True,0.5049019607843138,False,4,0.0007616569515954,959.5346094507456,,0.5269576274290091,0.0
AHU21,AutoEncoder,249893,MAPLE,0.6660704778154263,False,1.4270549186210897,0.9999999998,0.1453891146507158,0.0918043441662397,3.4012791694201705,1.2713933628271474,True,-0.1691176470588235,False,3,8.215960894217374e-05,64.827087017809,,0.7639204327126927,0.0
AHU21,AutoEncoder,249893,SHAP,1.7290760780599574,False,2.504089966236652,0.9999999998,0.5786345618071639,-0.1505168520156004,3.6426846525433256,3.764905347341256,True,-0.0294117647058823,False,4,0.0002539750058507,78.51248836640941,,0.4458911823641166,0.0
AHU21,AutoEncoder,252759,LIME,1.0703734961637903,False,2.318288378903051,0.9999999998,0.2173752554666115,-0.040392199785908,6.782583512356294,1.9014771247435984,True,0.4852941176470589,False,5,,,,0.5484450538102441,1.0
AHU21,AutoEncoder,252759,MAPLE,1.11841735379425,False,2.183771612873338,0.9999999998,-0.1736135725762255,0.8270590791966757,3.650726875564719,1.7600608084416407,True,0.4926470588235295,False,6,,,,0.5490346100824157,0.0
AHU21,AutoEncoder,252759,SHAP,0.9988517322520344,False,1.9932796702914528,0.9999999998,0.5887001750315553,-0.0966715340082819,3.7496359570406255,2.3303777628924043,True,0.3235294117647059,False,5,,,,0.644951578946472,1.0
AHU21,AutoEncoder,43465,LIME,1.052613309137144,False,2.3627981109733214,0.8888888888747796,-0.4861422953915533,-0.2784435251742747,7.069212961286427,1.6973333017560273,True,0.2009803921568627,False,4,,,,0.5251280661665791,0.8780487804878049
AHU21,AutoEncoder,43465,MAPLE,1.4977528834823224,False,2.14072760350568,0.8703703703542525,-0.1150216997618396,0.7523460000097423,3.71418831580871,2.483693698481695,True,0.267156862745098,False,5,,,,0.6062348264637069,0.0
AHU21,AutoEncoder,43465,SHAP,0.8753755589628212,False,2.076442269795739,0.8888888888747796,-0.2036108908194677,-0.1309833956979364,1.4269032206615742,2.184461299876194,True,-0.0759803921568627,False,4,,,,0.5808541089654277,0.8979591836734694
AHU21,AutoEncoder,60711,LIME,1.3689478945919304,False,2.3028755033411006,0.0952380952365835,0.1184201628037488,-0.1820552284412944,10.20574322846981,1.9043591033784364,True,0.661764705882353,False,8,7.469415459216288e-05,142.63458344411438,,0.5538607974510612,0.109090909090909
AHU21,AutoEncoder,60711,MAPLE,0.9823411113707142,False,1.8598598941198177,0.1111111111090535,0.556270080795862,-0.6287246171391504,2.4045839948910177,1.7827257681726894,True,0.1925199626112819,False,6,0.3981110008937081,925987.5621889912,,0.705499194094377,0.0
AHU21,AutoEncoder,60711,SHAP,0.2158906958303391,False,1.2084859534060546,0.0952380952365835,0.987324444094085,-0.9860772231705184,0.989861927225004,0.4632162437854272,True,0.3161764705882353,False,8,7.828413370101998e-05,275.5739896556158,,0.8205961562847134,0.2
AHU21,AutoEncoder,62404,LIME,1.263487902010377,False,2.3032893193321198,0.8888888888747796,-0.4619954875797409,-0.3879992846902994,8.053531249835665,1.8680335705419515,True,0.3823529411764707,False,8,5.328447137918854e-05,53.29465172114282,,0.5530672744182683,0.7692307692307693
AHU21,AutoEncoder,62404,MAPLE,2.010116597967939,False,2.1124743162783406,0.8703703703542525,-0.1091412768198028,-0.2805950739818647,3.761163782507301,3.2200502079969624,True,0.1078431372549019,False,7,0.0001793731248109,200.0545194761345,,0.6236747959473324,0.0
AHU21,AutoEncoder,62404,SHAP,1.2944315917035525,False,2.055933193038364,0.8888888888747796,-0.060902704099732,-0.1896961270464724,2.121465442046283,2.5113796055366024,True,0.0416666666666666,False,8,0.0002248287326581,274.45940629280346,,0.6128483375557044,0.9090909090909092
AHU21,AutoEncoder,64473,LIME,1.0886145864634031,False,2.3539963613654784,0.8888888888747796,0.3923857449678767,-0.1930806827728165,6.452753374980689,1.7475807000373995,True,0.5073529411764706,False,4,,,,0.5317065077347729,0.88
AHU21,AutoEncoder,64473,MAPLE,0.376407996376947,False,1.803843755443428,0.8703703703542525,-0.0864138463440387,0.5770256897668571,2.244572302647797,1.0497523011633314,True,0.1372549019607843,False,3,,,,0.7043600362554192,0.0
AHU21,AutoEncoder,64473,SHAP,0.6913549327612435,False,1.639808083512345,0.8888888888747796,0.175095305286172,-0.1066892124734037,1.7334184915057655,1.8228751010718696,True,0.1029411764705882,False,4,,,,0.7193813578442844,0.9245283018867924
AHU21,AutoEncoder,64782,LIME,0.9601452698127488,False,2.3261930188431155,0.0952380952365835,0.1422044375111777,-0.3091891210217808,7.11895372530542,1.7030384937644392,True,0.5318627450980392,False,3,0.0008340233931613,1550.1308037153224,,0.5436320633217138,0.1304347826086956
AHU21,AutoEncoder,64782,MAPLE,0.3382702365883629,False,1.5945549877967446,0.1111111111090535,-0.0493116351183748,0.5631429116116397,1.6552533172934567,1.100714021477103,True,0.1397058823529411,False,2,0.0013869720304205,3275.428704534937,,0.7585745575676146,0.0
AHU21,AutoEncoder,64782,SHAP,0.4024086584177776,False,1.489790658511987,0.0952380952365835,0.8003020517464318,-0.4980997555964742,1.7273668576595351,1.1210672167235325,True,0.3480392156862745,False,3,0.0008435133727737,1437.1828689492877,,0.7840119965148583,0.0967741935483871
AHU21,AutoEncoder,64794,LIME,1.0004397484571084,False,2.318424494508389,0.0952380952365835,0.1173043423134252,-0.3240093296336658,6.66516669747093,1.6343360554275597,True,0.3897058823529412,False,3,0.0007553216500522,2072.4439017405657,,0.5438969921637744,0.3636363636363636
AHU21,AutoEncoder,64794,MAPLE,0.4630436346806288,False,1.4630181409741287,0.1111111111090535,-0.0158216435914078,0.4516939443901525,3.18658056224074,1.3913276111575756,True,0.2205882352941176,False,2,0.0001559958779614,418.0864314002866,,0.776183971588103,0.0
AHU21,AutoEncoder,64794,SHAP,0.4613581417068742,False,1.6373217319326792,0.0952380952365835,0.6956722285710522,-0.5249156384926549,1.4869962252173987,1.1797335128724438,True,0.2426470588235294,False,3,0.0060140272991035,3455.720130406804,,0.7499709198133596,0.081081081081081
AHU21,AutoEncoder,64795,LIME,0.876050684113765,False,2.3325886416068293,0.0952380952365835,0.123448275439465,-0.2924458578073428,8.068030153233954,1.676085535613558,True,0.3725490196078431,False,3,0.0003695070916196,778.3788797229456,,0.5420110488207224,0.2
AHU21,AutoEncoder,64795,MAPLE,0.4592298877022597,False,1.4630181409741287,0.1111111111090535,-0.0115844199238158,0.4505634057304387,1.4287045855758194,1.3279074575499767,True,0.232843137254902,False,2,0.0001006248549001,302.9385186038801,,0.776183971588103,0.0
AHU21,AutoEncoder,64795,SHAP,0.4558401013005255,False,1.750791494616233,0.0952380952365835,0.7552897544200381,-0.5430814201005228,1.6060612131107128,1.207737167579718,True,0.4558823529411765,False,3,0.0006125402820569,644.056072655965,,0.7222570967145311,0.0833333333333333
AHU21,AutoEncoder,64811,LIME,0.9312567425183914,False,2.334932207103898,0.0952380952365835,0.1502511590201221,-0.3271618587037759,6.167628840186512,1.625269320122948,True,0.5392156862745099,False,3,0.0010246337413555,2247.8731705148653,,0.5389725608936858,0.1818181818181818
AHU21,AutoEncoder,64811,MAPLE,0.463775563122125,False,1.5262215191659076,0.1111111111090535,-0.0242447435283972,0.4504745985444188,2.213861271901598,1.3696070083177905,True,0.3333333333333333,False,2,5.22529001350268e-05,146.9810319571302,,0.7571253851755981,0.0
AHU21,AutoEncoder,64811,SHAP,0.5105121347421422,False,1.7095333040857854,0.0952380952365835,0.7983976841717072,-0.5475570677849013,1.754223620496451,1.361686301803745,True,0.2573529411764706,False,3,0.0030123273719479,4500.468000013916,,0.7492990366375193,0.0967741935483871
AHU21,AutoEncoder,77140,LIME,1.3466279689899512,False,2.36269105887395,0.8888888888747796,-0.6472632258221849,0.2179201646102081,8.222597591652134,1.887715086511159,True,0.2426470588235294,False,9,3.615771143812908e-05,43.09770303741976,,0.5240182837580333,1.0
AHU21,AutoEncoder,77140,MAPLE,2.5125686523037274,False,2.020433946274762,0.999999999875,0.0299619408854202,0.6386802065700157,4.46954742010954,3.5758368050832043,True,-0.250313018654515,False,5,0.4221338834088145,560384.2217602327,,0.6413153328359169,0.0
AHU21,AutoEncoder,77140,SHAP,2.701076123700976,False,2.379575861375132,0.8888888888747796,-0.4032582901034315,-0.0962389712790833,1.6276606688976116,5.8398949431366365,True,0.556372549019608,False,9,0.0002138757738918,162.82926325092816,,0.5077822341254388,0.9591836734693876
AHU21,AutoEncoder,77146,LIME,1.361158717247705,False,2.381324007777835,0.8888888888747796,-0.6572718755895225,0.238735550615635,8.375631059974646,1.902407012408572,True,0.2377450980392157,False,9,2.5837964105707595e-05,36.519575497299776,,0.5151130475197038,0.7777777777777778
AHU21,AutoEncoder,77146,MAPLE,1.812584109817149,False,1.875552784655564,0.999999999875,0.2155037845884514,0.3903853534591634,3.325429079443168,2.328348204057945,True,-0.3563569575918957,False,5,0.4431161597792198,482104.851833525,,0.6871930265943108,0.0
AHU21,AutoEncoder,77146,SHAP,3.0987277293415394,False,2.309290499578601,0.8888888888747796,-0.3464469953170598,-0.0345870268899069,1.431917653367584,6.822410412520761,True,0.3014705882352941,False,9,0.0005086022999113,372.6244791747219,,0.555447668146949,0.9387755102040816
AHU21,AutoEncoder,77154,LIME,1.3594241404836966,False,2.3519026452633547,0.8888888888747796,-0.660559796460677,0.2386059989963797,8.794609966489855,1.9767535035011348,True,0.1936274509803922,False,9,5.459095021481415e-05,64.75428521601995,,0.5294968625404128,0.875
AHU21,AutoEncoder,77154,MAPLE,4.6867115072658,False,2.341309030054353,0.999999999875,-0.1645151973234367,0.6065220217697935,3.281222062736596,6.874871604711495,True,-0.3452593360751931,False,5,0.4901016921887432,594518.6925680236,,0.5104783387980545,0.0
AHU21,AutoEncoder,77154,SHAP,3.30241487279951,False,2.443876918853157,0.8888888888747796,-0.4800510394919281,0.0834838344297928,1.611796930435949,7.309419437160249,True,0.3897058823529412,False,9,8.778650905211043e-05,84.26748823034666,,0.4800456684225168,0.9215686274509804
AHU21,AutoEncoder,98666,LIME,1.0410704751262212,False,2.406340820101604,0.8888888888747796,-0.4128136493342669,-0.2348530416216044,6.936933656151612,1.821829476876068,True,0.1715686274509804,False,4,,,,0.5000226323920677,0.875
AHU21,AutoEncoder,98666,MAPLE,1.4394060778276576,False,1.8205426548889636,0.8703703703542525,-0.2007621149310933,-0.0377056507070521,4.300896154498212,2.249996920680629,True,0.4166666666666667,False,5,,,,0.6855196443759284,0.0
AHU21,AutoEncoder,98666,SHAP,1.03996444902063,False,1.7094967653427244,0.8888888888747796,-0.065323619382383,-0.126159834610966,1.9705915595929275,2.133126575688428,True,0.0563725490196078,False,4,,,,0.7001807455089208,0.8666666666666667
AHU21,AutoEncoder,98980,LIME,1.0850662002879004,False,2.391293237101409,0.8888888888747796,0.0820983518328314,-0.2504553050402878,6.200897824481003,1.8215290557948756,True,0.4705882352941176,False,3,,,,0.5119845312783843,0.8823529411764706
AHU21,AutoEncoder,98980,MAPLE,1.3600851615213336,False,2.232405523709199,0.8703703703542525,-0.1793621645145072,0.5605778063394199,3.314191545177106,2.685331192072824,True,0.5245098039215687,False,4,,,,0.5844203717559705,0.0
AHU21,AutoEncoder,98980,SHAP,1.0497111904952885,False,2.234746821239283,0.8888888888747796,-0.0778077196605745,-0.1950191585517628,1.8816711679322344,2.333539526697416,True,-0.1102941176470588,False,3,,,,0.5701576120071034,1.0
AHU21,ECOD,10163,LIME,1.1072352870346396,False,2.617192829134864,0.6666666666560846,-0.7294442111500246,0.5577747645415229,7.877820952632989,1.4896499669508758,True,-0.0318627450980392,False,3,,,,0.3554527129719168,1.0
AHU21,ECOD,10163,MAPLE,0.7777605756805638,False,1.881111746524926,0.6111111110997943,0.4678553559014226,-0.5983240384669248,1.542964229350717,1.3515220013062,True,0.2181372549019608,False,2,,,,0.6487039471647758,0.0
AHU21,ECOD,10163,SHAP,,False,2.3280795580612037,0.6666666666560846,-0.4642425218943653,0.5417156187875086,7.184816626553265,2.1580148139203583,True,-0.3602941176470589,False,3,,,,0.5423238516566683,0.6862745098039216
AHU21,ECOD,10164,LIME,1.1240561727605658,False,2.6333305226134742,0.6666666666560846,-0.7192511794709013,0.5745871463701919,7.576003970417557,1.4587875507305526,True,0.0269607843137254,False,3,,,,0.3415502643349342,0.8
AHU21,ECOD,10164,MAPLE,0.7926572971695159,False,1.844155844321404,0.6111111110997943,0.4618396857984045,-0.5938264074127009,1.8059219799329136,1.3605437989061324,True,0.2720588235294118,False,2,,,,0.6633717899267763,0.0
AHU21,ECOD,10164,SHAP,,False,2.368541006745732,0.6666666666560846,-0.4689430739919498,0.5562532994027939,6.368330224555778,2.253458347826597,True,-0.5073529411764706,False,3,,,,0.5243218696575898,0.6923076923076923
AHU21,ECOD,10165,LIME,1.1593281920410756,False,2.5978639238914685,0.6666666666560846,-0.7427445620176585,0.5727691429438643,8.101149296410544,1.5170528527742289,True,-0.0784313725490196,False,3,,,,0.3697582306251636,0.6153846153846154
AHU21,ECOD,10165,MAPLE,0.7967806829459739,False,1.9799614760026367,0.6111111110997943,0.4383690532964521,-0.5780789312768642,1.3421848616558916,1.41072909686059,True,0.2156862745098039,False,2,,,,0.6298446391793057,0.0
AHU21,ECOD,10165,SHAP,,False,2.397033619055453,0.6666666666560846,-0.4997451836836434,0.5951538078728171,7.005949777845485,2.1983898617488444,True,-0.5294117647058825,False,3,,,,0.5071608386702512,0.7090909090909091
AHU21,ECOD,10172,LIME,1.1815778167787356,False,2.6083572776609047,0.6666666666560846,-0.7296481304820219,0.5808855999998565,7.382852294176783,1.538925761552629,True,0.0686274509803921,False,3,,,,0.3675925581960629,0.6666666666666666
AHU21,ECOD,10172,MAPLE,0.797974841580509,False,1.9563607098836835,0.6111111110997943,0.4292731068448522,-0.5713178931846659,1.376191343921111,1.4539931245497106,True,0.2205882352941176,False,2,,,,0.6377966572495212,0.0
AHU21,ECOD,10172,SHAP,,False,2.422956859288381,0.6666666666560846,-0.5061855647875229,0.6041932931783341,6.9917707678756456,2.1736729067264946,True,-0.5294117647058825,False,3,,,,0.4896003052964525,0.7142857142857143
AHU21,ECOD,10173,LIME,1.115730587362126,False,2.6411264246886264,0.3174603174552784,0.7233871554332696,0.5847218944996351,8.33066092576774,1.5298187587568242,True,0.0318627450980392,False,3,0.0001592514738652,22.39550090879558,,0.341918594371061,0.3333333333333333
AHU21,ECOD,10173,MAPLE,1.1236288508703145,False,2.3325702253395204,0.3703703703635116,-0.3172694309966992,-0.6718002302679766,1.954274674704555,2.651566308392068,True,0.3308823529411765,False,2,0.0002872577419195,34.11256300650818,,0.5341107462705822,0.0
AHU21,ECOD,10173,SHAP,,False,2.3848736503557726,0.3174603174552784,0.5306422118200055,0.5766409725390842,6.343726927103712,1.993564205264853,True,-0.5000000000000001,False,3,0.0007439108549172,,,0.5073814146621268,0.2727272727272727
AHU21,ECOD,10174,LIME,1.0339128480862771,False,2.6380081386063297,0.3174603174552784,0.7301542795578639,0.2810308808228145,8.160556183984209,1.4759587502666307,True,0.2794117647058823,False,3,0.001000227081456,75.91191764650537,,0.3349048385511989,0.4193548387096774
AHU21,ECOD,10174,MAPLE,0.9280710468363558,False,2.2147370859445714,0.3703703703635116,-0.3423891246020656,-0.6544930766428698,1.4294244767847222,1.668943082823945,True,0.2524509803921569,False,2,0.0001261455106025,12.868254151241556,,0.5796243124684926,0.0
AHU21,ECOD,10174,SHAP,,False,2.4308970329937685,0.3174603174552784,0.5432783359351024,0.5377436562320951,8.391226764149051,1.9961593827524684,True,-0.4926470588235295,False,3,0.0007741983769691,,,0.4797916848005672,0.2678571428571428
AHU21,ECOD,10176,LIME,1.113004734131276,False,2.6188884854950394,0.6666666666560846,-0.7362400820660397,0.5763311007348699,7.424251403288319,1.497197305955784,True,0.0,False,3,,,,0.3630656615148146,0.6896551724137931
AHU21,ECOD,10176,MAPLE,0.774135152325738,False,1.9576638325620144,0.6111111110997943,0.4348125642422338,-0.5751319108091301,1.6336107561596922,1.41443212587945,True,0.1985294117647059,False,2,,,,0.6346511798763866,0.0
AHU21,ECOD,10176,SHAP,,False,2.399554981056063,0.6666666666560846,-0.4957628638980966,0.5926358871946452,6.91041034351075,2.2676025556250936,True,-0.5171568627450981,False,3,,,,0.5008236182571737,0.7090909090909091
AHU21,ECOD,10177,LIME,1.1228382160978638,False,2.632595081678073,0.6666666666560846,-0.7109301231846715,0.5610480769498174,7.964255375752017,1.7494899709673697,True,0.0759803921568627,False,3,,,,0.3471291701658328,0.6666666666666666
AHU21,ECOD,10177,MAPLE,0.7357369770027974,False,1.856312638370628,0.6111111110997943,0.4568479052206637,-0.5918837394899804,1.743676817955759,1.3416555933114658,True,0.2034313725490196,False,2,,,,0.6550976921564338,0.0
AHU21,ECOD,10177,SHAP,,False,2.295067100796392,0.6666666666560846,-0.4498378541487951,0.5236137906997166,7.339720478690416,2.15627454938076,True,-0.4460784313725491,False,3,,,,0.5548372450548764,0.6862745098039216
AHU21,ECOD,10184,LIME,1.1885521120942566,False,2.592406039090175,0.6666666666560846,-0.7325361364496797,0.5765856806329512,6.9694538829603845,1.560133532683417,True,0.0465686274509803,False,3,,,,0.3822482851284767,0.7222222222222222
AHU21,ECOD,10184,MAPLE,0.7415218794942935,False,2.017712965908112,0.6111111110997943,0.4448340122982517,-0.5785835517815172,1.989976893006983,1.430557141166254,True,0.2843137254901961,False,2,,,,0.6122568123725023,0.0
AHU21,ECOD,10184,SHAP,,False,2.36110303643136,0.6666666666560846,-0.452129626255339,0.5639119194578747,6.878451826290043,2.339600776570028,True,-0.4975490196078431,False,3,,,,0.5233407838528099,0.7142857142857143
AHU21,ECOD,10185,LIME,1.1331294544111157,False,2.6357918183854405,0.3174603174552784,0.744307083841828,0.3363702216806568,8.91171548414729,1.7476492691968384,True,0.2107843137254902,False,3,0.0006255490244161,70.14572705538583,,0.3372852695910902,0.4285714285714285
AHU21,ECOD,10185,MAPLE,1.0065091533113393,False,2.3012074497838464,0.3703703703635116,-0.184129638203573,-0.6274402911354848,1.211933400826404,2.6363705025195685,True,0.3799019607843137,False,2,0.0003908291395326,77.50909435356395,,0.545640114728154,0.0
AHU21,ECOD,10185,SHAP,,False,2.4445196010841506,0.3174603174552784,0.5948770331220358,0.2933181228647253,5.743347695537613,1.9641686408665648,True,-0.3602941176470589,False,3,0.015870527368168,,,0.4524140844550329,0.2909090909090909
AHU21,ECOD,10187,LIME,1.30398928176742,False,2.6398237007444187,0.6666666666560846,-0.5633918394514805,0.3847251980255274,8.953068973206253,1.8837182988111392,True,0.1862745098039215,False,3,,,,0.3374171414435767,0.75
AHU21,ECOD,10187,MAPLE,0.8909537583617838,False,2.056782134676651,0.6111111110997943,0.4017243340509943,-0.5670505619782511,1.5225248091337535,1.4934034245970953,True,0.3480392156862745,False,2,,,,0.6044596109315078,0.0
AHU21,ECOD,10187,SHAP,,False,2.4405798971419954,0.6666666666560846,-0.4896087993373232,0.6000761654476893,5.987708332397302,2.369743613631312,True,-0.4411764705882353,False,3,,,,0.471898056645598,0.7142857142857143
AHU21,ECOD,10188,LIME,1.1704053260709637,False,2.613416946176751,0.6666666666560846,-0.714721223734785,0.5620813570934459,8.770258930632211,1.790668732995562,True,0.0196078431372549,False,3,,,,0.3608404551255523,0.6875
AHU21,ECOD,10188,MAPLE,0.8123854270035155,False,1.9506461743898105,0.6111111110997943,0.4123507881990353,-0.561948803006881,1.781479102683251,1.4016854446212108,True,0.2426470588235294,False,2,,,,0.6393748474052042,0.0
AHU21,ECOD,10188,SHAP,,False,2.421762710961464,0.6666666666560846,-0.4932574502142935,0.6113473620555991,6.722713479099938,2.358728948233907,True,-0.4926470588235295,False,3,,,,0.4851823859560062,0.7090909090909091
AHU21,ECOD,10191,LIME,1.2757198308333968,False,2.666910563629913,0.6666666666560846,-0.5148599372915225,0.3689662010374535,8.3052038323544,1.8061620192290664,True,0.2205882352941176,False,3,,,,0.3124354659692156,0.68
AHU21,ECOD,10191,MAPLE,0.8665938158998735,False,2.26747229751194,0.6111111110997943,0.4099118444825795,-0.6291118153913073,1.7890384792571414,2.5216866069883537,True,0.3088235294117647,False,2,,,,0.5434958634558739,0.0
AHU21,ECOD,10191,SHAP,,False,2.328867867640417,0.6666666666560846,-0.4480592940518124,0.5218375551344437,7.164802103580864,2.3350928103723234,True,-0.5000000000000001,False,3,,,,0.5358397960764206,0.7090909090909091
AHU21,ECOD,10197,LIME,1.1765054672080368,False,2.662281987360383,0.6666666666560846,-0.5636504283554367,0.4092903521943314,8.324343026196306,1.747250229186613,True,0.1985294117647059,False,3,,,,0.326265110582158,0.875
AHU21,ECOD,10197,MAPLE,0.7773589206715827,False,2.227036055024376,0.6111111110997943,0.4192242533923083,-0.6122067222048919,1.1208215543077125,1.5353113925572264,True,0.2745098039215686,False,2,,,,0.5454801869405729,0.0
AHU21,ECOD,10197,SHAP,,False,2.319731777368776,0.6666666666560846,-0.4529214140166119,0.5085779492337911,6.596931468523388,2.20276236969742,True,-0.4191176470588236,False,3,,,,0.5448279549484067,0.6862745098039216
AHU21,ECOD,102428,LIME,1.1054162697959384,False,2.645132828302232,0.3174603174552784,0.684104334124412,0.5544960691776842,11.089082722137048,1.5943805571858214,True,-0.1446078431372549,False,4,0.0001097617547497,29.66264008593106,,0.3368702531812398,0.1739130434782608
AHU21,ECOD,102428,MAPLE,0.7511265065883618,False,1.35380844734683,0.3703703703635116,0.6140011833005106,-0.0980962053935293,3.391335223630804,1.1649138929816674,True,0.2083333333333333,False,5,0.0001054568902818,22.33861020625353,,0.7990187761423944,0.0
AHU21,ECOD,102428,SHAP,,False,2.409136567142211,0.3174603174552784,0.6815796520895236,0.472839463648036,6.978360849415514,1.6679516077311305,True,-0.5098039215686275,False,4,0.0001750444467397,,,0.4966818540764826,0.1304347826086956
AHU21,ECOD,102433,LIME,1.099374321861796,False,2.6305542382165377,0.3174603174552784,0.6866491132256748,0.570821399738414,7.184833347769126,1.7060208167156905,True,-0.088235294117647,False,4,0.0002679485336541,51.98703774049033,,0.3480191296100695,0.1666666666666666
AHU21,ECOD,102433,MAPLE,0.7398414401333224,False,1.373839775990174,0.3703703703635116,0.6164880421024498,-0.1009098237158667,4.006855099696053,1.1498315692494308,True,0.2083333333333333,False,5,6.99896836084785e-05,18.081012768593467,,0.7949370616478115,0.0
AHU21,ECOD,102433,SHAP,,False,2.4033126164673884,0.3174603174552784,0.6803036475174121,0.4695422655401668,8.024489338190419,1.6415939795464614,True,-0.5269607843137256,False,4,0.0001834589415863,,,0.4989114469691442,0.1304347826086956
AHU21,ECOD,159784,LIME,0.9536136113064344,False,2.652570941648733,0.6666666666560846,-0.7579067162761184,0.5369085811337283,7.351359733139839,1.4534091142013768,True,-0.1004901960784313,False,7,,,,0.3381838752750282,0.6
AHU21,ECOD,159784,MAPLE,0.7628732299715963,False,2.2510617844963976,0.6111111110997943,-0.4973520070815457,0.4039161380126235,1.805582210188856,3.523723084572407,True,0.3161764705882353,False,6,,,,0.5593195591933109,0.0
AHU21,ECOD,159784,SHAP,,False,2.389844093609174,0.6666666666560846,-0.5625902810266729,0.502529859228802,7.678466507668553,2.0692393797010173,True,-0.5416666666666667,False,7,,,,0.5086101673167042,0.6981132075471698
AHU21,ECOD,159789,LIME,0.9573142048754648,False,2.644313288074001,0.6666666666560846,-0.7464394911085409,0.5223779737026908,8.36434412611267,1.4348701914793485,True,-0.1764705882352941,False,7,,,,0.3425388303527689,0.7352941176470589
AHU21,ECOD,159789,MAPLE,0.676570022068003,False,2.345814316877973,0.6111111110997943,-0.4598291057820886,0.3657310964376739,1.4873408885945305,3.717375377027776,True,0.3333333333333333,False,6,,,,0.5179453213704532,0.0
AHU21,ECOD,159789,SHAP,,False,2.4436462664956218,0.6666666666560846,-0.5893472403327326,0.5391110423707397,7.409738214706551,1.994565773611929,True,-0.590686274509804,False,7,,,,0.478104696008509,0.7090909090909091
AHU21,ECOD,159797,LIME,0.9628896561364024,False,2.633337119981385,0.6666666666560846,-0.7614342946994865,0.527873396430863,6.823004773281293,1.4428023002176948,True,-0.0955882352941176,False,7,,,,0.3548699992378714,0.9090909090909092
AHU21,ECOD,159797,MAPLE,0.6438683386546128,False,2.297792111202539,0.6111111110997943,-0.4759710712645467,0.3847288398960911,1.8788007777765443,2.3444394906949846,True,0.3553921568627451,False,6,,,,0.5378192093426164,0.0
AHU21,ECOD,159797,SHAP,,False,2.4285791342045204,0.6666666666560846,-0.5763179849501049,0.5235674165681793,7.27096651703879,2.1346163361843984,True,-0.6372549019607844,False,7,,,,0.4851464010179998,0.7037037037037037
AHU21,ECOD,159801,LIME,0.9429016750099468,False,2.658031353603857,0.6666666666560846,-0.7551089040591458,0.5389849621291823,10.105239567076744,1.4744042225999037,True,-0.1053921568627451,False,7,,,,0.3325240007411461,0.8888888888888888
AHU21,ECOD,159801,MAPLE,0.8404346537575336,False,2.30655987698948,0.6111111110997943,-0.4814857460483895,0.3873730332303716,1.612595855476244,3.989746836545528,True,0.3455882352941176,False,6,,,,0.5338455543459777,0.0
AHU21,ECOD,159801,SHAP,,False,2.419333538868846,0.6666666666560846,-0.5725916127291993,0.5187723036247959,7.638042855957926,2.1227984155097164,True,-0.6225490196078433,False,7,,,,0.4910445732543082,0.7037037037037037
AHU21,ECOD,160708,LIME,1.1839066548410302,False,2.697062196062899,0.6666666666560846,-0.6834310927486991,-0.4879606070864929,7.548365617673864,1.5190020319522226,True,-0.2230392156862745,False,4,,,,0.2946567900438421,0.6666666666666666
AHU21,ECOD,160708,MAPLE,1.1847766637400827,False,2.332905513547365,0.6111111110997943,-0.4146476457844911,0.0292438431626964,2.572571606265723,4.011834009457004,True,0.3627450980392157,False,3,,,,0.5389141410572299,0.0
AHU21,ECOD,160708,SHAP,,False,2.582270257353496,0.6666666666560846,-0.4913051989138196,-0.4761891529470246,7.3910152560670195,2.228804256662309,True,-0.7083333333333334,False,4,,,,0.38801102608901,0.7192982456140351
AHU21,ECOD,160746,LIME,1.4057482894414124,False,2.683692753697166,0.6666666666560846,-0.7979404386859612,-0.7953586410257211,8.349723154792967,1.8752742476241333,True,0.6544117647058824,False,10,,,,0.3058028665098478,0.625
AHU21,ECOD,160746,MAPLE,0.9592685874583428,False,2.076682168990811,0.6111111110997943,-0.3111234359178373,0.3610003135435644,1.0883223727418083,3.60270737973692,True,-0.148375257808695,False,8,,,,0.6233146887100165,0.0
AHU21,ECOD,160746,SHAP,,False,2.659208915782138,0.6666666666560846,-0.3043956397230242,-0.5251958653741715,11.26322534710735,5.766053300962403,True,-0.4068627450980392,False,10,,,,0.3254571048495777,0.6949152542372882
AHU21,ECOD,160807,LIME,1.3817534467399804,False,2.669751370443508,0.6666666666560846,-0.7420766871541192,-0.8029410142052087,11.195825109611556,1.9624538912712468,True,0.7426470588235294,False,11,,,,0.3214228222507568,0.7272727272727273
AHU21,ECOD,160807,MAPLE,1.9648142308432484,False,1.9295475563433893,0.999999999875,-0.3003718151671359,0.3393074879872634,1.7477045544106629,4.803955978244696,True,-0.4491660855750146,False,6,,,,0.6913788216538879,0.0
AHU21,ECOD,160807,SHAP,,False,2.706021137636537,0.6666666666560846,-0.1723962685237535,-0.2980009821367977,10.339282882164914,6.928929256084656,True,-0.4215686274509804,False,11,,,,0.278844726167553,0.7068965517241379
AHU21,ECOD,161562,LIME,1.049365120251487,False,2.714907558138733,0.3174603174552784,0.7219640080932193,-0.3472665089484705,8.08289052595438,1.4884783259397014,True,0.1127450980392156,False,4,4.776169644448816e-05,10.699230652110977,,0.2713968871432194,0.5882352941176471
AHU21,ECOD,161562,MAPLE,0.8414398054560753,False,2.4162755335386543,0.3703703703635116,0.1888938244090182,0.2139733065657617,1.1242550795614328,1.704163740536609,True,0.4607843137254902,False,3,6.285164854418668e-05,15.322340806792765,,0.4807457223994265,0.0
AHU21,ECOD,161562,SHAP,,False,2.435211814394792,0.3174603174552784,0.7099674056194658,-0.4206302014332797,6.482988538805849,1.6492409016877243,True,-0.3063725490196078,False,4,0.0003115722437691,,,0.4880972292841988,0.3636363636363636
AHU21,ECOD,161591,LIME,1.0536819693756636,False,2.713592232598569,0.3174603174552784,0.7080641874932477,-0.3371587494629636,10.464257730691608,1.4431680604547634,True,0.0735294117647058,False,4,9.381839080181506e-05,10.295487537819266,,0.2747876010900856,0.6666666666666666
AHU21,ECOD,161591,MAPLE,0.8599471861680412,False,2.346898971092576,0.3703703703635116,0.1333918920551164,0.2967456494773569,1.141853186862546,1.623352946755905,True,0.5049019607843138,False,3,0.0003228050770128,107.82502460900508,,0.5127247930290834,0.0
AHU21,ECOD,161591,SHAP,,False,2.480015714998437,0.3174603174552784,0.7159008445556431,-0.4571958855776015,7.253547570347291,1.6148004392451143,True,-0.2818627450980392,False,4,0.0001983110546186,,,0.4614450343522873,0.3137254901960784
AHU21,ECOD,161616,LIME,1.4175111244870002,False,2.6759748688049987,0.6666666666560846,-0.7396806751141044,-0.7384435027085027,10.984455981199398,1.952425682231934,True,0.698529411764706,False,10,,,,0.315904587609848,0.4705882352941176
AHU21,ECOD,161616,MAPLE,0.726101697553778,False,1.9030118918526668,0.6111111110997943,-0.3972569462668362,0.4463536983194569,2.086524099498789,2.4601980723839514,True,-0.3421214622200488,False,8,,,,0.6879622493514317,0.0
AHU21,ECOD,161616,SHAP,,False,2.72839336752305,0.6666666666560846,-0.5162851385784155,-0.3564835833358439,9.465391655443003,7.468168697177982,True,-0.6691176470588236,False,10,,,,0.2566983676256676,0.7068965517241379
AHU21,ECOD,162843,LIME,1.4023755071674504,False,2.6617265385662234,0.6666666666560846,-0.7195095798333316,-0.8115764154200482,9.4375209770479,1.896612105830751,True,0.7573529411764707,False,10,,,,0.3287711385699395,0.7894736842105263
AHU21,ECOD,162843,MAPLE,1.7402663789699528,False,1.930298876024101,0.999999999875,-0.2812756458637539,0.3361523784083296,2.326293507382289,5.206384939367823,True,-0.3846449904095429,False,5,,,,0.6842639640747228,0.0
AHU21,ECOD,162843,SHAP,,False,2.716571398202027,0.6666666666560846,-0.18689320539541,-0.2822918023750365,12.47951080697523,7.078567298819089,True,-0.3946078431372549,False,10,,,,0.268264329050919,0.7068965517241379
AHU21,ECOD,165865,LIME,1.1148088408186376,False,2.728509356115703,0.3174603174552784,0.7925295076546967,0.3913309050431257,6.902179536536224,1.4916868083788386,True,0.1323529411764706,False,6,3.2333991246599664e-05,7.939931551109342,,0.2591718503435199,0.4193548387096774
AHU21,ECOD,165865,MAPLE,0.5152135283528178,False,2.415346717185649,0.3703703703635116,0.5514896786890077,0.1833587835273596,0.6414631086981374,1.4417431089317938,True,0.2254901960784313,False,5,2.620086600304387e-05,6.81778385953735,,0.4920013595929424,0.0
AHU21,ECOD,165865,SHAP,,False,2.4541551941464173,0.3174603174552784,0.6679465744092289,0.3079873697168642,6.514002773777811,1.933988699568748,True,-0.3946078431372549,False,6,0.0002564736883716,,,0.478574227447146,0.3018867924528302
AHU21,ECOD,165869,LIME,1.1489796274773991,False,2.706333081533834,0.6666666666560846,-0.7637177507417632,0.3027350356905222,8.444794779112991,1.5845644882565832,True,0.2745098039215686,False,6,,,,0.283913287502343,0.5862068965517241
AHU21,ECOD,165869,MAPLE,0.6315848464627813,False,1.97909103711515,0.6111111110997943,-0.4929227770753665,-0.2378942577991543,0.8855327479341294,0.8118739636246849,True,0.3259803921568627,False,5,,,,0.6486336678642611,0.0
AHU21,ECOD,165869,SHAP,,False,2.4693599932309853,0.6666666666560846,-0.6168423066391836,0.3374758493384603,6.763362674119781,2.118089085079434,True,-0.3553921568627451,False,6,,,,0.4669401664311005,0.7017543859649122
AHU21,ECOD,165877,LIME,1.0689983539942474,False,2.729972223628676,0.3174603174552784,0.7906526524291009,0.357257439215507,8.606099101555044,1.527288803571621,True,0.1642156862745098,False,6,3.006632882920773e-05,7.736978246685874,,0.256773089868712,0.391304347826087
AHU21,ECOD,165877,MAPLE,0.465799403378822,False,2.3814948044194244,0.3703703703635116,0.5721017226104901,0.1585982598034706,1.341433511679759,1.153457414534194,True,0.2647058823529412,False,5,6.921845293744493e-05,22.072505031661645,,0.5110089020304793,0.0
AHU21,ECOD,165877,SHAP,,False,2.4920457833883893,0.3174603174552784,0.6626024414245427,0.3369768465257111,6.751678761301303,1.9140059196147627,True,-0.3848039215686274,False,6,0.0001685822858403,,,0.4560417778276251,0.2857142857142857
AHU21,ECOD,169883,LIME,0.9650964156803268,False,2.697646759701346,0.3174603174552784,0.5247305310546605,0.333374890276014,8.697422595363774,1.3536754020507933,True,-0.0637254901960784,False,3,7.783542559639984e-05,24.07026836347395,,0.2931795527338312,0.4166666666666667
AHU21,ECOD,169883,MAPLE,1.1990341133516238,False,2.532046079251124,0.3703703703635116,0.5795461180694964,0.4310011016261477,1.4603924264149093,2.5775993367120926,True,0.2990196078431372,False,2,0.0001425708071744,31.210784640615472,,0.3998940180381523,0.0
AHU21,ECOD,169883,SHAP,,False,2.527310387450191,0.3174603174552784,0.7857786881210819,0.6132067952462307,6.469326807450165,1.3140741820820308,True,-0.1348039215686274,False,3,0.0005245206572687,,,0.4257824016166246,0.3658536585365853
AHU21,ECOD,169892,LIME,1.0938659767453434,False,2.691799309891862,0.3174603174552784,0.4976211284625846,0.4479719513713451,9.464371467964911,1.857863863020546,True,-0.3455882352941176,False,3,9.844736819110934e-05,11.758996996867584,,0.3009794732932692,0.2608695652173913
AHU21,ECOD,169892,MAPLE,1.1379656431277396,False,2.242640340016075,0.3703703703635116,0.3958976203544154,-0.2034908516793178,2.8131078921991066,3.93776939998991,True,0.4632352941176471,False,4,7.974649343678781e-05,10.566026882663168,,0.5591467966703595,0.0
AHU21,ECOD,169892,SHAP,,False,2.607899049853626,0.3174603174552784,0.4868643764363117,0.5014785804287873,6.435122088675043,1.5778903908392137,True,-0.4754901960784314,False,3,0.0001787655878356,,,0.3750321774127948,0.3103448275862069
AHU21,ECOD,169895,LIME,0.9906261042141736,False,2.6910604151038657,0.3174603174552784,0.5684526203597073,0.3002503960698373,9.563277924196544,1.3743553085335856,True,-0.0833333333333333,False,3,0.0001010414232538,15.620532770372504,,0.2994752456368268,0.3846153846153846
AHU21,ECOD,169895,MAPLE,0.8695955416294039,False,2.388729355481628,0.3703703703635116,0.4735311021895726,0.1158966900732952,1.367439085445633,2.1045720800424896,True,0.4681372549019608,False,2,0.0001902107522912,39.66612274484364,,0.4903540168901684,0.0
AHU21,ECOD,169895,SHAP,,False,2.5292338019726084,0.3174603174552784,0.737959223804607,0.6303391258236154,6.8978038584886905,1.3644919450290267,True,-0.3431372549019608,False,3,0.0003975978595927,,,0.4252983686723104,0.3
AHU21,ECOD,169899,LIME,0.957025063005824,False,2.6954887148858573,0.3174603174552784,0.5781612866436604,0.3485081196632498,7.710552314019574,1.3873620240337114,True,-0.1004901960784313,False,3,9.38116701334304e-05,19.754156960069302,,0.2940298253900996,0.4
AHU21,ECOD,169899,MAPLE,0.9156631353086953,False,2.4650711626664004,0.3703703703635116,0.3597660545440227,-0.0260082793179777,1.185073681051387,1.9293221187665628,True,0.4068627450980392,False,2,7.0759160015468e-05,17.901929666313855,,0.4528738405915402,0.0
AHU21,ECOD,169899,SHAP,,False,2.523507572135364,0.3174603174552784,0.7682308900778614,0.5762206462610567,5.741998814857631,1.3911638638103014,True,-0.2696078431372549,False,3,0.0002495746615487,,,0.4301700949509914,0.3478260869565217
AHU21,ECOD,169905,LIME,1.0140160320276854,False,2.6913804366093115,0.3174603174552784,0.5846640773217348,0.3300847089268686,8.12812376954792,1.426737199056875,True,-0.0147058823529411,False,3,9.038919705871148e-05,17.04539101601104,,0.298840934665227,0.5294117647058824
AHU21,ECOD,169905,MAPLE,0.9723881239485268,False,2.438221642171241,0.3703703703635116,0.2600680320459276,-0.2092642251376174,1.0013454257768943,1.6357318022176233,True,0.5147058823529412,False,2,0.000116519532748,17.816248143307988,,0.4633013305125517,0.0
AHU21,ECOD,169905,SHAP,,False,2.532573677278846,0.3174603174552784,0.7551846422221434,0.5794562524664725,6.612002475135553,1.3959835299848613,True,-0.2818627450980392,False,3,0.000291563482684,,,0.4226865180817888,0.3333333333333333
AHU21,ECOD,186820,LIME,1.0929390150800224,False,2.687027939613826,0.6666666666560846,-0.6771453820025767,0.4766052179410491,7.84452546598774,1.468076706318893,True,-0.1691176470588235,False,4,,,,0.3051470995923215,0.6666666666666666
AHU21,ECOD,186820,MAPLE,0.7449551235368927,False,1.3555167160025996,0.6111111110997943,0.5220537133236479,-0.6855429707171565,2.9851474786015806,1.2058428427734873,True,0.3455882352941176,False,5,,,,0.7943727552958825,0.0
AHU21,ECOD,186820,SHAP,,False,2.52212021994728,0.6666666666560846,-0.4557611889703539,0.432253904590173,8.193024898550473,1.9469439538264308,True,-0.7598039215686275,False,4,,,,0.4287106810539232,0.7037037037037037
AHU21,ECOD,186832,LIME,1.0690804539990342,False,2.691355852890202,0.6666666666560846,-0.6969007501165942,0.4871167729012113,6.76556752490608,1.46819254044994,True,-0.2352941176470588,False,4,,,,0.3005034439784079,0.6190476190476191
AHU21,ECOD,186832,MAPLE,0.7397814217379656,False,1.3501635439260204,0.6111111110997943,0.5150680189638579,-0.6765036010332394,3.118729507689767,1.201185291949509,True,0.5686274509803922,False,5,,,,0.7927774472416206,0.0
AHU21,ECOD,186832,SHAP,,False,2.5218149796199265,0.6666666666560846,-0.4600548184849619,0.4276068107097266,7.2071722363406305,2.0061808251239657,True,-0.7426470588235294,False,4,,,,0.4303169155180325,0.6964285714285714
AHU21,ECOD,189380,LIME,1.3330307828941068,False,2.7198781319313907,0.6666666666560846,-0.6505908525313285,-0.3353701294741421,10.22014187444164,1.7419425933192558,True,0.2965686274509804,False,6,,,,0.2682548110012687,0.6666666666666666
AHU21,ECOD,189380,MAPLE,0.8323708871042297,False,1.3985910693618968,0.6111111110997943,0.2057160844353303,0.7282072596606076,2.8774718568503315,1.1260851691813143,True,0.6102941176470589,False,7,,,,0.7892895067015228,0.0
AHU21,ECOD,189380,SHAP,,False,2.426174224748188,0.6666666666560846,-0.3997808747614823,-0.2320898482073145,7.871798579877815,2.736779607333769,True,-0.4803921568627451,False,6,,,,0.4803009061857704,0.6779661016949152
AHU21,ECOD,190544,LIME,1.3945967132534636,False,2.6698911900455427,0.6666666666560846,-0.8277182457521687,-0.8941434357791517,8.892555232818658,2.0239600561323825,True,0.7892156862745099,False,10,,,,0.3222328102584986,0.7142857142857143
AHU21,ECOD,190544,MAPLE,0.5776752378158228,False,1.771179811466725,0.999999999875,-0.2181499520879539,0.3580153609954383,1.3237766854802788,1.1411670552960884,True,-0.5459477283232222,False,5,,,,0.727555230497913,0.0
AHU21,ECOD,190544,SHAP,,False,2.4211420852382566,0.6666666666560846,-0.6862382851820202,-0.4677938778759968,9.288116055771576,4.3064266069169,True,-0.536764705882353,False,10,,,,0.4473837943658069,0.8
AHU21,ECOD,190554,LIME,1.372257543174571,False,2.6593750045639566,0.6666666666560846,-0.8183201323635829,-0.8874836140073601,10.380582444924178,1.8574508353969537,True,0.7843137254901962,False,10,,,,0.3316446189565916,0.6875
AHU21,ECOD,190554,MAPLE,0.5632851455178849,False,1.883708033233739,0.999999999875,-0.1817165268876546,0.4036104357118091,2.26052378190163,1.8270086358476012,True,-0.256478363941572,False,6,,,,0.6950821785918765,0.0
AHU21,ECOD,190554,SHAP,,False,2.4130946436428107,0.6666666666560846,-0.6861757936752558,-0.4712557068744789,10.55608488728223,4.168261992671802,True,-0.5147058823529412,False,10,,,,0.4515730909883447,0.8
AHU21,ECOD,190574,LIME,1.3703807548088864,False,2.6923057430694084,0.6666666666560846,-0.6641844073884658,-0.901564609788999,10.131299691109655,1.8646433974553955,True,0.7573529411764707,False,10,,,,0.2987501796076301,0.6666666666666666
AHU21,ECOD,190574,MAPLE,0.6375974760935246,False,1.6777011506805688,0.999999999875,-0.1969624767797918,0.3790450410885411,1.9642779302809372,1.114128857606397,True,-0.4993929682516186,False,6,,,,0.7511407391418441,0.0
AHU21,ECOD,190574,SHAP,,False,2.45846139333561,0.6666666666560846,-0.6568499678293618,-0.5000966234498266,10.822519848739832,4.081714855305719,True,-0.7500000000000001,False,10,,,,0.4237481055869591,0.8
AHU21,ECOD,191102,LIME,1.4884396036123595,False,2.6852242891550637,0.6666666666560846,-0.7145482101807074,-0.3131661107848832,9.513097396622026,1.8770426580952928,True,0.4852941176470589,False,7,,,,0.3064902205324195,0.75
AHU21,ECOD,191102,MAPLE,0.8580405406090783,False,1.6367489170452831,0.6111111110997943,0.2103076824345717,0.5106179724805957,2.537205294208487,1.330289725431334,True,0.3921568627450981,False,6,,,,0.7176880018754866,0.0
AHU21,ECOD,191102,SHAP,,False,2.5936920346907817,0.6666666666560846,-0.310527976285715,-0.1122688914310289,9.12180700819676,4.427493744156407,True,-0.6176470588235294,False,7,,,,0.3850644828311583,0.6949152542372882
AHU21,ECOD,191529,LIME,1.280200227933813,False,2.714605989252909,0.6666666666560846,-0.8657739141764772,-0.5330679688456438,11.190119760187091,1.7426233549800068,True,0.7745098039215688,False,10,,,,0.2733383470361811,0.6666666666666666
AHU21,ECOD,191529,MAPLE,0.7848490773844987,False,1.8084781327956032,0.6111111110997943,-0.6084373535641312,-0.4018170626245069,1.6505126989801704,1.0624931204524264,True,0.3602941176470589,False,9,,,,0.7007330186316906,0.0
AHU21,ECOD,191529,SHAP,,False,2.2480554024833905,0.6666666666560846,-0.7254348001607117,-0.8397761395231479,8.648450363372932,2.839966899151481,True,-0.3235294117647059,False,10,,,,0.5302529248892411,0.7631578947368421
AHU21,ECOD,192043,LIME,1.375572141398418,False,2.738019893859328,0.6666666666560846,-0.8105331585359845,-0.3165663169204634,11.416144659897526,1.84095500973107,True,0.7818627450980392,False,8,,,,0.2448453224074847,0.7142857142857143
AHU21,ECOD,192043,MAPLE,0.8248211344206673,False,2.060592660889648,0.6111111110997943,-0.0649328332827222,0.0767125481971206,1.9028966529216809,1.768753869626863,True,0.1911764705882353,False,7,,,,0.6529493657816151,0.0
AHU21,ECOD,192043,SHAP,,False,2.651514305942236,0.6666666666560846,-0.5666316710527646,-0.2170073431376534,7.840105302049791,4.442146420960849,True,-0.4436274509803922,False,8,,,,0.3341295676658424,0.7
AHU21,ECOD,192734,LIME,1.3485502004988197,False,2.7131331629502826,0.6666666666560846,-0.9006564016379828,-0.8364315901706539,9.50061987384338,1.8649018644513655,True,0.6470588235294119,False,10,,,,0.2775200032349404,0.6875
AHU21,ECOD,192734,MAPLE,0.5171210776309774,False,1.6365203759166205,0.6111111110997943,0.0288369674980169,0.4737801259955558,2.377756007232596,1.4859076015391226,True,0.1666666666666666,False,9,,,,0.7289573011470952,0.0
AHU21,ECOD,192734,SHAP,,False,2.289951390389235,0.6666666666560846,-0.5980434625210113,-0.7914827652709663,9.028516804670556,3.143230700777748,True,-0.3431372549019608,False,10,,,,0.5131970884514282,0.8043478260869565
AHU21,ECOD,198708,LIME,1.421568202168356,False,2.701865433084904,0.6666666666560846,-0.7259653538285906,-0.8551159044779173,9.845864063544791,1.928432718671565,True,0.7352941176470589,False,10,,,,0.289248658203188,0.7692307692307693
AHU21,ECOD,198708,MAPLE,0.5466171871862588,False,1.8146306931643248,0.999999999875,-0.10071551984358,0.4991955291265676,1.8929384982998916,1.4651061876803029,True,-0.0833844424048864,False,8,,,,0.6919996693985379,0.0
AHU21,ECOD,198708,SHAP,,False,2.630936088776464,0.6666666666560846,-0.4340858879571088,-0.5047518088675714,8.377671873641873,5.325891692812879,True,-0.5343137254901961,False,10,,,,0.3481106200750339,0.6949152542372882
AHU21,ECOD,198814,LIME,1.3859283417653978,False,2.6645502919980224,0.6666666666560846,-0.7966670522660837,-0.8617273408597922,10.498924464601531,1.924465663489573,True,0.7794117647058825,False,10,,,,0.327201570302592,0.7741935483870968
AHU21,ECOD,198814,MAPLE,0.6407056446059246,False,2.09371104261818,0.6111111110997943,-0.2154028776303665,0.4197546110282113,1.4550115642448975,2.541555531483474,True,-0.1740196078431372,False,9,,,,0.619964053251308,0.0
AHU21,ECOD,198814,SHAP,,False,2.604151901548656,0.6666666666560846,-0.6331952264069869,-0.32692032974343,9.726322310693984,4.971514497642374,True,-0.625,False,10,,,,0.3526352890175318,0.6949152542372882
AHU21,ECOD,198842,LIME,1.357405226029746,False,2.6684522948582936,0.6666666666560846,-0.7631866033538878,-0.4070962931264338,10.397572099112615,1.8216441475933565,True,0.8676470588235294,False,10,,,,0.3212515898680866,0.6111111111111112
AHU21,ECOD,198842,MAPLE,1.0950737745646153,False,1.5662434520682844,0.6111111110997943,0.1821880016534055,-0.1527211075157035,1.894006854363792,1.538178784482335,True,-0.5307141326386927,False,7,,,,0.7722089994027683,0.0
AHU21,ECOD,198842,SHAP,,False,2.6839251870277523,0.6666666666560846,-0.2609867775607732,-0.0630559175917476,11.929403244791043,6.329308872685838,True,-0.6029411764705883,False,10,,,,0.3003419718323743,0.6949152542372882
AHU21,ECOD,210411,LIME,0.9682205383187836,False,2.655533743264621,0.3174603174552784,0.7945386109940812,-0.4452101935113155,8.99987279571181,1.3399390676885783,True,0.303921568627451,False,5,0.0013095558077377,411.9902104674613,,0.3166599563731213,0.6
AHU21,ECOD,210411,MAPLE,0.7476099439284066,False,2.3607505368127844,0.3703703703635116,0.4277860127122755,-0.2074784714722954,1.1608178019496052,1.8250948507950668,True,-0.2696078431372549,False,4,0.0001408409320316,45.46897398585247,,0.5206861579996892,0.0
AHU21,ECOD,210411,SHAP,,False,2.348906164643205,0.3174603174552784,0.7398753972520761,-0.3598135945391351,7.477854987907649,1.479421574799784,True,-0.0637254901960784,False,5,0.0001979209811026,,,0.5319123752389009,0.8571428571428571
AHU21,ECOD,239412,LIME,1.0040160617408365,False,2.6767007185525094,0.3174603174552784,0.7785802665079091,0.2495081444450198,9.653047706498414,1.4185184436068017,True,0.2573529411764706,False,4,0.0027704016413823,241.84467169460143,,0.2921810631249412,0.625
AHU21,ECOD,239412,MAPLE,0.7157498367989713,False,1.138454959011413,0.3703703703635116,-0.4874010979243106,-0.6161469061380926,4.686539104422049,1.1194076707520968,True,0.3823529411764707,False,5,5.724971800266056e-05,8.573615306467378,,0.804897695044068,0.0
AHU21,ECOD,239412,SHAP,,False,2.403603313179276,0.3174603174552784,0.5255567141207876,0.3769055859359947,8.203189897984155,1.6555935765898049,True,-0.3578431372549019,False,4,0.0006256076530171,,,0.5022684612512113,0.3333333333333333
AHU21,ECOD,240053,LIME,1.4211669528203448,False,2.70600805721652,0.6666666666560846,-0.9593586403826562,-0.5178975497208342,10.323029608268008,1.896836506235112,True,0.8455882352941178,False,9,,,,0.2633251326336772,0.2857142857142857
AHU21,ECOD,240053,MAPLE,0.7115730901451888,False,1.9074050878629936,0.6111111110997943,-0.4517426723472532,-0.3653908329887689,1.5502077098958176,1.465562838290826,True,0.607843137254902,False,8,,,,0.6961002998939568,0.0
AHU21,ECOD,240053,SHAP,,False,2.342229687740442,0.6666666666560846,-0.7257584883920373,-0.5512324039668945,8.27393108287703,2.510931140104347,True,0.1053921568627451,False,9,,,,0.5357360495185326,1.0
AHU21,ECOD,240405,LIME,1.4175553720538046,False,2.7019611659381995,0.39999999992,-0.8819024176511532,-0.3592409815071065,14.993721942458642,1.8042398733674516,True,0.9019607843137256,False,9,,,,0.2668710995546062,1.0
AHU21,ECOD,240405,MAPLE,0.8134198838059848,False,1.6044326670708475,0.39999999992,-0.128992758028437,0.0773787828751843,2.9221253141069865,1.0854178759550046,True,0.4950980392156863,False,8,,,,0.7740864208114635,0.0
AHU21,ECOD,240405,SHAP,,False,2.4913044146973857,0.39999999992,-0.5320603533760287,-0.4988426742943154,8.452996009299214,4.477191723723226,True,-0.0833333333333333,False,9,,,,0.4471722508668077,1.0
AHU21,ECOD,240625,LIME,0.9565734881605568,False,2.711870553645716,0.39999999992,0.7946583796005843,-0.3761565954214672,9.750779403551247,1.297754803471042,True,0.3357843137254902,False,4,0.0003392361226479,71.70972773383313,,0.2558302162722645,1.0
AHU21,ECOD,240625,MAPLE,0.7010649535065748,False,1.6145243022208116,0.39999999992,0.1691628443958089,0.38954165470568,3.449292336969488,1.3135512281220645,True,0.2745098039215686,False,5,0.0001270627881403,36.52327866273408,,0.7258540482770303,0.0
AHU21,ECOD,240625,SHAP,,False,2.4444983204790534,0.39999999992,0.6332731984738842,0.0076044119115001,7.443145931558083,1.4526752324473606,True,0.0931372549019607,False,4,0.0001366701706054,,,0.4757184725607048,1.0
AHU21,ECOD,240726,LIME,1.5547553814187358,False,2.680995873334001,0.39999999992,-0.8974996226569689,-0.4356147679226756,10.39896716843366,1.9163921284051435,True,0.8578431372549021,False,9,,,,0.291890540441891,0.5
AHU21,ECOD,240726,MAPLE,0.9684209224973008,False,1.768521217831215,0.39999999992,-0.2445358525447956,-0.2703520384524939,3.7496214931395344,1.496396330242478,True,0.4779411764705882,False,8,,,,0.7322848452549489,0.0
AHU21,ECOD,240726,SHAP,,False,2.3674812138447963,0.39999999992,-0.5805879293424341,-0.3525001897563333,9.643815872254248,3.6226070370059,True,0.0490196078431372,False,9,,,,0.507555020460894,1.0
AHU21,ECOD,245409,LIME,1.016046186839323,False,2.687869485470109,0.39999999992,0.7351778596041283,-0.1937023178121069,7.262641004719746,1.4030593109764498,True,0.3970588235294118,False,4,0.0002485498372839,53.1235220649653,,0.2868690964235841,0.5
AHU21,ECOD,245409,MAPLE,0.6872133348232109,False,1.4340900590293988,0.39999999992,-0.1721785392099676,0.5654954742489819,3.7205247880006063,1.2021355204738642,True,0.4411764705882353,False,5,9.14751726605125e-05,26.08543052131759,,0.7635444049618653,0.0
AHU21,ECOD,245409,SHAP,,False,2.502193292791389,0.39999999992,0.5424667208083739,-0.1067472511929222,6.531528012316533,1.5716525253885092,True,-0.071078431372549,False,4,0.00016547523621,,,0.4461885561619972,1.0
AHU21,ECOD,249893,LIME,1.2207633590057672,False,2.626675196711067,0.39999999992,-0.673756025231884,-0.4803022293282107,8.92247700954322,1.5916727003406883,True,0.0588235294117647,False,4,,,,0.3519108711543007,0.0
AHU21,ECOD,249893,MAPLE,0.9546909739646596,False,2.325111092873383,0.39999999992,0.4525547100914737,0.649069635609758,2.4618249242108696,2.888338490147877,True,0.3431372549019608,False,3,,,,0.5184536769546194,0.0
AHU21,ECOD,249893,SHAP,,False,2.3708713698473343,0.39999999992,-0.5215783218050404,-0.5109439900010613,8.197204689818953,2.1987489922656374,True,-0.2892156862745098,False,4,,,,0.5228588356734146,0.0
AHU21,ECOD,252759,LIME,1.0797698209120947,False,2.7053724384308064,0.39999999992,0.725307331966005,-0.1130472472941892,8.310845074486808,1.53743316245623,True,0.286764705882353,False,5,0.0001283813554615,30.678608233707585,,0.266839715355134,0.0
AHU21,ECOD,252759,MAPLE,0.8777733684565814,False,1.7276441233523503,0.39999999992,-0.2476785016074737,0.6185778698985788,3.0272081900098167,1.4679834684918789,True,0.4313725490196078,False,6,5.655932020243207e-05,14.446499363966684,,0.71799411193066,0.0
AHU21,ECOD,252759,SHAP,,False,2.4778881273254587,0.39999999992,0.4907225312631015,-0.1713909038997183,7.489858038857515,1.8750318950796647,True,-0.2352941176470588,False,5,0.0001636781320378,,,0.463164139304672,1.0
AHU21,ECOD,43465,LIME,1.2356325330010882,False,2.686289328715177,0.6666666666560846,-0.6075016139559911,-0.3967513392690296,7.9156019981830035,1.872873399102375,True,0.0269607843137254,False,4,,,,0.3043522395614605,0.696969696969697
AHU21,ECOD,43465,MAPLE,0.875931861153771,False,1.50584980660966,0.6111111110997943,0.4633464512540984,0.7285197255609831,3.633744715983178,1.1898674292500129,True,0.6225490196078433,False,5,,,,0.7831123161711985,0.0
AHU21,ECOD,43465,SHAP,,False,2.4081804993123943,0.6666666666560846,-0.5076334782118405,-0.4692380100177612,7.119311630133411,1.9010176696176455,True,-0.6004901960784315,False,4,,,,0.4942012519270237,0.8108108108108109
AHU21,ECOD,60711,LIME,1.121363957476312,False,2.7543211823126077,0.3174603174552784,0.926104145969273,-0.5791522505972454,8.933540753017244,1.622885551822013,True,0.6397058823529412,False,8,2.554745150838575e-05,10.73956244997906,,0.2217959034482527,0.2142857142857142
AHU21,ECOD,60711,MAPLE,0.5692168584417903,False,1.9961913440145789,0.3703703703635116,0.513572399554178,-0.0038017493953502,1.8103681625342296,1.4069662556236515,True,0.2647058823529412,False,7,3.041488781919828e-05,16.25074168251088,,0.6466341124105754,0.0
AHU21,ECOD,60711,SHAP,,False,2.3110855460696995,0.3174603174552784,0.8935325618970267,-0.383870890981947,7.178296829513515,1.637069872016811,True,-0.1936274509803922,False,8,0.0001290313652757,,,0.5514173613362435,0.0
AHU21,ECOD,62404,LIME,1.218284519470156,False,2.7317052555880768,0.6666666666560846,-0.903372375149476,-0.4506910044198147,9.036526965009111,1.685284497089407,True,0.4803921568627451,False,8,,,,0.2524938661489225,0.3333333333333333
AHU21,ECOD,62404,MAPLE,0.8344670771219045,False,1.939245430755813,0.6111111110997943,0.1925798602920321,0.6407774264624775,1.849572938867337,1.4352008137073775,True,0.5318627450980392,False,7,,,,0.6730947672661569,0.0
AHU21,ECOD,62404,SHAP,,False,2.454820638154784,0.6666666666560846,-0.893909479872423,-0.4716470797932805,9.121761976661334,2.63370531438336,True,-0.321078431372549,False,8,,,,0.4772815588107048,0.7586206896551724
AHU21,ECOD,64473,LIME,1.171601563256804,False,2.6955175073956648,0.6666666666560846,-0.696527511454394,-0.449102547095415,8.181551607682401,1.510640465277456,True,0.017156862745098,False,5,,,,0.2930692617691152,0.7575757575757576
AHU21,ECOD,64473,MAPLE,0.9673003192288422,False,2.4306597468286664,0.6111111110997943,-0.2571920570702058,-0.0522398275345306,2.008976643813935,5.5715114155968735,True,0.5833333333333334,False,4,,,,0.4704575616296129,0.0
AHU21,ECOD,64473,SHAP,,False,2.45276547743552,0.6666666666560846,-0.608073572111515,-0.5932830256457555,6.329203029017382,2.0868411265953117,True,-0.7745098039215688,False,5,,,,0.4736757033247821,0.7037037037037037
AHU21,ECOD,64782,LIME,1.0668411140003813,False,2.671783169484515,0.3174603174552784,0.7723047040727815,-0.6187827502846499,7.593546635857904,1.460054200003514,True,-0.2818627450980392,False,4,9.307123806899218e-05,13.090167451029409,,0.318082269896689,0.2857142857142857
AHU21,ECOD,64782,MAPLE,0.699407309060401,False,2.450025620796913,0.3703703703635116,0.3135563157677082,-0.1042985649355702,1.8810467604638776,5.545270632933429,True,0.6029411764705883,False,3,0.0001312056309307,19.55911829642567,,0.4602716118964828,0.0
AHU21,ECOD,64782,SHAP,,False,2.4987861152830924,0.3174603174552784,0.6138968601789102,-0.654216039240383,6.827953585429776,1.75700062634421,True,-0.7156862745098039,False,4,0.0004175515354204,,,0.442050108684191,0.2727272727272727
AHU21,ECOD,64794,LIME,1.116973855699475,False,2.671721372364664,0.3174603174552784,0.800872382926842,-0.6323572103366176,7.75553760176022,1.5134567349550485,True,-0.2254901960784313,False,4,6.797740993513761e-05,11.923505913145508,,0.3194385132454612,0.2857142857142857
AHU21,ECOD,64794,MAPLE,0.7667987978456753,False,2.487501507862351,0.3703703703635116,0.2794315935916743,-0.0162353162897408,3.047956491717686,4.7750477772956135,True,0.5710784313725491,False,3,0.0002383228346091,47.896514843732994,,0.4378170281511327,0.0
AHU21,ECOD,64794,SHAP,,False,2.4327084615483945,0.3174603174552784,0.5676375158441713,-0.6055289038368501,6.796122866275484,1.8226220735862249,True,-0.6348039215686275,False,4,0.0003610689542627,,,0.484722177514651,0.2941176470588235
AHU21,ECOD,64795,LIME,1.134427145941286,False,2.661673710322233,0.3174603174552784,0.7947468403392247,-0.6215218678769026,7.897219001643477,1.4437037474055727,True,-0.2769607843137255,False,3,8.329691849658005e-05,13.935556927921043,,0.3276910774704504,0.4166666666666667
AHU21,ECOD,64795,MAPLE,0.8166040513578582,False,2.485423056440744,0.3703703703635116,0.278644046472794,-0.0160470433635786,2.577428257756325,4.921044015936859,True,0.573529411764706,False,2,0.0001430778130575,23.6700898000564,,0.4407309307060789,0.0
AHU21,ECOD,64795,SHAP,,False,2.441404926283642,0.3174603174552784,0.5687651107445071,-0.6082791906897208,6.916921865280003,1.9012291476631,True,-0.7009803921568628,False,3,0.0005135960145239,,,0.4802476799781298,0.2941176470588235
AHU21,ECOD,64811,LIME,1.1490636853837315,False,2.6839234357639774,0.3174603174552784,0.7894103819809725,-0.6194450263733606,8.490675871290954,1.4996191288000502,True,-0.321078431372549,False,3,0.0001524629219275,13.813127383391992,,0.3070293188684823,0.15
AHU21,ECOD,64811,MAPLE,0.7999889368769822,False,2.4712069667336296,0.3703703703635116,0.3041095029057258,-0.070208072370746,1.9861209403981344,4.687497451398377,True,0.6151960784313726,False,2,9.464137228196584e-05,24.211414389263908,,0.4478877974248519,0.0
AHU21,ECOD,64811,SHAP,,False,2.4951363640489097,0.3174603174552784,0.5903294282804671,-0.6351980580467811,6.973757343909996,1.7417349046332302,True,-0.7720588235294118,False,3,0.0003040890497642,,,0.4468903165216804,0.2777777777777778
AHU21,ECOD,77140,LIME,1.276139468439022,False,2.7319915146976337,0.6666666666560846,-0.8553628256701693,0.4093739545141061,9.006963121789,1.754545061170581,True,0.8970588235294119,False,9,,,,0.2516882341935594,0.5833333333333334
AHU21,ECOD,77140,MAPLE,0.8593575003099531,False,1.4725622449687057,0.999999999875,0.021371221668959,0.0127278212749507,2.9651047547243974,1.3586247653318653,True,-0.1154794640463822,False,6,,,,0.7918867155089102,0.0
AHU21,ECOD,77140,SHAP,,False,2.560043693926195,0.6666666666560846,-0.7887862000492981,0.5329521283775487,10.07054449500619,4.77326969692578,True,-0.1446078431372549,False,9,,,,0.4084356993641709,0.7454545454545455
AHU21,ECOD,77146,LIME,1.260903536403606,False,2.734953295589545,0.6666666666560846,-0.8750378589226159,0.4327365877127315,11.315307925848987,1.7118228994490805,True,0.877450980392157,False,9,,,,0.2458909409264748,0.5
AHU21,ECOD,77146,MAPLE,0.8284970713987913,False,1.478917604803874,0.999999999875,-0.0542390022469717,-0.000292346131347,3.0982640254066527,1.2613938073486173,True,-0.1179364739197094,False,6,,,,0.7901514651307076,0.0
AHU21,ECOD,77146,SHAP,,False,2.5458911663145503,0.6666666666560846,-0.7725247150462157,0.5200298863994022,8.115843527402268,4.384158065262077,True,-0.0465686274509803,False,9,,,,0.4193854095565801,0.7454545454545455
AHU21,ECOD,77154,LIME,1.2682763928687653,False,2.731839289927104,0.6666666666560846,-0.8847875713907734,0.4442883201880961,10.528599730427793,1.758314924136655,True,0.8872549019607844,False,9,,,,0.2491775558042281,0.625
AHU21,ECOD,77154,MAPLE,0.8367858794762566,False,1.4818472075694054,0.999999999875,-0.1070873665954005,-0.068859676891137,2.266799137571303,1.1727488297523851,True,-0.1277645134130186,False,6,,,,0.7888249588690646,0.0
AHU21,ECOD,77154,SHAP,,False,2.535976450107822,0.6666666666560846,-0.7814955338426263,0.5085221140085938,8.143249666548718,4.478431112304978,True,-0.0612745098039215,False,9,,,,0.425846698917459,0.7592592592592593
AHU21,ECOD,98666,LIME,1.2067906760649536,False,2.637704138653776,0.6666666666560846,-0.5687497309192308,-0.3457128062871962,7.99018356536397,1.7656392430520609,True,0.0955882352941176,False,4,,,,0.336507338143084,0.7222222222222222
AHU21,ECOD,98666,MAPLE,0.9034772635613048,False,1.5252930421606856,0.6111111110997943,0.4077191614603181,0.7627570926225632,3.0468213784577824,1.1785461453600805,True,0.3946078431372549,False,5,,,,0.7776941506648849,0.0
AHU21,ECOD,98666,SHAP,,False,2.441878663584107,0.6666666666560846,-0.4273363447615943,-0.4005850137060022,6.861613876738836,2.35500379513417,True,-0.6372549019607844,False,4,,,,0.4767821990009583,0.7446808510638298
AHU21,ECOD,98980,LIME,1.0791846431409324,False,2.612590921336554,0.6666666666560846,-0.7248836834148035,-0.5460771215454651,6.995430377051721,1.4342938704368762,True,-0.232843137254902,False,3,,,,0.3595790086484066,0.75
AHU21,ECOD,98980,MAPLE,0.902838120519174,False,1.5224374568575685,0.6111111110997943,0.505084676182986,0.5950811033567899,3.0514316173206217,1.2932587457057398,True,0.2034313725490196,False,4,,,,0.7372833263104904,0.0
AHU21,ECOD,98980,SHAP,,False,2.403658247920405,0.6666666666560846,-0.4508926886980129,-0.4677450823867297,7.931929670397696,2.0574482836073567,True,-0.625,False,3,,,,0.4974432662419982,0.7391304347826086
AHU21,HBOS,10163,LIME,0.8909475947508669,False,2.527151165097739,0.396825396819098,-0.0750605609534142,0.6296279605245287,7.877550747237547,1.384454636819841,True,-0.0012262418000718,False,4,0.000381845307835,139.84636243532458,,0.4079961950906876,0.4166666666666667
AHU21,HBOS,10163,MAPLE,0.9847037838885332,False,2.5023279150982103,0.4545454545371901,0.4815868962029833,-0.0584561971919218,2.967745209677694,1.5114043780172972,True,0.0698957826040959,False,4,3.251498404843867e-05,11.992389755970308,,0.4472470631461041,0.6071428571428571
AHU21,HBOS,10163,SHAP,0.9697595121910568,False,2.318934412388157,0.396825396819098,-0.1125114555692384,0.5084480789036219,4.312847321730438,1.5507941220377044,True,-0.4328633554253664,False,3,1.4551807333922724,398550.4821350257,,0.5443947672484056,0.0
AHU21,HBOS,10164,LIME,0.9095871071295492,False,2.538753153853978,0.396825396819098,-0.0811607181933943,0.6244375039551755,8.965684301925021,1.342595451899795,True,0.0159411434009341,False,4,0.0001679365149705,65.51794092545444,,0.4018966748836167,0.4615384615384615
AHU21,HBOS,10164,MAPLE,0.9975123709649628,False,2.5045434076105395,0.4545454545371901,0.4828020578775676,-0.0682865414876847,2.8712996821252275,1.6238367843919803,True,0.0748007498043834,False,4,3.6423669853644666e-05,14.661398919332822,,0.4452688636685198,0.6206896551724138
AHU21,HBOS,10164,SHAP,0.9759885572501168,False,2.3166389106692526,0.396825396819098,-0.1123098824583913,0.5079703310519627,5.093206090487682,1.516410399475773,True,-0.4328633554253664,False,3,1.5451687571756842,351851.1598178969,,0.5453972911145638,0.0
AHU21,HBOS,10165,LIME,0.9243733248029722,False,2.4615641135753057,0.396825396819098,-0.0828014553254701,0.6361722697955117,9.825115305196595,1.6007503580027964,True,0.0196198688011497,False,5,0.0017502966860313,1286.635548892483,,0.4450772486688978,0.3571428571428571
AHU21,HBOS,10165,MAPLE,0.973071496195229,False,2.5246881787876685,0.4545454545371901,0.4218769168517046,0.1742668874843801,2.381721394211844,2.0792699745373766,True,-0.1790313028104915,False,5,0.0003426324787291,71.87952407382555,,0.4284779292819258,0.6190476190476191
AHU21,HBOS,10165,SHAP,0.93526167553939,False,2.305308916335323,0.396825396819098,-0.0965720399732803,0.5142100224672392,4.178349724232399,1.6527646837164098,True,-0.4843655110283845,False,4,1.1682643529409489,308192.4864844503,,0.5510444203687728,0.0
AHU21,HBOS,10172,LIME,0.927953970215372,False,2.471528669788154,0.396825396819098,-0.0909804807347978,0.6290727774601118,8.729329876090388,1.4625401745075168,True,0.008583692600503,False,5,0.0003202405223599,373.51102636506977,,0.440719821210819,0.3809523809523809
AHU21,HBOS,10172,MAPLE,0.8154387808918715,False,2.515176930528749,0.4545454545371901,0.3772908439752051,0.2130894222829235,1.916553119719852,2.105391245724172,True,-0.1679951266098447,False,5,0.002947580916593,1100.9463624569578,,0.4261055828931265,0.65
AHU21,HBOS,10172,SHAP,0.9250725032106698,False,2.306457692307486,0.396825396819098,-0.0965876508045914,0.5145199842178733,4.495460306773108,1.4695737033186698,True,-0.4843655110283845,False,4,1.7131945142093377,336755.97277122905,,0.5505403562849013,0.0
AHU21,HBOS,10173,LIME,0.908899945703364,False,2.5263037291490305,0.396825396819098,-0.0719717329795568,0.6403991251023147,11.10863609107735,1.4294560480003735,True,-0.008583692600503,False,4,0.0002208754127265,65.89907915872006,,0.4099161707652402,0.4
AHU21,HBOS,10173,MAPLE,1.0535519658114132,False,2.4737308155155824,0.4545454545371901,0.4889270798525136,-0.0711627456785851,2.7792784939327,1.6275760656276306,True,0.008583692600503,False,4,4.595240147481656e-05,11.280055705229412,,0.4640855362543759,0.625
AHU21,HBOS,10173,SHAP,0.9137938827164186,False,2.316844422880763,0.396825396819098,-0.1121763450553109,0.5079188067650441,4.882282369903429,1.507904720948326,True,-0.4328633554253664,False,3,1.4032076037206738,379565.8163887014,,0.5452921833484813,0.0
AHU21,HBOS,10174,LIME,0.8601171304190015,False,2.5080900889418265,0.5873015872922651,0.2529452733322765,0.4470697604185071,9.614482395364195,1.5135895546329603,True,0.2562845362150187,False,5,,,,0.4154994522710879,0.4545454545454545
AHU21,HBOS,10174,MAPLE,1.068602826861955,False,2.191248917006074,0.5272727272631406,-0.2065866465674956,-0.2675741024351978,4.341798603793532,1.5134627922328605,True,0.2489270854145875,False,5,,,,0.5630458871541639,0.4827586206896552
AHU21,HBOS,10174,SHAP,1.3309618530698688,False,2.350742381891066,0.5873015872922651,0.1132321769651822,0.4574293720121077,4.534712959197285,1.854254519951239,True,-0.3617413310211986,False,4,,,,0.5284992468438975,0.0
AHU21,HBOS,10176,LIME,0.9290050873004868,False,2.4766971779043545,0.396825396819098,-0.0931695468519285,0.6243253547628606,12.036285061694889,1.5620448016456712,True,-0.0306560450017964,False,5,0.0002723668544088,99.85809323952309,,0.4384290893370589,0.4444444444444444
AHU21,HBOS,10176,MAPLE,1.022800998420176,False,2.567168400729102,0.4545454545371901,0.4927717999460719,0.1373323851757305,3.6543346462300046,2.054111346121785,True,-0.1373390816080482,False,5,0.0001941869831232,70.25645852540381,,0.3995485021545295,0.6
AHU21,HBOS,10176,SHAP,1.0791995866455848,False,2.305702508340232,0.396825396819098,-0.0961550853625701,0.514457822853132,4.800014687760208,1.5934112076456866,True,-0.4843655110283845,False,4,1.3731970194179666,387667.77067406406,,0.5509199340098064,0.0
AHU21,HBOS,10177,LIME,0.9162271659807854,False,2.5144421943311444,0.5873015872922651,0.2663318880860888,0.4462079800167102,9.94526346874419,1.4923296991104815,True,0.2808093722164558,False,5,,,,0.4099199274374261,0.391304347826087
AHU21,HBOS,10177,MAPLE,1.025289585990654,False,2.112661205465823,0.5272727272631406,-0.1910485511366127,-0.2677808987216586,5.2644873118246265,1.4105061799187515,True,0.2403433928140844,False,5,,,,0.5818645434465252,0.625
AHU21,HBOS,10177,SHAP,1.365346768292559,False,2.351563452162959,0.5873015872922651,0.1130200150994495,0.4581730844142179,5.262212667540583,1.793422865805174,True,-0.3617413310211986,False,4,,,,0.5280642471420087,0.0
AHU21,HBOS,10184,LIME,0.9511019539365272,False,2.502558381332697,0.396825396819098,-0.090986024798687,0.629135451842429,8.697557988913447,1.4627076476320144,True,0.0159411434009341,False,5,0.0002898101227767,180.4298004782988,,0.4256821901360822,0.2
AHU21,HBOS,10184,MAPLE,0.8735490217028412,False,2.5625837215824543,0.4545454545371901,0.3421379166726256,0.2350063129285038,3.364534725400932,2.277431143307719,True,-0.1397915652081919,False,5,0.0001921990119894,63.29307053822358,,0.3998715444879076,0.5909090909090909
AHU21,HBOS,10184,SHAP,1.0330752245232335,False,2.304599706805712,0.396825396819098,-0.096199969423082,0.5142315513988672,4.415537634069782,1.4599749265930737,True,-0.4843655110283845,False,4,1.9073136262779289,383315.070887312,,0.5513962673395499,0.0
AHU21,HBOS,10185,LIME,1.0273713123016597,False,2.519883132825708,0.5873015872922651,0.2697637768916787,0.4399214924191895,8.551966301935785,1.5534989726901425,True,0.2489270854145875,False,5,,,,0.4132929692317943,0.48
AHU21,HBOS,10185,MAPLE,0.9211796955907928,False,2.162283218009926,0.5272727272631406,-0.1911377906070049,-0.2752199419137493,3.631891869695453,1.494465074467545,True,0.2893930648169588,False,5,,,,0.5886996446096435,0.6
AHU21,HBOS,10185,SHAP,1.3353621189482312,False,2.350606029307166,0.5873015872922651,0.1123565633622607,0.4581974007029831,4.382603011312739,1.8063389404321253,True,-0.3617413310211986,False,4,,,,0.5285713665745745,0.0
AHU21,HBOS,10187,LIME,1.035515730857134,False,2.498548695728564,0.5873015872922651,0.3032546966323118,0.4376511252066756,10.596311600795374,1.5846954195603211,True,0.2023298970118568,False,6,,,,0.4309281133113888,0.25
AHU21,HBOS,10187,MAPLE,1.0197430356659865,False,2.3132931074476915,0.5272727272631406,-0.2655926584371657,-0.2752619996575068,3.6854811057387655,1.578126418818426,True,0.3568363638209111,False,6,,,,0.5053454516832553,0.4571428571428571
AHU21,HBOS,10187,SHAP,1.320314863658389,False,2.339120164734793,0.5873015872922651,0.1136172453836697,0.4553628301587083,4.591926339811353,1.8743193441811197,True,-0.4132434866242166,False,5,,,,0.5341320925552292,0.0
AHU21,HBOS,10188,LIME,1.0281973014205052,False,2.4888506136250665,0.5873015872922651,0.2854324324975194,0.4484756995013652,11.47498672257544,1.57985044876828,True,0.2121398314124317,False,6,,,,0.4314624214138953,0.5714285714285714
AHU21,HBOS,10188,MAPLE,1.05425236148836,False,2.245149359937306,0.5272727272631406,-0.2321036163893912,-0.2724399266903679,4.119676159941678,1.5047088208321802,True,0.375229990821989,False,6,,,,0.5350576467888136,0.48
AHU21,HBOS,10188,SHAP,1.2201193579815193,False,2.33916718252954,0.5873015872922651,0.1136509531197762,0.4553629357438942,4.941995907559565,1.8258349383239765,True,-0.4132434866242166,False,5,,,,0.5341048088903441,0.0
AHU21,HBOS,10191,LIME,1.0491893874949998,False,2.512016260593596,0.5873015872922651,0.2600821058394097,0.4424441896605939,11.162059486427454,1.650984920639068,True,0.2464746018144437,False,5,,,,0.4133646622830892,0.4666666666666667
AHU21,HBOS,10191,MAPLE,0.6715929209437934,False,2.6288540515026626,0.5272727272631406,-0.2868886099031423,0.0330805078920282,3.2449038063092157,2.174608036373232,True,0.095646860405605,False,5,,,,0.3396974881638565,0.4
AHU21,HBOS,10191,SHAP,1.272251001293928,False,2.350789396756489,0.5873015872922651,0.1130483316861551,0.4579413525310573,4.303592529668017,1.861510780085622,True,-0.3617413310211986,False,4,,,,0.5284629275357907,0.0
AHU21,HBOS,10197,LIME,0.9514281052942964,False,2.4625363792535118,0.5873015872922651,0.304066794429041,0.4747065030512972,7.669996012659353,1.4639664763383986,True,0.226854733013294,False,6,,,,0.4481122125488605,0.7777777777777778
AHU21,HBOS,10197,MAPLE,0.9931384876658812,False,2.2687634427506858,0.5272727272631406,-0.2421711707218576,-0.302190403269819,4.069915152999225,1.5912656599401078,True,0.2624157452153779,False,6,,,,0.540950262003928,0.4571428571428571
AHU21,HBOS,10197,SHAP,1.313475424685283,False,2.3439982565768056,0.5873015872922651,0.1600059989241097,0.3582945424128821,5.053058659985092,1.834456394943797,True,-0.4181484538245041,False,5,,,,0.5318741588347922,0.0
AHU21,HBOS,102428,LIME,1.0064221403026037,False,2.39969911378875,0.5873015872922651,-0.5889664219622508,0.350423889863074,8.674306294953121,1.5818825538223134,True,0.2990196078431372,False,8,,,,0.4855748127133389,0.75
AHU21,HBOS,102428,MAPLE,0.991769592592687,False,2.564454226897252,0.5272727272631406,-0.2552742048028888,0.4915945882387701,4.176454266854188,1.8322744805411764,True,-0.0294117647058823,False,8,,,,0.3964899656314909,0.5454545454545454
AHU21,HBOS,102428,SHAP,1.0064703176605727,False,2.19446622464574,0.5873015872922651,-0.6422490821599028,0.4976320603793617,4.792216808487299,1.4316046648284464,True,-0.6151960784313726,False,7,,,,0.5882244401893633,0.0
AHU21,HBOS,102433,LIME,0.9787872790897134,False,2.3810273732792817,0.5873015872922651,-0.5887867647703249,0.3514666260519052,10.25029471663547,1.732670396023501,True,0.2843137254901961,False,8,,,,0.4903328567201836,0.9
AHU21,HBOS,102433,MAPLE,1.0196662802976535,False,2.540345543094209,0.5272727272631406,-0.2128402911966734,0.4742137456768611,3.921676147075602,1.8278214927154472,True,0.034313725490196,False,8,,,,0.4127881370009024,0.6666666666666666
AHU21,HBOS,102433,SHAP,1.05137788611127,False,2.194466224645738,0.5873015872922651,-0.6422490821599028,0.4976320603793621,4.971136238329865,1.393541845879087,True,-0.6151960784313726,False,7,,,,0.5882244401893639,0.0
AHU21,HBOS,159784,LIME,0.8147398122409364,False,2.507294667596105,0.5873015872922651,-0.0897869414073311,0.5614122164180234,9.12673050113991,1.3617280540971748,True,0.1078431372549019,False,8,,,,0.4308983809382163,0.5555555555555556
AHU21,HBOS,159784,MAPLE,0.2430548460293321,False,2.499963094136042,0.5272727272631406,0.0103862880245213,-0.2659292224189526,1.659836376871146,0.9559830990613976,True,-0.2720588235294118,False,8,,,,0.4156459749946903,0.5454545454545454
AHU21,HBOS,159784,SHAP,1.0876757002588189,False,2.2685046213509805,0.5873015872922651,-0.1106185626543151,0.3940641102479168,4.496999279027434,1.547531181616511,True,-0.590686274509804,False,7,,,,0.5598917620456949,0.0
AHU21,HBOS,159789,LIME,0.9230475433726631,False,2.5082153654162047,0.5873015872922651,-0.0989943712709738,0.556295354204184,10.877882913348785,1.3464000039824793,True,0.1348039215686274,False,8,,,,0.4312943486579704,0.8333333333333334
AHU21,HBOS,159789,MAPLE,0.2877381046348771,False,2.54997767645268,0.5272727272631406,0.0073930091339158,-0.2687347348781471,2.172960401165908,0.6982544538361298,True,-0.3431372549019608,False,8,,,,0.3801739805202744,0.5660377358490566
AHU21,HBOS,159789,SHAP,1.095480221590787,False,2.2670976010543065,0.5873015872922651,-0.1105129979062795,0.3946280247721697,5.612177821734727,1.4957848408988426,True,-0.590686274509804,False,7,,,,0.5606704550597225,0.0
AHU21,HBOS,159797,LIME,0.9056777794500244,False,2.5118668529314494,0.5873015872922651,-0.109477323344845,0.5655899749825669,8.961118012069349,1.3586213652324937,True,0.1323529411764706,False,8,,,,0.4286050450315959,0.5609756097560976
AHU21,HBOS,159797,MAPLE,0.2918433638478055,False,2.549122166581147,0.5272727272631406,0.0100709170946913,-0.2675884561381756,1.7743628290541738,0.7536083917838884,True,-0.3259803921568627,False,8,,,,0.3785068176659318,0.5660377358490566
AHU21,HBOS,159797,SHAP,1.1162121506524956,False,2.2669419924386114,0.5873015872922651,-0.110682633928034,0.3947788322987944,4.885546811386492,1.5317726316066695,True,-0.590686274509804,False,7,,,,0.5607782679610802,0.0
AHU21,HBOS,159801,LIME,0.8941833493467456,False,2.494220616244782,0.5873015872922651,-0.1045091776839511,0.575700109428262,8.449628343113684,1.359791842017902,True,0.1470588235294117,False,8,,,,0.4375605774999599,0.6666666666666666
AHU21,HBOS,159801,MAPLE,0.3232067679878854,False,2.541797646117933,0.5272727272631406,0.0065863044711206,-0.2678172855457252,1.4177871513069669,0.8213091898842126,True,-0.3088235294117647,False,8,,,,0.3850209872623337,0.5660377358490566
AHU21,HBOS,159801,SHAP,1.105665192421373,False,2.2658268918147484,0.5873015872922651,-0.1104134802478582,0.3951281996320977,4.591284524431408,1.536536806885,True,-0.590686274509804,False,7,,,,0.561299143853296,0.0
AHU21,HBOS,160708,LIME,0.9115610324687614,False,2.4891548714596845,0.396825396819098,-0.002214681320998,-0.6054217526005797,9.913510134605092,1.4637411497468813,True,0.0036787254002155,False,6,0.000287188496831,356.1057052127722,,0.4337622879102297,0.3333333333333333
AHU21,HBOS,160708,MAPLE,0.6899901381993412,False,2.4205681189185184,0.4545454545371901,-0.1338754034282913,-0.3851276231082097,2.8516353961544763,2.148976020333376,True,0.1949724462114256,False,6,5.270036373000824e-05,109.72304183056605,,0.4946511341042622,0.5172413793103449
AHU21,HBOS,160708,SHAP,1.019385153551796,False,2.268066103732319,0.396825396819098,-0.0169857260571707,-0.4273739762610625,4.125585584636692,1.5017370588172412,True,-0.5665237116331991,False,5,1.1466357724808252,372563.3617398994,,0.5687834368442054,0.0
AHU21,HBOS,160746,LIME,1.4030186856400046,False,2.5254203511939046,0.5873015872922651,-0.5317569760550807,-0.2939084849784165,11.88673122842412,1.8387910325768375,True,-0.3490772646061778,False,13,3.4537332731460255e-05,7277187.635305435,,0.4171557147937772,0.3636363636363636
AHU21,HBOS,160746,MAPLE,0.9377557945390156,False,2.408028475484598,0.5272727272631406,-0.0255351713750333,-0.0005904252476954,2.622727438224326,1.8782958188112788,True,-0.3556636280893132,False,13,3.922597027857163e-05,30859.664966760203,,0.4994935676294547,0.6086956521739131
AHU21,HBOS,160746,SHAP,4.938511500332174,False,2.69536887864988,0.5873015872922651,-0.5809301938491541,-0.7738689581675398,5.490991906927202,7.655588143173339,True,0.5071499882014282,False,12,0.5042334394600746,780885.8212261422,,0.2647635966093526,0.0
AHU21,HBOS,160807,LIME,1.3499244122020833,False,2.476973841702668,0.5873015872922651,-0.5083378627583864,-0.104609253025816,9.94698155381328,1.8763703453866567,True,-0.3555974423913235,False,14,3.537153181706276e-05,7481488.5796360355,,0.4460282114992167,0.6
AHU21,HBOS,160807,MAPLE,1.1593186417052572,False,2.4067225805189,0.5272727272631406,0.4306122239584842,-0.2085281923040718,2.690582868691324,2.9761639348345788,True,-0.1292904432738204,False,11,1.6274423224910954,623323371.1082,,0.487825763594196,0.7619047619047619
AHU21,HBOS,160807,SHAP,5.534487061943248,False,2.704717496596355,0.5873015872922651,-0.5287489793040048,-0.6873569314841663,6.548045134451932,7.77810902684489,True,0.322432914085397,False,13,0.4082217685605739,863588.295605419,,0.2506201049736634,0.0
AHU21,HBOS,161562,LIME,0.913543041351721,False,2.563859648857907,0.396825396819098,0.0646240090039868,-0.6719964987396286,8.709975182359491,1.3810531420974064,True,-0.0122850493666364,False,5,4.390825763084224e-05,176.1567734399377,,0.3906715175422326,0.3
AHU21,HBOS,161562,MAPLE,1.0164104137978418,False,2.618654749875009,0.4545454545371901,0.3444701195387002,-0.0644892995791622,2.500108927023134,1.7292986319815995,True,-0.0393121579732364,False,5,0.0002966604005881,173.3121622366503,,0.3407682449811175,0.5348837209302325
AHU21,HBOS,161562,SHAP,0.8251145751003317,False,2.3004620883851747,0.396825396819098,0.1904167562214454,-0.539170738522879,4.781578207316505,1.2241252264829323,True,-0.5356281523853472,False,4,0.9688543575587072,429587.140900743,,0.5541520674592013,0.0
AHU21,HBOS,161591,LIME,0.92284428474307,False,2.561629359799308,0.396825396819098,0.0685483800303166,-0.6481600160896203,12.483327500070612,1.3283434444437412,True,-0.087063167805102,False,5,6.332090778311677e-05,61.891542079213615,,0.3921182264621809,0.3684210526315789
AHU21,HBOS,161591,MAPLE,1.0565048513574653,False,2.628799981328058,0.4545454545371901,0.2570364583626542,-0.0931938580725196,3.287279649121984,1.5900656905492758,True,0.0367872540021557,False,5,7.262628263339894e-05,115.61640531117412,,0.3367207916039894,0.4705882352941176
AHU21,HBOS,161591,SHAP,0.8933173185579522,False,2.2907949203367046,0.396825396819098,0.2046120723951648,-0.580930502734052,4.72760304261615,1.3671644060323125,True,-0.5567137772326243,False,4,1.0714055548145265,535103.4466495663,,0.5577892034154304,0.0
AHU21,HBOS,161616,LIME,1.341097917680544,False,2.497809062949396,0.5873015872922651,-0.5636679992093452,-0.4036344336030561,18.87238575897783,1.9211769687432008,True,-0.5124445595018822,False,12,0.0003306573888982,67145317.0100143,,0.4291588351941068,0.7142857142857143
AHU21,HBOS,161616,MAPLE,0.8276715827870094,False,2.279625768087852,0.5272727272631406,-0.0547501773106038,-0.0651893819234383,3.009218625172377,1.54198448476046,True,-0.287394723281471,False,12,2.4939607060832263e-05,9360188.108097555,,0.5531383295107133,0.5789473684210527
AHU21,HBOS,161616,SHAP,5.239357865417731,False,2.706899999173133,0.5873015872922651,-0.7089611260441874,-0.574661228080651,5.9811373640918815,7.605887683622627,True,0.2980389722918959,False,11,0.4564182773056877,777234.8165189448,,0.2485629286196475,0.0
AHU21,HBOS,162843,LIME,1.359239274566801,False,2.4566481975803782,0.5873015872922651,-0.5010780781550356,-0.2017113009636827,10.207669058705603,1.798496755510965,True,-0.4735157652568402,False,14,0.0001127647179525,141106.92026541612,,0.4548863419142072,0.75
AHU21,HBOS,162843,MAPLE,1.3010670988778403,False,2.4389062585856847,0.9999999998571428,0.0986816188197119,-0.1701019253741889,2.384551558618329,2.8027809075134327,True,-0.1957826712432137,False,11,1.1550843061721825,249721948.5267732,,0.4635206024832379,0.8
AHU21,HBOS,162843,SHAP,5.970253484235573,False,2.6856827455972327,0.5873015872922651,-0.6843116558764889,-0.437681455687119,5.353189192575368,8.833292483891581,True,-0.1437129559923483,False,13,0.423770181563224,1014104.3771904588,,0.2654216554654849,0.0
AHU21,HBOS,165865,LIME,1.0595612854500247,False,2.572387467494562,0.396825396819098,0.2710987879844389,0.6647930613239932,8.543627284699111,1.588233620642153,True,0.025751077801509,False,7,4.105902942433831e-05,98.73382113173037,,0.3863243200454919,0.3076923076923077
AHU21,HBOS,165865,MAPLE,0.5019782067954331,False,2.534442363389017,0.4545454545371901,-0.0548380665971071,0.406028149076705,1.5520119668934351,0.8648424858341996,True,0.0613120900035929,False,7,3.056137704601435e-05,68.69509692601554,,0.4278358600709246,0.4285714285714285
AHU21,HBOS,165865,SHAP,1.0488533400967306,False,2.254383233420539,0.396825396819098,0.267500306031227,0.6022399274847346,4.632210052522658,1.616441539505152,True,-0.5579400190326961,False,6,1.1383405840317389,529294.8149074729,,0.5737772566342294,0.0
AHU21,HBOS,165869,LIME,1.0534442481442614,False,2.529972692302377,0.396825396819098,0.2385283031261117,0.6265037499582928,8.323820085008192,1.4904434520881773,True,0.0993255858058206,False,7,6.744700808161226e-05,219.11838458660557,,0.4146814551719219,0.375
AHU21,HBOS,165869,MAPLE,0.5746790958204877,False,2.529913696556005,0.4545454545371901,-0.0456592634883878,0.4103677618947785,1.7087394102194984,1.0741035209954144,True,0.0404659794023713,False,7,4.8683884990324406e-05,107.94327863543852,,0.4249334808360829,0.3684210526315789
AHU21,HBOS,165869,SHAP,1.0736160778744326,False,2.2543832334205383,0.396825396819098,0.2675003060312266,0.6022399274847343,5.0637445774483165,1.6405835121578454,True,-0.5579400190326961,False,6,1.3823258293124692,683154.4195761867,,0.5737772566342298,0.0
AHU21,HBOS,165877,LIME,1.0155594858656505,False,2.5745045542224667,0.396825396819098,0.2694791087174731,0.6708430064538123,8.466169507192998,1.5142609179892368,True,0.042918463002515,False,7,4.630171132653025e-05,101.34103182488376,,0.3862103183734863,0.4285714285714285
AHU21,HBOS,165877,MAPLE,0.5398760860661316,False,2.518209276181594,0.4545454545371901,-0.0540240273261084,0.4083748134683332,1.5726454919333994,0.9423247997829792,True,0.078479475204599,False,7,3.637214702782613e-05,42.06364757075789,,0.4348377676817428,0.4
AHU21,HBOS,165877,SHAP,1.0848206359027694,False,2.254383233420539,0.396825396819098,0.2675003060312279,0.6022399274847359,4.842343996346461,1.6034276219376924,True,-0.5579400190326961,False,6,0.8737693993494654,465492.7202710897,,0.5737772566342297,0.0
AHU21,HBOS,169883,LIME,0.8400234099696293,False,2.5198443960944163,0.396825396819098,-0.1678850279624398,0.584214421938498,7.321368142358535,1.2038518475494568,True,-0.1410178070082638,False,4,0.0001656303628623,41.87763689802688,,0.4215687314133413,0.3333333333333333
AHU21,HBOS,169883,MAPLE,0.8284548452454409,False,2.5781150613837305,0.4545454545371901,0.2250543525938945,0.3181802736796504,2.3671689457921814,1.835376476600424,True,-0.3960761014232106,False,4,0.0001497607892429,58.03556835370502,,0.3890476698620788,0.5897435897435898
AHU21,HBOS,169883,SHAP,0.7375597927844576,False,2.335466429373254,0.396825396819098,0.117594299723816,0.6185325034377496,3.961947945879662,0.988275404413588,True,-0.6474556704379418,False,3,1.5339021150634586,378658.4355791807,,0.5332803556691473,0.0
AHU21,HBOS,169892,LIME,0.9512363855238264,False,2.5176553698372253,0.5873015872922651,-0.3739807260802821,0.2159078144377895,7.558858607618106,1.4816326162665323,True,0.1323529411764706,False,7,,,,0.4210668473271657,0.5454545454545454
AHU21,HBOS,169892,MAPLE,0.9326839076913348,False,2.482349536540262,0.5272727272631406,-0.0132352575325193,0.3163284346726694,4.145096339645709,3.1106099889884598,True,-0.1102941176470588,False,7,,,,0.4450896455385578,0.5405405405405406
AHU21,HBOS,169892,SHAP,1.0279480713394915,False,2.3489475231943366,0.5873015872922651,-0.5048589490766082,0.5632236525680248,4.830671797282375,1.5179320701073489,True,-0.6862745098039217,False,6,,,,0.5242301601862874,0.0
AHU21,HBOS,169895,LIME,0.819966169336288,False,2.515599180103768,0.396825396819098,-0.174538690701137,0.5818053148037288,9.59671231866671,1.2304925746361324,True,-0.1091355202063955,False,4,0.0001073762084149,107.15701081683716,,0.423677547233005,0.5
AHU21,HBOS,169895,MAPLE,0.732975474931396,False,2.572899233357589,0.4545454545371901,0.124363165825298,0.4589300707493298,1.8728189149509475,1.278671137207592,True,0.017167385201006,False,4,7.452165556403527e-05,42.544048055244936,,0.3979592004035135,0.5227272727272727
AHU21,HBOS,169895,SHAP,0.7322768920237219,False,2.335143467099922,0.396825396819098,0.1178130021713092,0.6185678540863389,4.223479418706725,0.99149667778462,True,-0.6474556704379418,False,3,1.089016620349782,372718.9027996664,,0.5333576740035296,0.0
AHU21,HBOS,169899,LIME,0.8291665431387766,False,2.508911225662436,0.396825396819098,-0.1680095783404358,0.5889935235044269,9.419508328941914,1.2822691853987562,True,-0.1005518276058924,False,4,0.000116332514987,126.82084129695748,,0.4260475109352487,0.4782608695652174
AHU21,HBOS,169899,MAPLE,1.0128908770289902,False,2.479541853280028,0.4545454545371901,0.3102314704150367,0.0317776276476608,3.2810609318567687,1.5525840453387647,True,-0.0735745080043115,False,4,0.0004888261126006,534.0227720766213,,0.431597672539436,0.5609756097560976
AHU21,HBOS,169899,SHAP,0.7118662295278981,False,2.335503298156389,0.396825396819098,0.117581857324877,0.6185422064356862,4.332082530144683,0.9992527558632682,True,-0.6474556704379418,False,3,1.29096626261519,467673.1672906964,,0.5332372131005099,0.0
AHU21,HBOS,169905,LIME,0.881975031492615,False,2.4983731773999573,0.396825396819098,-0.1692790498572308,0.5927650412647577,8.813453886094456,1.2178531612120576,True,-0.1397915652081919,False,4,0.000285223551683,233.86597419242503,,0.4320235307001758,0.4193548387096774
AHU21,HBOS,169905,MAPLE,0.9224156080786492,False,2.4644624851891,0.4545454545371901,0.2622688532585726,0.0925494511331112,3.5635103695197703,1.438491716942421,True,0.0919681350053894,False,4,0.0001284292832277,1166.4724765500057,,0.454805499366164,0.5348837209302325
AHU21,HBOS,169905,SHAP,0.7377241990356158,False,2.335360386028274,0.396825396819098,0.1176499736351482,0.6185328333894689,4.048189666451428,1.053078933092588,True,-0.6474556704379418,False,3,1.413804318749648,364016.6603687783,,0.5332847595738751,0.0
AHU21,HBOS,186820,LIME,0.8133327898725246,False,2.500349669369621,0.396825396819098,0.6904921397785366,0.5827225501646651,6.5871348837658354,1.2363159583479133,True,-0.0453709466026588,False,6,7.015401278999245e-05,68.3354317961288,,0.4302544999757048,0.4285714285714285
AHU21,HBOS,186820,MAPLE,0.9397691903726788,False,2.315384123632624,0.4545454545371901,-0.0213642563768886,0.3109196856530064,5.851334580482744,1.5138420441021463,True,0.2109135896123598,False,6,7.533158229783307e-05,159.71739310183025,,0.511426320702347,0.6
AHU21,HBOS,186820,SHAP,0.9356623858472832,False,2.352077876624987,0.396825396819098,0.5814754294910479,0.4242417454084098,4.443055548511466,1.3522266958307707,True,-0.6217045926364327,False,5,0.936260610956348,505438.8801020102,,0.524779261312947,0.0
AHU21,HBOS,186832,LIME,0.8187445034999457,False,2.52108611731273,0.396825396819098,0.6895039614599991,0.5777398424909603,7.989676547589844,1.2887573231186291,True,-0.0417691678465637,False,6,8.354066583208336e-05,232.0152757139953,,0.4192428305448402,0.4
AHU21,HBOS,186832,MAPLE,0.913090193666506,False,2.1592660139938635,0.4545454545371901,-0.0097607095452247,0.2402599363016285,6.220180387558207,1.4656393038398567,True,0.2162168688528007,False,6,9.129527972088452e-05,244.35447283360287,,0.5839030174615482,1.0
AHU21,HBOS,186832,SHAP,0.9108518780661916,False,2.351546092193961,0.396825396819098,0.5814658846853756,0.3935867075017988,4.049717213994075,1.3109279178900597,True,-0.5896823695985475,False,5,1.065275450362191,561264.5786719401,,0.5250338783413916,0.0
AHU21,HBOS,189380,LIME,1.0499071414212025,False,2.5283392852216315,0.5873015872922651,-0.625562026575156,-0.6026259192004808,9.96224563081093,1.4968031233322776,True,0.2211308885994552,False,7,,,,0.4140090692054422,0.5882352941176471
AHU21,HBOS,189380,MAPLE,0.9967282456299748,False,2.4145699343429907,0.5272727272631406,-0.0002339012013635,-0.4412758643819214,3.545494847766306,1.4576542356355309,True,-0.105651424553073,False,7,,,,0.4811683645003083,0.6216216216216216
AHU21,HBOS,189380,SHAP,1.3543146853577783,False,2.2576817066297763,0.5873015872922651,-0.5146319422036039,-0.3691238124921308,5.524493260406016,1.9177383139880528,True,-0.3783795204924012,False,6,,,,0.5602431273358248,0.0
AHU21,HBOS,190544,LIME,1.3492560676836058,False,2.4901269197672145,0.5873015872922651,-0.546703935357095,-0.3323801998052027,11.625021929259592,1.8642075456609928,True,-0.3961318658763449,False,14,3.65014198518124e-05,6741905.206891215,,0.4399545437320977,0.6470588235294118
AHU21,HBOS,190544,MAPLE,1.76154318802059,False,2.2412208038924404,0.9999999998571428,0.3439733288064543,-0.0724254810892938,2.7310610703091327,3.329115768197307,True,0.2768459769573248,True,8,1.0154959152085743,266721666872.1745,,0.5537248910019121,0.6538461538461539
AHU21,HBOS,190544,SHAP,4.953682800805709,False,2.6750297533157834,0.5873015872922651,-0.6718417324275335,-0.4706671770417405,5.9909005635357255,7.350966988547997,True,-0.1234457442498377,False,13,0.5119591200076671,878287.9015944413,,0.2793308003909139,0.0
AHU21,HBOS,190554,LIME,1.3766715672099286,False,2.4940366196991874,0.5873015872922651,-0.5456946075424842,-0.3271337956386639,10.3562559612826,1.7949693244337863,True,-0.4550910273091031,False,14,3.931998533431134e-05,4401.02295989436,,0.4372406467352807,0.6363636363636364
AHU21,HBOS,190554,MAPLE,1.8575021411842465,False,2.267168488764693,0.9999999998571428,0.3257977269910571,-0.0674236170079052,2.1949343079284693,4.108125669040658,True,0.2052803502608735,True,8,1.0219338915378715,106431176.4905366,,0.5312629398794869,0.6296296296296297
AHU21,HBOS,190554,SHAP,5.202347546024741,False,2.6754429278662326,0.5873015872922651,-0.6748685271633197,-0.4679237504544701,5.4097324479916455,7.377256480995284,True,-0.0921236897386848,False,13,0.4815594429312863,766098.5705428292,,0.2793821984202845,0.0
AHU21,HBOS,190574,LIME,1.4103566418846956,False,2.482869614856841,0.5873015872922651,-0.5509758115244351,-0.3217274790923707,10.561148536641111,1.9438021124828808,True,-0.3998168134658922,False,14,4.210273203100937e-05,6683649.917247647,,0.4432004407484706,0.5555555555555556
AHU21,HBOS,190574,MAPLE,1.5742197730944465,False,2.63723084945362,0.5272727272631406,0.7083615060876308,0.1312149585791431,2.0540359487446187,2.887421973114092,True,-0.1032418128153349,True,12,0.5972615919063083,86774443.18736118,,0.3038357249703198,0.5897435897435898
AHU21,HBOS,190574,SHAP,5.155259916162204,False,2.6765227815451733,0.5873015872922651,-0.6719159051634304,-0.4761963940963494,6.097138915249659,7.239210009016181,True,-0.0921236897386848,False,13,0.526912149898905,765590.6989117088,,0.277586389816864,0.0
AHU21,HBOS,191102,LIME,1.2951424918204402,False,2.482219911922973,0.5873015872922651,-0.3208389715284716,-0.5549148822299053,10.424612513429269,1.7628395358929076,True,0.4338235294117647,False,10,,,,0.44550428570601,0.7
AHU21,HBOS,191102,MAPLE,0.656995946997949,False,2.6512430654469235,0.5272727272631406,-0.0962351589035465,0.3370266985822725,2.147134862648551,1.4285953919822398,True,-0.0147058823529411,False,10,,,,0.3210989647080187,0.575
AHU21,HBOS,191102,SHAP,2.2689851693555245,False,2.4141360755978143,0.5873015872922651,-0.1049332059564389,-0.1102589551935182,5.5200440679291045,3.220909904253592,True,-0.5465686274509804,False,9,,,,0.4732001250523923,0.0
AHU21,HBOS,191529,LIME,1.3524737633003732,False,2.536999785723441,0.5873015872922651,-0.5098570971610862,-0.3023837865687522,10.113750412837694,1.919323048099844,True,-0.4318523884229512,False,12,2.536776025869083e-05,6925340.495959806,,0.4128259489935773,0.6153846153846154
AHU21,HBOS,191529,MAPLE,0.9345608443603908,False,2.519262595230287,0.5272727272631406,0.3660292522397796,-0.2901738633241331,2.528437968664024,2.203667269449145,True,-0.1277309881250982,True,12,4.318427208047063e-05,12681184.921632444,,0.4356308256715451,0.5945945945945946
AHU21,HBOS,191529,SHAP,5.391557647971597,False,2.697842970901372,0.5873015872922651,-0.5229800305179159,-0.7970541729887375,5.407315373187644,7.602725061508532,True,0.3710281083633806,False,11,0.4916974328340694,776541.4004631095,,0.2608773223372699,0.0
AHU21,HBOS,192043,LIME,1.303186463383713,False,2.5778783651324453,0.5873015872922651,-0.4781737041348504,-0.6560190840153992,10.968713994045826,1.8655862252646265,True,0.3323115278194739,False,9,,,,0.3823796693514858,0.5263157894736842
AHU21,HBOS,192043,MAPLE,0.7886174557571968,False,2.198319583710606,0.5272727272631406,0.0506652809314419,-0.4077055655172237,3.8751899254928817,1.2119528502509944,True,-0.0110361762006467,False,9,,,,0.592267544909392,0.5
AHU21,HBOS,192043,SHAP,2.566817947585126,False,2.455611014038274,0.5873015872922651,-0.4225250979048677,-0.4943658511375117,5.302513910354615,3.599991669736587,True,-0.6413244614375825,False,8,,,,0.4572718676927808,0.0
AHU21,HBOS,192734,LIME,1.3281114227294593,False,2.510738641370069,0.5873015872922651,-0.5525628164482501,-0.4933879909289117,10.393350743256358,1.795818531296204,True,-0.3885954455049903,False,13,3.099826459228556e-05,6913601.571879613,,0.4281072728741907,0.6190476190476191
AHU21,HBOS,192734,MAPLE,0.9108890730195206,False,2.4562483337143983,0.5272727272631406,0.1412365216431934,-0.1663731934214316,3.495929210023124,1.3583718696561062,True,0.2107636314603337,False,13,2.667963619820596e-05,4891996.723556621,,0.4611926751553324,0.0
AHU21,HBOS,192734,SHAP,4.923953514817764,False,2.668763847445092,0.5873015872922651,-0.7149204694397736,-0.6048642443388844,6.198258991103562,6.881129022449576,True,0.1547795418536826,False,12,0.5788534276881404,990136.7099334385,,0.2909345074825152,0.0
AHU21,HBOS,198708,LIME,1.427782525142461,False,2.523268753785997,0.5873015872922651,-0.5522598139515046,-0.3486063032541323,11.337257375771294,1.8698178197014037,True,-0.4274539203874978,False,14,3.4725658855468315e-05,4235.031390847273,,0.4210061526100248,0.6875
AHU21,HBOS,198708,MAPLE,1.924089425164697,False,2.465772391915388,0.9999999998571428,0.6323759594435717,0.3057013000289351,2.504514854662056,4.180753265658561,True,0.092693414957414,True,10,1.0372404704344806,123143503.34835573,,0.4271418171723897,0.6296296296296297
AHU21,HBOS,198708,SHAP,4.916869131928376,False,2.6757234217214525,0.5873015872922651,-0.6720955339366496,-0.4735323207417485,5.729236883172695,7.3821000526271074,True,-0.0921236897386848,False,13,0.4398426359450971,766274.4633804081,,0.2789397386199266,0.0
AHU21,HBOS,198814,LIME,1.3813416015798996,False,2.4907245992370464,0.5873015872922651,-0.522570220866209,-0.3188495779585772,12.40708831611128,1.8514653289131573,True,-0.462460922488198,False,14,3.6873715866841206e-05,4939.773339300133,,0.4408835381387418,0.8571428571428571
AHU21,HBOS,198814,MAPLE,1.3440645614316475,False,2.2873940492033102,0.9999999998571428,0.2963792129128965,-0.3427538929138456,2.3215045499967624,3.0657659253567187,True,0.2630322365951983,False,9,0.9890456498159916,127831298.04678684,,0.5368700915940222,0.6551724137931034
AHU21,HBOS,198814,SHAP,5.147287534097607,False,2.675653201227322,0.5873015872922651,-0.6703310608449362,-0.4737913058264403,5.838237485647569,7.428341523111802,True,-0.0921236897386848,False,13,0.4597506602254837,787370.6365301154,,0.2777627181135736,0.0
AHU21,HBOS,198842,LIME,1.3755650353036537,False,2.4707765346061503,0.5873015872922651,-0.47472278286787,-0.1106925545657991,9.447531248890977,1.875083713852583,True,-0.3754227185387195,False,13,4.153709320472187e-05,531.1713901112241,,0.4484607524819027,0.7272727272727273
AHU21,HBOS,198842,MAPLE,1.3051133478542554,False,2.6581879631903,0.5272727272631406,0.2966278500593952,0.0589504708361427,3.03519544876411,2.754936999221969,True,-0.3989642174218964,True,13,2.3464039760465497e-05,323.4106730473445,,0.3237698641361784,0.6
AHU21,HBOS,198842,SHAP,5.3667639320485945,False,2.7057677058203087,0.5873015872922651,-0.4605516830068538,-0.7195569776143149,6.502240905015183,7.834412118910857,True,0.161365905336818,False,12,0.473657143302076,632244.5095090229,,0.2492592435590651,0.0
AHU21,HBOS,210411,LIME,0.8520086569254534,False,2.50449211871458,0.396825396819098,0.0670964657422988,-0.622632018845025,9.458903682219134,1.3424822183257363,True,0.1253075035396913,False,6,0.0001629269345095,141.34259603050555,,0.427616970113297,0.5
AHU21,HBOS,210411,MAPLE,0.7806361846940182,False,2.5922201105512817,0.4545454545371901,0.2467622563419672,-0.2821866360246851,2.0749302639871723,1.494695455502014,True,-0.201474809612837,False,6,0.0001524450659478,87.13003222213952,,0.3689081223145693,0.4857142857142857
AHU21,HBOS,210411,SHAP,0.915837774902821,False,2.223561262876444,0.396825396819098,0.1788035937112649,-0.5472022258087973,4.445186069004271,1.2638204096314285,True,-0.5208860931453836,False,5,1.0063549136444458,409635.6459319248,,0.5812532580333581,0.0
AHU21,HBOS,239412,LIME,0.791650760894783,False,2.544669423743798,0.396825396819098,0.6713571889428623,0.6381295526544908,7.63293692406487,1.2715402562205815,True,-0.1568627450980392,False,5,0.0002329100706552,126.23184865026744,,0.3992072231834349,0.2857142857142857
AHU21,HBOS,239412,MAPLE,1.1671924412367705,False,2.4900154118558184,0.4545454545371901,-0.0114283563961945,0.019677412505133,4.126717001619438,2.289952738381676,True,0.2647058823529412,False,5,9.14258658229202e-05,43.54881558139101,,0.4568034363591349,0.3076923076923077
AHU21,HBOS,239412,SHAP,0.918258578686992,False,2.265502994588293,0.396825396819098,0.5535442255727294,0.506833747461479,4.534867495241729,1.2813574884417318,True,-0.5122549019607844,False,4,1.251583533640596,443437.8140400265,,0.5690731157275973,0.0
AHU21,HBOS,240053,LIME,1.4125262315355869,False,2.545811245293414,0.5873015872922651,-0.4504334397241208,-0.6853454412272088,12.563782988502188,2.0560511628054954,True,0.4095647612240011,False,10,,,,0.3962689934342328,0.4
AHU21,HBOS,240053,MAPLE,0.783862093877755,False,2.421461987978802,0.5272727272631406,0.1434810032245963,-0.1564349881375466,2.1387546330327787,1.444257368236889,True,0.0772532334045271,False,10,,,,0.4873931793377568,0.7241379310344828
AHU21,HBOS,240053,SHAP,3.436245245153811,False,2.512140449965479,0.5873015872922651,-0.342009642359039,-0.5701699759732851,5.300543849405071,4.946843421878123,True,-0.5775598878338458,False,9,,,,0.4208643002299221,0.0
AHU21,HBOS,240405,LIME,1.4081512198535264,False,2.5339818178818003,0.39999999992,-0.4619523529180742,-0.720567210192669,12.058741316082374,2.1644155034533523,True,0.4218271792247197,False,10,,,,0.4089326592013541,0.0
AHU21,HBOS,240405,MAPLE,0.9302453633375068,False,2.296419233270941,0.9999999995,0.0744383464582003,-0.2561463757979037,4.184259594693849,1.4761284804709482,True,0.1251533742331288,False,8,,,,0.5447961929562812,1.0
AHU21,HBOS,240405,SHAP,3.313855360944145,False,2.5110792559215285,0.39999999992,-0.3452372193745341,-0.5736514923565367,5.217843315223664,4.9330767985193615,True,-0.5603925026328398,False,9,,,,0.4217045497071423,0.0
AHU21,HBOS,240625,LIME,0.8269371151901603,False,2.5436747342486,0.39999999992,0.6934331963043183,-0.687131013710416,8.086652117450857,1.2152154141075888,True,-0.1715686274509804,False,5,0.0001635722449212,87.65744672578656,,0.4028793580386631,0.0
AHU21,HBOS,240625,MAPLE,1.0479834707073294,False,2.517722941496025,0.9999999995,-0.0054424377572682,-0.164692612192606,5.951238411553781,4.393043620354659,True,0.0661764705882353,False,5,2.6334351795738345e-05,13.73315709114445,,0.4295982261845203,1.0
AHU21,HBOS,240625,SHAP,0.9610361739910104,False,2.2065512820605413,0.39999999992,0.5629065282866237,-0.5250768248659263,4.0968152451238735,1.2305286399196531,True,-0.3284313725490196,False,4,0.9224779124020472,367953.28486287873,,0.594178124677714,0.0
AHU21,HBOS,240726,LIME,1.4621929524879205,False,2.4788693907464863,0.39999999992,-0.4321610103969256,-0.6802361403043071,12.65105528898515,2.1147584019259718,True,0.4534313725490197,False,11,,,,0.4409503188710788,0.0
AHU21,HBOS,240726,MAPLE,0.8197812731266696,False,2.5133223548268897,0.9999999995,0.224063617240205,0.1305372855197948,3.485569371450785,2.7407391515235244,True,-0.104230553006108,True,9,,,,0.4224397076448767,1.0
AHU21,HBOS,240726,SHAP,4.261335903513012,False,2.553742326771037,0.39999999992,-0.3842377059174027,-0.6015075383972982,5.092112497535352,6.283932180626289,True,-0.3382352941176471,False,10,,,,0.3989788091472298,0.0
AHU21,HBOS,245409,LIME,0.8231600001084193,False,2.473455885744054,0.39999999992,0.6616213413582664,-0.6341006431917565,7.460865127989548,1.3098057695951415,True,-0.1299019607843137,False,5,0.0003918809445934,105.00323984971271,,0.4444900910603374,0.0
AHU21,HBOS,245409,MAPLE,1.2841054894850032,False,2.490670962858535,0.9999999995,0.0203270219238147,-0.0594876559354864,4.721846320610312,4.774264628357458,True,0.0196078431372549,False,5,0.0014170142206659,2605.3601179902657,,0.4482590789789052,1.0
AHU21,HBOS,245409,SHAP,0.9365949966014936,False,2.266632918565355,0.39999999992,0.5536759718027292,-0.5071937564431312,4.835339371973855,1.2745120372851848,True,-0.5122549019607844,False,4,1.239468156676769,429649.6247703769,,0.5685015516283766,0.0
AHU21,HBOS,249893,LIME,0.9193558003044344,False,2.4221299284348223,0.39999999992,-0.1063675026052796,-0.5428715407189174,9.54444550248532,1.4451185501902877,True,0.1704476102099884,False,5,0.0003018567312835,231.37690545187945,,0.4709721060853618,0.0
AHU21,HBOS,249893,MAPLE,0.9800192206974572,False,2.504419238971098,0.9999999995,-0.0838214582782557,-0.2082866678874809,4.40846573998458,2.8908300893752825,True,-0.0944206186055331,False,5,0.0003757827338005,190.6958034765597,,0.4317176465833798,0.0
AHU21,HBOS,249893,SHAP,1.089162597118882,False,2.173076727732973,0.39999999992,-0.0604611922139513,-0.455342043165943,5.015558866435333,1.6138378920012744,True,-0.3592888474210548,False,4,1.693604707088814,601940.6148517405,,0.6101560796653339,0.0
AHU21,HBOS,252759,LIME,0.9617544060100196,False,2.5208661988410945,0.39999999992,-0.7634335085022744,-0.6850820100086759,9.41844987103913,1.56167635570043,True,-0.0919681350053894,False,6,,,,0.4172784000903957,0.0
AHU21,HBOS,252759,MAPLE,0.8810411838290038,False,1.885917174067068,0.9999999995,-0.0964888224405961,-0.0992124361377557,6.67449514269362,1.615021430040914,True,-0.1671791409888879,False,3,,,,0.7022120949704731,0.0
AHU21,HBOS,252759,SHAP,0.9683903206146036,False,2.11641952043476,0.39999999992,-0.6631302537530043,-0.4945667657765908,4.809874315102605,1.3106055575078157,True,-0.2648682288155217,False,5,,,,0.6277464580534254,0.0
AHU21,HBOS,43465,LIME,0.9472323596682238,False,2.5024402846458016,0.5873015872922651,-0.7101508914651877,-0.4188605494163303,8.34561915584775,1.5209900628895,True,0.2888765945920876,False,7,,,,0.4270227623326315,0.625
AHU21,HBOS,43465,MAPLE,1.3620248884156332,False,2.495253069536872,0.5272727272631406,-0.296220572019009,0.0618712653769613,8.802721874850718,2.076703623528931,True,0.1868478399063715,False,7,,,,0.4203794191073362,0.625
AHU21,HBOS,43465,SHAP,1.182258693608092,False,2.322997574205641,0.5873015872922651,-0.4583306986351183,-0.3965291305227919,4.658559082074935,1.7328064274460782,True,-0.495392628172814,False,6,,,,0.5419507900172637,0.0
AHU21,HBOS,60711,LIME,1.3258147660688009,False,2.5833364575498723,0.5873015872922651,-0.4655310787626942,-0.5948622650513081,12.274750669190889,1.7387397327512606,True,0.3455882352941176,False,9,,,,0.3785182059377291,0.5333333333333333
AHU21,HBOS,60711,MAPLE,0.8802316305277649,False,2.441830182388614,0.5272727272631406,0.2859002046066793,0.3467950854324829,2.718588350210978,1.7078620876658328,True,-0.1838235294117647,False,9,,,,0.4789267400127946,0.5714285714285714
AHU21,HBOS,60711,SHAP,1.5044745359919722,False,2.2848516867181536,0.5873015872922651,-0.7022311709709163,-0.8561107938107336,6.065073996782677,1.9767912615688288,True,-0.7205882352941178,False,8,,,,0.5445896979175004,0.0
AHU21,HBOS,62404,LIME,1.2680320595020191,False,2.56353016813584,0.5873015872922651,-0.4975375592068721,-0.7050416040969815,12.501386062483704,1.8328554933082468,True,0.3960761014232106,False,9,,,,0.3927184218058814,0.5384615384615384
AHU21,HBOS,62404,MAPLE,0.9323299273744918,False,2.581425106387385,0.5272727272631406,0.0191760581032686,-0.0830524173426601,1.884261276249152,1.839421904338516,True,-0.1790313028104915,False,9,,,,0.3848816173258371,0.6785714285714286
AHU21,HBOS,62404,SHAP,2.52119770620896,False,2.44705885796178,0.5873015872922651,-0.5126238995965777,-0.6201033825298797,5.819154991179692,3.4774031836026404,True,-0.59350103123478,False,8,,,,0.4607801966945559,0.0
AHU21,HBOS,64473,LIME,1.0402340440649172,False,2.4822317278474566,0.5873015872922651,-0.0692624027402063,-0.6100581471929107,8.228852116746527,1.4930499309859069,True,-0.0367647058823529,False,6,,,,0.4429982306550891,0.75
AHU21,HBOS,64473,MAPLE,0.4189227143429363,False,2.538881080207092,0.5272727272631406,0.1277476300941931,-0.13672095850018,1.8272246646302652,1.2109451337306727,True,0.0122549019607843,False,6,,,,0.4028304661402836,0.5777777777777777
AHU21,HBOS,64473,SHAP,1.0819490771239115,False,2.276244968760736,0.5873015872922651,-0.0635942925447296,-0.5668496880007731,4.710046714659123,1.616901835274366,True,-0.6960784313725491,False,5,,,,0.5673305466020023,0.0
AHU21,HBOS,64782,LIME,0.9415830844088318,False,2.4932355810200018,0.396825396819098,-0.12455881813189,-0.5885169366895744,9.048084845453436,1.4486276456504068,True,-0.125,False,6,6.969902594846177e-05,52.87095295612276,,0.4378480160407054,0.2
AHU21,HBOS,64782,MAPLE,0.3563624592276975,False,2.5778896446193507,0.4545454545371901,-0.1059734667765351,-0.1823191186498008,1.0921163590470946,0.8876257890180503,True,0.1127450980392156,False,6,0.0001973714816354,182.4019901016781,,0.3703028280751987,0.3958333333333333
AHU21,HBOS,64782,SHAP,0.9421587452650642,False,2.3561528893639343,0.396825396819098,-0.0987040664605745,-0.5296679546147615,4.480880393724751,1.3690297608648538,True,-0.7916666666666667,False,5,1.0697495195791054,478621.7176753132,,0.5281414424318542,0.0
AHU21,HBOS,64794,LIME,0.961773486717339,False,2.490620454711673,0.396825396819098,-0.1501158267716122,-0.5858370116210944,8.76962182312953,1.4638438544338324,True,-0.0686274509803921,False,6,6.742876265041589e-05,79.35431608424607,,0.4382733122328445,0.25
AHU21,HBOS,64794,MAPLE,0.3872177640311927,False,2.590587230585333,0.4545454545371901,-0.0797299105399184,-0.1398666838185674,2.2622647439175063,0.9672535391284938,True,0.1593137254901961,False,6,0.0004441677751737,133.0694295742406,,0.3670427803345271,0.4
AHU21,HBOS,64794,SHAP,0.933032813572876,False,2.357946237971209,0.396825396819098,-0.0993033435708489,-0.5301478900887705,4.92636878704991,1.3647233058103765,True,-0.7916666666666667,False,5,1.075615485749898,352422.98691535625,,0.5271114803437323,0.0
AHU21,HBOS,64795,LIME,0.8911636410058914,False,2.473383565982476,0.396825396819098,-0.1471639855520204,-0.5755393558405016,9.696512086962697,1.514269497891677,True,-0.0759803921568627,False,5,0.0001382186801222,191.8810175366061,,0.44458604186528,0.2142857142857142
AHU21,HBOS,64795,MAPLE,0.3996852042553452,False,2.5934161547872905,0.4545454545371901,-0.0764365115022504,-0.1421406513006475,1.5306492689914966,1.7328389198384515,True,0.1544117647058823,False,5,0.0001029315420695,4168551.258524172,,0.3650507971557248,0.4
AHU21,HBOS,64795,SHAP,0.9176890453338736,False,2.325641181282968,0.396825396819098,-0.1024264683184847,-0.5334515153573961,5.4516239439971725,1.3776120340731497,True,-0.6666666666666667,False,4,1.094902016289525,430834.2288973981,,0.5438362326387514,0.0
AHU21,HBOS,64811,LIME,0.9394612441879456,False,2.4803039441522303,0.396825396819098,-0.14347108492363,-0.5872631280794574,8.185067345362153,1.4414773014604991,True,-0.0759803921568627,False,6,8.302997527717543e-05,55.17558302786829,,0.4429218968586343,0.5555555555555556
AHU21,HBOS,64811,MAPLE,0.3876249105708756,False,2.582544987829288,0.4545454545371901,-0.1041872091132831,-0.1833313655221342,1.7117805122989782,0.8990835202461835,True,0.0808823529411764,False,6,0.000192033044078,91.82438180074368,,0.3677205279619929,0.3958333333333333
AHU21,HBOS,64811,SHAP,0.962933807647545,False,2.356322968945446,0.396825396819098,-0.0990440429109496,-0.529547030498482,4.354906960181517,1.3304089273877395,True,-0.806372549019608,False,5,1.5145990433968255,301176.76472710504,,0.5279973150690912,0.0
AHU21,HBOS,77140,LIME,1.395787514617277,False,2.5327908240792145,0.5873015872922651,-0.5941373799596673,0.7003936528805671,10.71981009660498,1.867670194841652,True,0.4607843137254902,False,11,,,,0.4128675439150756,0.75
AHU21,HBOS,77140,MAPLE,0.913447385215751,False,2.448524911340308,0.9999999998571428,0.1644608889633741,0.0369664517779408,3.91415309168618,1.6012147102535204,True,-0.2194972822128628,False,9,,,,0.4535894238312722,1.0
AHU21,HBOS,77140,SHAP,3.0241026198028487,False,2.508517653417256,0.5873015872922651,-0.7280607712019567,0.7617980152529268,5.495581586215669,4.594173434762707,True,-0.5710784313725491,False,10,,,,0.4218058031666169,0.0
AHU21,HBOS,77146,LIME,1.40081489107238,False,2.521840596379103,0.5873015872922651,-0.5993311081408328,0.7064489773869663,10.674225911082354,1.9196338759586409,True,0.4362745098039216,False,11,,,,0.4167109681432265,0.6153846153846154
AHU21,HBOS,77146,MAPLE,0.9823307137491042,False,2.20222790492261,0.9999999998571428,0.2168627283759352,0.1146978048929491,3.641052700838841,1.6459284944931147,True,-0.4020160544925545,False,6,,,,0.580145935461781,1.0
AHU21,HBOS,77146,SHAP,3.052878354271854,False,2.509176303188039,0.5873015872922651,-0.7270055392393598,0.7602468715598381,5.7167608195255815,4.409010694300883,True,-0.5710784313725491,False,10,,,,0.4211753022661711,0.0
AHU21,HBOS,77154,LIME,1.3009599424708995,False,2.5376420536944075,0.5873015872922651,-0.5936366624488643,0.697881934267311,12.230307661337026,1.913639754271619,True,0.4485294117647059,False,11,,,,0.4081947654226631,0.6666666666666666
AHU21,HBOS,77154,MAPLE,1.0263629606213809,False,2.2288217681507088,0.9999999998571428,0.2130455050318462,0.1153251008463918,3.347552664252393,1.675699422506203,True,-0.411942376825704,False,6,,,,0.5688474175354217,1.0
AHU21,HBOS,77154,SHAP,3.064549233017905,False,2.507277578896605,0.5873015872922651,-0.7277112047320334,0.7617411530768384,5.87457643743129,4.390031776950183,True,-0.5710784313725491,False,10,,,,0.4227249009534908,0.0
AHU21,HBOS,98666,LIME,0.9702975895185108,False,2.430683271876077,0.5873015872922651,-0.6854192470854455,-0.3600986915748925,7.929220762916781,1.753942776960267,True,0.2035561388119287,False,8,,,,0.469948649212662,0.5
AHU21,HBOS,98666,MAPLE,1.1894109466670977,False,2.6327145650891848,0.5272727272631406,0.0176905787373602,-0.3124252769159505,2.548154499756259,2.5608685488719414,True,0.1446965324084794,False,8,,,,0.3526580671523509,0.6666666666666666
AHU21,HBOS,98666,SHAP,1.333946747175594,False,2.213433841746426,0.5873015872922651,-0.4317574289707276,-0.3573083462128624,5.759468558767788,1.9423509180090763,True,-0.584917338634277,False,7,,,,0.5743227019602481,0.0
AHU21,HBOS,98980,LIME,0.8335888533728345,False,2.447348982543342,0.396825396819098,0.6543119658889831,-0.5768509847939662,7.00263483751514,1.3192644735233356,True,-0.1692213684099166,False,5,0.000382863948937,440.4849715612244,,0.462714668743105,0.4285714285714285
AHU21,HBOS,98980,MAPLE,1.6362904053923604,False,2.5877068450657297,0.4545454545371901,0.1390596600065798,-0.0717141539917785,4.005808280615928,3.981560497573053,True,-0.1373390816080482,False,5,0.0001484911618357,238.80174779807248,,0.3737755354163135,0.6
AHU21,HBOS,98980,SHAP,0.8767725628710968,False,2.248126832125443,0.396825396819098,0.6061811795703949,-0.4837389274535043,4.51679286267722,1.2236174335488632,True,-0.6278358016367921,False,4,1.9752396319557235,438807.7489028905,,0.5757953387365278,0.0
AHU21,IForest,10163,LIME,1.0789012738506143,False,2.565838449912075,0.6825396825288487,0.2856753909489408,0.3241421852993509,8.814735739529832,1.7999938158997997,True,0.2892156862745098,False,3,,,,0.3913043827497269,0.6122448979591837
AHU21,IForest,10163,MAPLE,0.5417285170012558,False,1.2660221456593057,0.6825396825288487,0.0251650742998703,0.1391615581324447,2.289339290420175,0.8704260183009223,True,0.5236135030736359,False,8,,,,0.8252727401192331,0.0
AHU21,IForest,10163,SHAP,1.4284392560311614,False,2.545377365352097,0.6825396825288487,-0.185840586136924,0.325036290744622,2.2646522700029506,1.768557378336571,True,-0.3357843137254902,False,3,,,,0.4077973151937942,0.84
AHU21,IForest,10164,LIME,1.1034470254234312,False,2.5632225177848778,0.6825396825288487,0.2974528292661078,0.3174341951446871,8.890488634126786,1.9023339649341868,True,0.3186274509803922,False,3,,,,0.393379971779335,0.6136363636363636
AHU21,IForest,10164,MAPLE,0.557530640381493,False,1.2515751441585634,0.6825396825288487,0.042903596214875,0.1572166225244403,2.1248268650849678,1.0400689416589322,True,0.4839082137410379,False,8,,,,0.8260046744051841,0.0
AHU21,IForest,10164,SHAP,1.3094580340103974,False,2.459317900530809,0.6825396825288487,-0.1464455528448219,0.3666619314714818,2.158441730633007,1.6893544543770391,True,-0.1838235294117647,False,3,,,,0.4622706398943601,0.8260869565217391
AHU21,IForest,10165,LIME,1.1380471028754784,False,2.5823655839290947,0.6825396825288487,0.3014382953823554,0.313319423875829,8.488654702237678,1.9141051896338053,True,0.2720588235294118,False,3,,,,0.3789492500802438,0.6785714285714286
AHU21,IForest,10165,MAPLE,0.5253697035185074,False,1.234117688319028,0.6825396825288487,0.0086121778204109,0.1834480032452859,2.1903129625760105,1.4532709660949912,True,0.4590924079081642,False,8,,,,0.8296291096895456,0.0
AHU21,IForest,10165,SHAP,1.2132848780850949,False,2.468055597069007,0.6825396825288487,-0.2070462510799927,0.3682397617199299,2.1410398415052123,1.6162297934925105,True,-0.1764705882352941,False,3,,,,0.4619240793458547,0.7368421052631579
AHU21,IForest,10172,LIME,1.12913948859228,False,2.538497001997534,0.6825396825288487,0.3030001248426259,0.2852860361159238,8.725560822316012,1.9054559852478208,True,0.2352941176470588,False,3,,,,0.4039042623805313,0.6363636363636364
AHU21,IForest,10172,MAPLE,1.160154213204596,False,1.7962801742473973,0.6825396825288487,-0.0364106542713168,-0.1407323043996323,2.8662783994939267,6.511131946304407,True,0.4913529554908999,False,8,,,,0.7306343790749025,0.0
AHU21,IForest,10172,SHAP,1.2916226385579903,False,2.4833065977092024,0.6825396825288487,-0.2907401859046763,0.377988385960835,2.0651138327298337,1.717637434813884,True,-0.2598039215686274,False,3,,,,0.4473556409575818,0.7962962962962963
AHU21,IForest,10173,LIME,1.1118986072442372,False,2.5619778853170696,0.6825396825288487,0.2968754683452461,0.326422836504158,9.557589364358307,1.7780554063242624,True,0.2401960784313725,False,3,,,,0.3939734522523402,0.6041666666666666
AHU21,IForest,10173,MAPLE,1.1316138525998871,False,1.8508986204481823,0.6825396825288487,-0.0893597279275588,-0.1333317061011742,3.0608212595893494,4.789617300425155,True,0.392089732159405,False,8,,,,0.7133888991438314,0.0
AHU21,IForest,10173,SHAP,1.3115423018791503,False,2.498788961810304,0.6825396825288487,-0.2858253533041909,0.4423367582263989,2.084612406971176,1.648269348235716,True,-0.3235294117647059,False,3,,,,0.4331759080726835,0.8235294117647058
AHU21,IForest,10174,LIME,1.079284988096301,False,2.5420320769783227,0.6825396825288487,0.2556108323347988,0.2802036447234332,8.649259737502822,1.809244351655732,True,0.2156862745098039,False,3,,,,0.4052618248156442,0.5957446808510638
AHU21,IForest,10174,MAPLE,0.8976918776077979,False,1.93102758628395,0.6825396825288487,-0.1012132281479594,-0.0917601472211659,2.892814707772339,3.118591554109629,True,0.372237087493106,False,8,,,,0.6874318832246504,0.0
AHU21,IForest,10174,SHAP,1.437666602599618,False,2.5454649245455943,0.6825396825288487,-0.3095656578480631,0.4669963061396341,2.444430607643494,1.8789071552438663,True,-0.1397058823529411,False,3,,,,0.4120027407039275,0.8260869565217391
AHU21,IForest,10176,LIME,1.0498803454375136,False,2.578264452350859,0.6825396825288487,0.3526127089406649,0.2925838468862057,8.150549930988477,1.7721721517965614,True,0.2843137254901961,False,3,,,,0.382955813009082,0.7
AHU21,IForest,10176,MAPLE,0.5390190481471429,False,1.2161086380637576,0.6825396825288487,0.0198455334081959,0.1643251729849623,2.3602134486195734,0.8412350832213583,True,0.4987976972407621,False,8,,,,0.8304174247546054,0.0
AHU21,IForest,10176,SHAP,1.226885340772343,False,2.444288721808233,0.6825396825288487,-0.1805709473721362,0.3755335183620377,2.182638166487233,1.5814038668080748,True,0.0661764705882353,False,3,,,,0.4754304583015105,0.7948717948717948
AHU21,IForest,10177,LIME,1.1020911826286204,False,2.568828703908726,0.6825396825288487,0.3153946302665611,0.3161565158545092,8.81055858380417,1.9214507095154332,True,0.3063725490196078,False,3,,,,0.3909857995909426,0.6
AHU21,IForest,10177,MAPLE,0.4843043975903003,False,1.3212411113859843,0.6825396825288487,0.0241287602970169,0.1112165692721388,2.2611504025770435,0.8711732581216163,True,0.471500310824601,False,8,,,,0.8190621301632814,0.0
AHU21,IForest,10177,SHAP,1.4898791911946174,False,2.593131602598122,0.6825396825288487,-0.1583794305277422,0.3812170402551618,2.4287099603105986,1.8652446616852945,True,-0.1446078431372549,False,3,,,,0.3751480384473731,0.7777777777777778
AHU21,IForest,10184,LIME,1.1106181246102722,False,2.5656262216680945,0.6825396825288487,0.2975986335242229,0.2974826144654046,8.513564759023815,1.8871713903978269,True,0.2965686274509804,False,3,,,,0.3915232876689751,0.6
AHU21,IForest,10184,MAPLE,0.5272482690246162,False,1.2625531485136958,0.6825396825288487,0.030635319367897,0.1482045770423465,2.9751645644721294,1.5403414103602846,True,0.4764634719911757,False,8,,,,0.8240583565091639,0.0
AHU21,IForest,10184,SHAP,1.3397130544934857,False,2.5442960256005525,0.6825396825288487,-0.3092017825727134,0.3517244675431556,2.0875356515002585,1.7373588760311718,True,-0.1519607843137255,False,3,,,,0.416523904705373,0.8260869565217391
AHU21,IForest,10185,LIME,1.1088277134934483,False,2.5205050523293657,0.6825396825288487,0.2065068110438409,0.3017984945757845,9.488118491668017,1.8253288560961451,True,0.1911764705882353,False,3,,,,0.4184413804300194,0.5897435897435898
AHU21,IForest,10185,MAPLE,0.5180238137477862,False,2.0158363272675137,0.6825396825288487,-0.0942721984736911,0.0792051725035857,2.288539312596214,2.8351971916877265,True,0.3300502175772207,False,8,,,,0.6452531006376356,0.0
AHU21,IForest,10185,SHAP,1.389467267045249,False,2.5566272950390765,0.6825396825288487,-0.2483870542015686,0.2763119518286455,2.080210930594955,1.8296319200961884,True,-0.1446078431372549,False,3,,,,0.3968542610138855,0.8222222222222222
AHU21,IForest,10187,LIME,1.176379299060299,False,2.582179145125106,0.6825396825288487,0.1723428372762031,0.3817027427838403,9.298598188036236,1.8429605263281843,True,0.1838235294117647,False,3,,,,0.3801385705169068,0.6829268292682927
AHU21,IForest,10187,MAPLE,0.5828061762830821,False,1.0786566850508412,0.6825396825288487,-0.0380941611537605,0.2276680386832463,3.2223060324562,1.396012649629259,True,0.6055056623221191,False,8,,,,0.8480668683290119,0.0
AHU21,IForest,10187,SHAP,1.362660806783467,False,2.334261672114351,0.6825396825288487,-0.1092357941901816,0.3317873486694392,2.2747559288057144,1.7087174442136943,True,-0.2549019607843137,False,3,,,,0.5372610340861873,0.7954545454545454
AHU21,IForest,10188,LIME,1.027280121369226,False,2.5694224539618697,0.6825396825288487,0.2789294181059774,0.3303284016902916,10.764070112966888,1.8818116227480868,True,0.3014705882352941,False,3,,,,0.3892281766323127,0.6590909090909091
AHU21,IForest,10188,MAPLE,0.5518743537737059,False,1.5867276591619637,0.6825396825288487,-0.0576719931030763,0.0204134206231417,3.3263060310558465,2.7572780684246623,True,0.5236135030736359,False,8,,,,0.7772990346982271,0.0
AHU21,IForest,10188,SHAP,1.484406897221371,False,2.4766539834164383,0.6825396825288487,-0.1609813572396158,0.3297057156332472,2.656643602301696,1.9054666808856064,True,-0.1299019607843137,False,3,,,,0.4581106734060829,0.8222222222222222
AHU21,IForest,10191,LIME,1.1438779749860908,False,2.5480141143242063,0.6825396825288487,0.0902333226166905,0.4638865316648868,8.194600273257015,1.878600817596747,True,0.2132352941176471,False,3,,,,0.3997562027876875,0.6444444444444445
AHU21,IForest,10191,MAPLE,0.602051684364086,False,1.2557011303198111,0.6825396825288487,-0.0168856965346224,0.2056114446023652,1.888900312212562,0.978301776140852,True,0.5459477283232222,False,8,,,,0.8054207617797718,0.0
AHU21,IForest,10191,SHAP,1.1960400721951812,False,2.4791967151073746,0.6825396825288487,0.2137392184884785,0.2644556333167813,2.2197944048735305,1.5392815231022388,True,-0.071078431372549,False,3,,,,0.4613081261732213,0.803921568627451
AHU21,IForest,10197,LIME,1.0805126419778253,False,2.5788055976076234,0.6825396825288487,0.3534709741490373,0.2967067547491188,9.443141270240089,1.9355598115064596,True,0.267156862745098,False,3,,,,0.3824816346292364,0.6216216216216216
AHU21,IForest,10197,MAPLE,0.4981697302834054,False,1.5346499665523214,0.6825396825288487,0.0192958156045655,-0.0020711640270811,2.6279095641789447,1.8631145960390816,True,0.4938345360741873,False,8,,,,0.788720310096889,0.0
AHU21,IForest,10197,SHAP,1.3434434638933894,False,2.515810250812561,0.6825396825288487,-0.1391223356013768,0.3387171584919833,2.123676576113239,1.7473559079496015,True,-0.071078431372549,False,3,,,,0.4364451217851866,0.8163265306122449
AHU21,IForest,102428,LIME,1.1268787011719523,False,2.4701029455658947,0.3015873015825145,0.198453472680633,0.2593032133123089,12.242879123614973,1.7850142942325775,True,0.1495098039215686,False,4,0.0001221306363968,50.685297489744464,,0.4398198526810095,0.3541666666666667
AHU21,IForest,102428,MAPLE,0.8008870721237014,False,1.7663439218010626,0.3015873015825145,-0.1811216181857322,0.3624567915662418,1.6441787917532238,3.5406334555761183,True,-0.0248158058328737,False,3,3.800424631146218e-05,10.68965293136734,,0.7275772529450351,0.0
AHU21,IForest,102428,SHAP,0.5677436641533794,False,2.086363346736708,0.3015873015825145,0.593952741933896,0.6626275196755184,2.1308640518847186,0.7537024627602624,True,-0.1225490196078431,False,4,0.0002059682943454,85.33736732441137,,0.6379241625975013,0.1666666666666666
AHU21,IForest,102433,LIME,1.1241133223589297,False,2.4375856503420987,0.3015873015825145,0.1863195389840354,0.260382648950351,8.35662144554956,1.7428541848821095,True,0.1936274509803922,False,4,0.0003979726725933,101.62882604610256,,0.4575158082829956,0.3214285714285714
AHU21,IForest,102433,MAPLE,0.8540506977569858,False,1.7053357164773717,0.3015873015825145,-0.1829710051349158,0.367084287859539,2.128575304468057,3.0840102365776145,True,-0.04715003108246,False,3,2.6748187888678417e-05,11.896837162555006,,0.7430683314641083,0.0
AHU21,IForest,102433,SHAP,0.5295819150018309,False,2.0634517498732,0.3015873015825145,0.6024165434531088,0.6312413848730029,1.626147399449038,0.7297966734557668,True,0.017156862745098,False,4,0.000275128513178,109.9245010353943,,0.6458557614813132,0.1111111111111111
AHU21,IForest,159784,LIME,0.837859307723256,False,2.475891878819789,0.3015873015825145,-0.0762526548633677,0.093006572002289,7.714616157280949,1.3083058766350495,True,0.1372549019607843,False,5,4.346741531877257e-05,3692.436222558525,,0.4413229188063653,0.3454545454545454
AHU21,IForest,159784,MAPLE,0.5983836478575921,False,1.7551249381444036,0.3015873015825145,-0.1324065604442128,0.0891578569856565,2.102606464883551,2.7234695600348666,True,0.0446684504991727,False,10,9.509628411823472e-05,20875.15370380922,,0.7351575563075317,0.0
AHU21,IForest,159784,SHAP,0.3216711053976452,False,2.409010677844042,0.3015873015825145,0.1671179021388753,0.2690269692726189,1.472321474356475,0.4666728165326306,True,-0.1151960784313725,False,5,0.0007422785563931,581616.4468400162,,0.4863873873769946,0.75
AHU21,IForest,159789,LIME,0.8081329216536275,False,2.4875896842028467,0.3015873015825145,-0.087856739387816,0.0843083735014308,8.849719217956904,1.2749165964421847,True,0.1519607843137255,False,6,3.6800048449721225e-05,44493.548036736815,,0.4334858617427002,0.3809523809523809
AHU21,IForest,159789,MAPLE,0.5288643013234141,False,1.804165418797768,0.3015873015825145,-0.1454626581364334,0.0997141299959429,2.007227019803965,1.4426980899033637,True,0.0918184815816328,False,11,6.332557665715597e-05,162096.68036605534,,0.7209186556599766,0.0
AHU21,IForest,159789,SHAP,0.2873891477094902,False,2.4512043387062,0.3015873015825145,0.1555454811509071,0.2615031671555989,1.549260520873978,0.5090828117803415,True,-0.0245098039215686,False,6,0.0012238921240961,2631027.0650351723,,0.4645452713971412,0.6923076923076923
AHU21,IForest,159797,LIME,0.8192685310516624,False,2.4736162709284564,0.3015873015825145,-0.0689660912472413,0.1085928737359251,7.185232764012376,1.2950896616858432,True,0.0318627450980392,False,6,4.4938967119905016e-05,52895.50228178833,,0.4413300858169416,0.4042553191489361
AHU21,IForest,159797,MAPLE,0.5061623736063181,False,1.7524837911850353,0.3015873015825145,-0.1478605434733069,0.0884095674007081,2.2328743244494045,1.06980225614075,True,0.0694842563320464,False,11,0.0001347566339287,13827.589656285048,,0.7353425701524111,0.0
AHU21,IForest,159797,SHAP,0.2826705779964851,False,2.436236387852846,0.3015873015825145,0.157206953402195,0.2638580377808898,1.961767005553036,0.4686840472806096,True,0.017156862745098,False,6,0.0005928679198474,215316.79369123423,,0.4721405398265629,0.8181818181818182
AHU21,IForest,159801,LIME,0.8260609257109642,False,2.467128932551334,0.3015873015825145,-0.0683212880604137,0.1081784362599805,10.88796916638365,1.2909391932108665,True,0.088235294117647,False,6,5.7428631788003125e-05,25003.59127548043,,0.4436569920158008,0.4146341463414634
AHU21,IForest,159801,MAPLE,0.5386763486361037,False,1.7524837911850353,0.3015873015825145,-0.1468478452103657,0.0845960834328668,1.6134352698843777,1.5860655205628231,True,0.0446684504991727,False,11,8.558532257814982e-05,61273.320004923975,,0.7353425701524111,0.0
AHU21,IForest,159801,SHAP,0.2882208987815587,False,2.449047270191368,0.3015873015825145,0.113248897839006,0.2242052221192401,1.591383026223502,0.466410735680159,True,-0.0392156862745098,False,6,0.0006797871335621,41167.74274347589,,0.4629785560865097,0.8
AHU21,IForest,160708,LIME,1.0982478835771092,False,2.509587558477951,0.6825396825288487,0.2067019732040109,-0.0389009569470197,8.823293013837812,1.7978458438068214,True,0.3774509803921569,False,4,,,,0.4219171035175972,0.6666666666666666
AHU21,IForest,160708,MAPLE,0.6506975818120826,False,1.1282476760621698,0.6825396825288487,0.1795006760471729,-0.1452183119599748,3.0935349730403305,0.9519655052993592,True,0.5136871807404864,False,9,,,,0.8418473419392437,0.0
AHU21,IForest,160708,SHAP,0.8761134908055432,False,2.3536049231608205,0.6825396825288487,-0.1530978180784299,-0.316545989783954,1.7399809194298737,1.1925308496244922,True,-0.3406862745098039,False,4,,,,0.5305055925305484,0.7735849056603774
AHU21,IForest,160746,LIME,1.3551840113149851,False,2.4505735581269694,0.6825396825288487,-0.6096421578078406,-0.4363643331405515,10.54649220088384,1.8906400512483184,True,0.2990196078431372,False,10,,,,0.4537103791908405,0.8888888888888888
AHU21,IForest,160746,MAPLE,0.8771682837838253,False,1.585385864596338,0.6825396825288487,0.2315097788173998,0.0788362558260484,2.479297273060573,3.13099470015812,True,-0.0634918715290233,False,7,,,,0.7757260749662337,0.0
AHU21,IForest,160746,SHAP,1.524544833758739,False,2.362409068403637,0.6825396825288487,-0.4789757758661135,-0.5223510341635353,2.5840970963356225,2.1824373123890237,True,-0.3480392156862745,False,10,,,,0.5252163258764808,0.7647058823529411
AHU21,IForest,160807,LIME,1.3470591419658176,False,2.4532856945967003,0.6825396825288487,-0.6238819205737861,-0.5130040851420271,12.566082071493032,1.8503624418637696,True,0.3112745098039216,False,10,,,,0.4511814948189576,0.76
AHU21,IForest,160807,MAPLE,0.8489693082356624,False,1.4382930404139245,0.6825396825288487,0.2655443372202322,-0.1340315571714271,1.684555531224085,1.242684672220453,True,-0.2488881363937713,False,7,,,,0.7830799180557855,0.0
AHU21,IForest,160807,SHAP,1.244447056387758,False,2.419078004754792,0.6825396825288487,-0.5134935194634768,-0.5645131426566511,2.215834210356923,1.805197149599841,True,-0.3063725490196078,False,10,,,,0.4938636545582102,0.8571428571428571
AHU21,IForest,161562,LIME,1.0072961845947082,False,2.455030065727985,0.6825396825288487,0.2738179539390747,-0.1628202022584949,8.504262081809552,1.7709699622373976,True,0.3700980392156863,False,4,,,,0.4514475010929896,0.6428571428571429
AHU21,IForest,161562,MAPLE,0.584046845148002,False,1.7748306840929455,0.6825396825288487,0.1397205854114498,-0.1420357296312011,2.050289097980849,0.9672816724272696,True,0.4987976972407621,False,9,,,,0.7247252486548719,0.0
AHU21,IForest,161562,SHAP,1.4061892012354378,False,2.5851806876380565,0.6825396825288487,-0.3942807565808883,-0.5112488854902053,2.2570891215156617,1.707417709782208,True,-0.3529411764705882,False,4,,,,0.3752837500741518,0.7142857142857143
AHU21,IForest,161591,LIME,1.0885249944704922,False,2.483758209214581,0.6825396825288487,0.2483584737338427,-0.1881077916920098,12.17178904324131,1.7792548804927033,True,0.3700980392156863,False,4,,,,0.4387305723117019,0.6607142857142857
AHU21,IForest,161591,MAPLE,0.5556397718677226,False,1.8822718979774669,0.6825396825288487,0.1275695583615992,-0.074763869050891,2.3011702527534004,1.149457135018772,True,0.4913529554908999,False,9,,,,0.6934625230546069,0.0
AHU21,IForest,161591,SHAP,1.4770024440661365,False,2.467724097572312,0.6825396825288487,-0.3053405322558751,-0.4986932304306757,2.3218425535569107,1.8039294438601,True,-0.2450980392156863,False,4,,,,0.451999621688133,0.7692307692307693
AHU21,IForest,161616,LIME,1.4139787863370494,False,2.4516326779200943,0.6825396825288487,-0.5832985305801747,-0.3533816650589632,11.90585645717212,1.9438710317416583,True,-0.0073529411764705,False,10,,,,0.4528069906718838,0.6363636363636364
AHU21,IForest,161616,MAPLE,0.6873286836920386,False,1.7618977897401218,0.6825396825288487,0.0680534888637403,-0.1134905830394829,2.6123387953487223,3.3680154106064863,True,0.0507934972232186,False,7,,,,0.7252736473681584,0.0
AHU21,IForest,161616,SHAP,2.892069843536752,False,2.5733237866240577,0.6825396825288487,-0.5242907291272927,-0.2793167109331251,2.9745382667415625,3.8942230604367367,True,-0.2058823529411765,False,10,,,,0.3970475755233764,0.7924528301886793
AHU21,IForest,162843,LIME,1.3499229773859716,False,2.44649930241531,0.6825396825288487,-0.6201969604627476,-0.4723068249847353,9.53187141151261,1.825571036008541,True,0.2794117647058823,False,10,,,,0.4547152905112766,0.7
AHU21,IForest,162843,MAPLE,0.7759374600015826,False,1.407853984662567,0.6825396825288487,0.199283552903979,-0.2225186751846224,1.8868296541781089,1.2987113789879263,True,-0.1193647184745637,False,7,,,,0.7906320642277012,0.0
AHU21,IForest,162843,SHAP,1.58487296698172,False,2.344099894596812,0.6825396825288487,-0.4522023915441815,-0.5101348612909448,2.300850876463832,2.15628485709769,True,-0.2058823529411765,False,10,,,,0.5266957478506855,0.7872340425531915
AHU21,IForest,165865,LIME,1.1238179205884986,False,2.503986717225092,0.3015873015825145,-0.0579710332337233,0.1678883769405748,7.403446276845328,1.7464783961278094,True,0.3161764705882353,False,6,0.0001019336108803,112.66500928608605,,0.4258148942334495,0.3272727272727272
AHU21,IForest,165865,MAPLE,0.7039295310672025,False,2.0715917224200853,0.3015873015825145,-0.5352034765595569,-0.5008184189985905,2.243788099680971,1.790983926039814,True,0.5012792778240495,False,11,1.979740152324949e-05,12.334645727296156,,0.6445059990221511,0.0
AHU21,IForest,165865,SHAP,0.4384253177958467,False,2.3843421073034103,0.3015873015825145,0.339013703306854,0.4418192494171569,1.4404064034622104,0.682254192366799,True,-0.3431372549019608,False,6,0.000199408933897,176.62565083239474,,0.50772005535549,0.3191489361702128
AHU21,IForest,165869,LIME,1.0929822982292197,False,2.495160691020468,0.3015873015825145,-0.0219988789888114,0.1708013029487081,8.893873824680181,1.809674714688938,True,0.4632352941176471,False,6,8.821814193506941e-05,166.45763210365604,,0.4332060348983333,0.3275862068965517
AHU21,IForest,165869,MAPLE,0.7403671033452927,False,2.0958771233327536,0.3015873015825145,-0.4852000661192833,-0.2980912721131484,1.8905066562055104,1.874087038295469,True,0.5360214059900728,False,11,2.0849280961746578e-05,21.294796549137203,,0.6330147577756016,0.0
AHU21,IForest,165869,SHAP,0.4453985727531248,False,2.34797875972732,0.3015873015825145,0.378046860253668,0.4825996147401492,1.53273323674973,0.672124172860725,True,-0.3848039215686274,False,6,0.0006889364785278,575.4339875536763,,0.5237046215541401,0.3125
AHU21,IForest,165877,LIME,1.082635927768765,False,2.528765936924581,0.3015873015825145,-0.0493152210387459,0.1794715721271676,8.303775133833199,1.762996323721448,True,0.3112745098039216,False,6,8.23563310431801e-05,91.82242811989732,,0.4095983505516941,0.4358974358974359
AHU21,IForest,165877,MAPLE,0.7063149771943269,False,2.054535749065848,0.3015873015825145,-0.5769289894365499,-0.4767050646874295,1.6247878809440404,2.251476613459967,True,0.4367581826585777,False,11,1.688258794347953e-05,15.284076203284824,,0.6486384112982173,0.0
AHU21,IForest,165877,SHAP,0.4434000131335918,False,2.35055769106342,0.3015873015825145,0.3077281357074978,0.4468962485618944,1.4603954763657645,0.7225789957268592,True,-0.4387254901960785,False,6,0.0003988879959697,378.0955036482657,,0.5234647226978374,0.3191489361702128
AHU21,IForest,169883,LIME,0.8876661294350687,False,2.4908164470712597,0.3015873015825145,0.1412653404620984,0.3709308312555157,8.8537148285879,1.4611135241596207,True,0.1936274509803922,False,3,0.0001871062112837,92.8803646748345,,0.4350257120259426,0.3220338983050847
AHU21,IForest,169883,MAPLE,0.6227821296381727,False,2.154508753954021,0.3015873015825145,0.305322125725864,0.3233315301504672,0.8781247855395441,2.8834639338055656,True,0.6079872429054066,False,8,2.480292638473153e-05,7.523440409192391,,0.6023876976665139,0.0
AHU21,IForest,169883,SHAP,0.4299050617586229,False,2.1994875299698284,0.3015873015825145,0.7861650640161499,0.8049955020345692,1.612839089542323,0.6517137305774442,True,-0.1715686274509804,False,3,0.001989164802272,1218.0377298077942,,0.5971781402144354,0.5789473684210527
AHU21,IForest,169892,LIME,1.0480735711627789,False,2.508187954315577,0.3015873015825145,0.092170713648958,0.2386795809690821,11.128181558599538,1.6461388082157569,True,-0.0980392156862745,False,3,0.0001822527531254,18257.79278444284,,0.4246499187855899,0.3333333333333333
AHU21,IForest,169892,MAPLE,0.8284064176336223,False,1.628572297857472,0.3015873015825145,-0.4040322968992778,0.4606647431763511,1.4146727157734176,1.4454513068764905,True,0.3896081515761176,False,4,0.0001241602972108,15327.863068650931,,0.7434402595700941,0.0
AHU21,IForest,169892,SHAP,0.3567943468742072,False,2.46943100792628,0.3015873015825145,0.2834285097639251,0.3002370540687193,1.635464663304803,0.5434480485221532,True,-0.1200980392156862,False,3,8.162341534525027e-05,1885.0989443125216,,0.4710807697312175,0.0
AHU21,IForest,169895,LIME,0.8898907394447414,False,2.470999749283786,0.3015873015825145,0.1513362759144758,0.3643864176379746,9.548686739424078,1.493372895901466,True,0.2916666666666667,False,3,0.0002273910615273,82.41099861407568,,0.4448122371865834,0.3829787234042553
AHU21,IForest,169895,MAPLE,1.4449680498628532,False,2.1912031636205547,0.3015873015825145,0.3615061683095398,0.6434733809831685,0.8979445820531345,5.240405697674051,True,0.5856530176558201,False,8,5.860752665410417e-05,30.294373086947072,,0.5824922007803842,0.0
AHU21,IForest,169895,SHAP,0.5034765351224852,False,2.122697447555205,0.3015873015825145,0.7995067525019597,0.7525793763697676,1.787599842151656,0.6950357564145251,True,-0.2916666666666667,False,3,0.0039680999541486,1915.1321699183384,,0.6279707309141896,0.5
AHU21,IForest,169899,LIME,0.854043142076348,False,2.465480952121516,0.3015873015825145,0.1425545221830208,0.3819653621039691,7.474611717405446,1.49461095904798,True,0.4142156862745098,False,3,0.0002077267930715,54.50194047203736,,0.4485388803909042,0.3392857142857143
AHU21,IForest,169899,MAPLE,0.6212751958859499,False,2.226830585904146,0.3015873015825145,0.3100796805803623,0.3984399150818986,1.412811282101049,3.544321763374224,True,0.5881345982391075,False,8,1.5366982107275602e-05,5.529946134896502,,0.568518174475877,0.0
AHU21,IForest,169899,SHAP,0.4792628978240292,False,2.1517613456672837,0.3015873015825145,0.7355469991736282,0.7645693078767382,1.4699900132782877,0.6613169704624992,True,-0.2769607843137255,False,3,0.0026521469507434,1136.3596176901517,,0.617469922060765,0.34375
AHU21,IForest,169905,LIME,0.9192896867815148,False,2.4829731644929462,0.3015873015825145,0.1676521757990767,0.3919419999858277,8.056299756139797,1.4822646755642557,True,0.3406862745098039,False,3,0.0002291001907556,88.91381487326863,,0.4367599312125689,0.3269230769230769
AHU21,IForest,169905,MAPLE,1.2389781886166051,False,2.2708459870245217,0.3015873015825145,0.424899445574195,0.6505053942071288,1.1856987761162876,2.9665684081205157,True,0.5484293089065095,False,8,9.771449047259135e-05,23.706807471409142,,0.5485056329008985,0.0
AHU21,IForest,169905,SHAP,0.4608692161247964,False,2.2288060255208286,0.3015873015825145,0.6358220570941095,0.7132538236925304,1.6546206904767673,0.6153535288092127,True,-0.196078431372549,False,3,0.0010110016987075,397.13365006040897,,0.5861649525926197,0.3928571428571428
AHU21,IForest,186820,LIME,0.978824697010692,False,2.519052533897801,0.6825396825288487,0.4981964200947613,-0.2483677584182473,9.26362638884156,1.6992457268455532,True,0.3063725490196078,False,4,,,,0.4182055924266897,0.6666666666666666
AHU21,IForest,186820,MAPLE,0.8476801837694076,False,1.3949173723931585,0.6825396825288487,0.2939120330879333,0.1097654160426124,1.8709798036441736,1.1977035990526117,True,0.4640555690747389,False,3,,,,0.8116552987684968,0.0
AHU21,IForest,186820,SHAP,1.1123304768073945,False,2.349542874039258,0.6825396825288487,0.46044236643807,-0.0911112662286278,2.6330989161525187,1.2804427858781968,True,0.3848039215686274,False,4,,,,0.5249333650653518,0.9487179487179488
AHU21,IForest,186832,LIME,0.9959782554083146,False,2.550033950771544,0.6825396825288487,0.4801201381416464,-0.238086126361401,7.743342080119623,1.6512569396359067,True,0.3235294117647059,False,4,,,,0.3987691533082196,0.6610169491525424
AHU21,IForest,186832,MAPLE,0.7640151870759813,False,1.382928375904081,0.6825396825288487,0.3294405134776828,0.0592502026985527,1.973477909589376,1.1813386388670184,True,0.4541292467415894,False,3,,,,0.8154885192061838,0.0
AHU21,IForest,186832,SHAP,1.0562549496776106,False,2.4012600237143253,0.6825396825288487,0.4874601635615296,-0.0861529349472319,2.394939090333831,1.2777062301512705,True,0.3284313725490196,False,4,,,,0.504592987626868,0.9318181818181818
AHU21,IForest,189380,LIME,1.1923146881261244,False,2.535081588844762,0.3015873015825145,0.583385309975775,-0.3142090558178868,11.45415206435281,1.830446680063418,True,0.3627450980392157,False,6,9.520241664383577e-05,54.67887048541711,,0.4078032427569095,0.2903225806451613
AHU21,IForest,189380,MAPLE,0.9800746546186104,False,1.6763153420865111,0.3015873015825145,0.1001530669436102,0.1393804144981498,2.244130514961069,3.226554743507009,True,-0.0645210951654717,False,5,8.265030172927603e-05,162.8051704021347,,0.7506450392949395,0.0
AHU21,IForest,189380,SHAP,0.4363644970249762,False,1.886004394421097,0.3015873015825145,0.7411915180538103,-0.6019745990001691,2.0156493145776846,0.6056991979259779,True,-0.2892156862745098,False,6,0.0006437983381195,339.0998326136344,,0.6836013590877843,0.0
AHU21,IForest,190544,LIME,1.336215442776152,False,2.559921465254341,0.6825396825288487,-0.5964135466115948,-0.2144060593172721,10.295173475813622,1.912620531890523,True,0.0294117647058823,False,10,,,,0.3931811948023348,0.7380952380952381
AHU21,IForest,190544,MAPLE,0.7398047663943217,False,1.7866156968318938,0.6825396825288487,-0.0491930360837437,-0.4410667558209059,2.8402941181453416,1.97583929215055,True,0.1643247957159503,False,6,,,,0.7225005741131523,0.0
AHU21,IForest,190544,SHAP,1.527313290764048,False,2.2216787271941856,0.6825396825288487,-0.3946871298797126,-0.6077757788372182,3.2453604599208266,1.9670750187529875,True,0.2745098039215686,False,10,,,,0.5724828542252887,0.96875
AHU21,IForest,190554,LIME,1.3147937691097982,False,2.5570177335449262,0.6825396825288487,-0.6117847877774031,-0.2135196593100613,12.165597511439596,1.7534115669269426,True,0.0,False,10,,,,0.3945099893713134,0.76
AHU21,IForest,190554,MAPLE,0.8592729422386925,False,1.796184750475594,0.6825396825288487,-0.0735706938445966,-0.4042477943045153,2.0945576389307976,2.666986690576378,True,0.1229201227796479,False,6,,,,0.719504640892076,0.0
AHU21,IForest,190554,SHAP,1.5465932782181158,False,2.169261124081891,0.6825396825288487,-0.4015847968746635,-0.6044170695173939,3.4458765382989407,1.9821958487652311,True,0.3186274509803922,False,10,,,,0.59546411248004,0.9666666666666668
AHU21,IForest,190574,LIME,1.3567913727959535,False,2.5539422267309115,0.6825396825288487,-0.6056020711516534,-0.214700382496617,11.07155522177215,1.8074933313436123,True,-0.1176470588235294,False,10,,,,0.3954403822071347,0.7272727272727273
AHU21,IForest,190574,MAPLE,0.864161335528829,False,1.751266490171139,0.6825396825288487,-0.0768883537526868,-0.3785279857262572,2.17302232747034,1.9970822416271372,True,0.1643247957159503,False,6,,,,0.7257763182881486,0.0
AHU21,IForest,190574,SHAP,1.559730598599801,False,2.189898972134528,0.6825396825288487,-0.4112575962159875,-0.5754670142750022,2.931802436087429,1.8759771385458563,True,0.2720588235294118,False,10,,,,0.5818144416429771,0.9666666666666668
AHU21,IForest,191102,LIME,1.2858484669843444,False,2.5481847840686376,0.6825396825288487,-0.602319424455407,-0.5267224634264349,10.610148452449383,1.7709550589290866,True,0.3529411764705882,False,7,,,,0.4012569852361017,0.66
AHU21,IForest,191102,MAPLE,1.7284493422973506,False,1.99262604321647,0.6825396825288487,0.0780724787569692,0.0447122651011193,3.667022902068588,3.5481196511292827,True,0.1488948349972424,False,8,,,,0.6674938606377789,0.0
AHU21,IForest,191102,SHAP,0.6094426712449471,False,2.0850310177392903,0.6825396825288487,-0.7041078400212455,-0.7683933070430379,2.1565383436958103,0.9305971025826856,True,-0.0098039215686274,False,7,,,,0.596033161165241,0.5714285714285714
AHU21,IForest,191529,LIME,1.3768359101014225,False,2.5053040996878915,0.6825396825288487,-0.6409570755751038,-0.3319399896887697,11.08539657802612,1.875791617073417,True,0.3112745098039216,False,10,,,,0.4261298880469166,0.6363636363636364
AHU21,IForest,191529,MAPLE,0.8598803059921727,False,1.6673799685639494,0.6825396825288487,0.0585138491922762,0.0676868924169479,2.983115957908591,2.003688933426418,True,0.2805933809392673,False,8,,,,0.7628605053601752,0.0
AHU21,IForest,191529,SHAP,2.1438178150864333,False,2.566335658788834,0.6825396825288487,-0.4047538913308325,-0.3741022626835396,3.07208887131247,2.7507507145658656,True,-0.2181372549019608,False,10,,,,0.4046291371273087,0.7777777777777778
AHU21,IForest,192043,LIME,1.384894475424006,False,2.5078365419597355,0.6825396825288487,-0.5453728871348555,-0.1881887515323794,11.799082622156494,2.0530902383565035,True,0.4338235294117647,False,8,,,,0.4249606694468772,0.6785714285714286
AHU21,IForest,192043,MAPLE,1.0948702285197751,False,2.059673656242917,0.6825396825288487,-0.014716264567322,0.2525745956768531,1.9649850517636829,4.818421589416735,True,0.1364869320808055,False,7,,,,0.6392388550315274,0.0
AHU21,IForest,192043,SHAP,2.1374049173738383,False,2.56398793752744,0.6825396825288487,-0.1875070765940233,-0.1406101293323705,2.427079649679217,2.8546737559356807,True,-0.4730392156862746,False,8,,,,0.4074372580163621,0.7818181818181819
AHU21,IForest,192734,LIME,1.3210048936538952,False,2.531072118841361,0.6825396825288487,-0.6757523962827258,-0.397593267715685,10.34986306330981,1.902422429108031,True,0.3431372549019608,False,10,,,,0.4113936428436684,0.7111111111111111
AHU21,IForest,192734,MAPLE,0.889413936053461,False,1.7643016881683924,0.6825396825288487,0.1819089902912964,-0.0239501614819161,2.183801249491665,2.7202797972660395,True,0.3444784810638326,False,8,,,,0.739154061982892,0.0
AHU21,IForest,192734,SHAP,1.8337198755283657,False,2.4669127325903,0.6825396825288487,-0.5943496861738116,-0.3906168437177318,3.29537816826991,2.6279114105967607,True,-0.3970588235294118,False,10,,,,0.4578258203654107,0.8076923076923077
AHU21,IForest,198708,LIME,1.388766106670886,False,2.564792204089718,0.6825396825288487,-0.5841271383381292,-0.2502025437313851,10.54664592320931,1.8839515939478464,True,0.0,False,10,,,,0.388524652352501,0.7333333333333333
AHU21,IForest,198708,MAPLE,0.955863127184517,False,1.9711343277514213,0.6825396825288487,0.0508096768458247,-0.2013066712428676,2.419138425891638,3.367108669211249,True,0.10920601902992,False,7,,,,0.6700029462320327,0.0
AHU21,IForest,198708,SHAP,2.201042269003168,False,2.461178829103976,0.6825396825288487,-0.326576458717591,-0.4714933453356437,2.82799046007654,3.0480086596358813,True,0.0906862745098039,False,10,,,,0.4639158260406164,0.7924528301886793
AHU21,IForest,198814,LIME,1.3073744082768692,False,2.547359091853465,0.6825396825288487,-0.5383380905702339,-0.1803432577809622,11.789624514752244,1.7674215056778468,True,-0.0931372549019607,False,10,,,,0.4023009734689881,0.717948717948718
AHU21,IForest,198814,MAPLE,0.852522978882611,False,1.758866064844424,0.6825396825288487,0.0556003495989202,-0.4184738832086674,2.638320441605708,2.61753008090412,True,-0.0426985689655619,False,6,,,,0.7310585181729314,0.0
AHU21,IForest,198814,SHAP,2.0174255420391503,False,2.417966741500109,0.6825396825288487,-0.3504918108630669,-0.47957401159127,3.427650172766528,2.639488159063928,True,0.1225490196078431,False,10,,,,0.4850100185233478,0.9111111111111112
AHU21,IForest,198842,LIME,1.3816040005329857,False,2.5210867320357964,0.6825396825288487,-0.6172951426948583,-0.2828643620008878,11.736693037934332,1.9396241905575184,True,0.1715686274509804,False,10,,,,0.4154441604821486,0.6046511627906976
AHU21,IForest,198842,MAPLE,1.2408786500908218,False,1.880690045894859,0.6825396825288487,-0.1420330275911955,0.1025375821682059,2.646699507507797,3.9019898063692695,True,0.4772592774011645,False,8,,,,0.70521597599141,0.0
AHU21,IForest,198842,SHAP,2.620446342546582,False,2.4373995898731144,0.6825396825288487,-0.1128548487863753,-0.3648774838299801,3.0304694493779865,3.3528240357387857,True,0.0441176470588235,False,10,,,,0.4830976241715769,0.7592592592592593
AHU21,IForest,210411,LIME,0.8721693369132963,False,2.532731389425985,0.6825396825288487,0.4673001311462667,0.0970743202003912,8.99495575370077,1.2871931819477078,True,0.3504901960784314,False,5,,,,0.407607605724975,0.6607142857142857
AHU21,IForest,210411,MAPLE,0.4308216841877438,False,1.8084411188164955,0.6825396825288487,0.2603884999819256,0.1246175205635216,2.978491011732025,2.1202447936603246,True,0.3449397010769449,False,10,,,,0.7159700849607274,0.0
AHU21,IForest,210411,SHAP,0.8727348329064357,False,2.33686673030967,0.6825396825288487,-0.0625657579200382,-0.4349056486775352,1.954328373047146,1.097423888800194,True,-0.5637254901960785,False,5,,,,0.5305252072546965,0.7692307692307693
AHU21,IForest,239412,LIME,0.980951034906228,False,2.525786033151243,0.6825396825288487,0.2875458718217548,0.0343344605487608,9.932688970765192,1.566448866922593,True,0.2524509803921569,False,4,,,,0.4141130676074449,0.6491228070175439
AHU21,IForest,239412,MAPLE,0.922117972543714,False,1.293535556824703,0.6825396825288487,-0.1228202564979337,-0.387236575419612,1.9650937029724684,1.2782820440020244,True,0.3697555069098187,False,3,,,,0.8083017726234439,0.0
AHU21,IForest,239412,SHAP,0.7566603872555866,False,2.3723773125775485,0.6825396825288487,0.5324117555965276,-0.0487290773898205,2.193397909507982,0.9770251031196728,True,0.0416666666666666,False,4,,,,0.5182833058177028,0.8285714285714286
AHU21,IForest,240053,LIME,1.4010303605711885,False,2.521297343969205,0.6825396825288487,-0.8012843625093545,-0.4696623141072329,10.330538720393298,2.2298583988338447,True,0.4362745098039216,False,9,,,,0.416342525884858,0.6346153846153846
AHU21,IForest,240053,MAPLE,0.5949979200161121,False,1.9845672993944683,0.6825396825288487,0.1462444293706288,0.4154542673554375,1.8028866055776789,1.7121654979202037,True,-0.0496316116657474,False,8,,,,0.6725813506648212,0.0
AHU21,IForest,240053,SHAP,1.6963571948552871,False,2.4851490982202997,0.6825396825288487,-0.5420261350869707,-0.366991047674011,2.3144434297002947,2.2941498177171886,True,-0.3602941176470589,False,9,,,,0.459316983361958,0.8888888888888888
AHU21,IForest,240405,LIME,1.445222881359507,False,2.500914579166277,0.59999999988,-0.7905642130686953,-0.3747696139754144,16.473617477301293,2.0945883460324266,True,0.4411764705882353,False,9,,,,0.4270239769302881,0.0
AHU21,IForest,240405,MAPLE,0.9736720873485912,False,1.6690844235632991,0.59999999988,-0.1448001612502313,0.5036356365126147,3.7296350946139967,2.6211352938217063,True,0.0794105786651959,False,8,,,,0.7437508412089862,0.0
AHU21,IForest,240405,SHAP,2.514669327934871,False,2.596461707226723,0.59999999988,-0.2572902082907898,-0.1303879692113829,4.329666580892356,3.3252503027906,True,-0.5196078431372549,False,9,,,,0.377319804044444,1.0
AHU21,IForest,240625,LIME,0.9924028148702212,False,2.52945916069452,0.19999999996,-0.0929511007270036,-0.1725215358441061,11.478171354600336,1.663613356954558,True,0.4583333333333333,False,4,0.0002639887817521,113.51354050228858,,0.4125143395981072,0.0
AHU21,IForest,240625,MAPLE,0.8424516217451609,False,1.059248928592424,0.19999999996,0.4028968550222764,0.1612137048763189,2.4096917930901083,1.1890932537590857,True,0.1166342874145065,False,3,3.7745202532693984e-05,20.82051492646054,,0.8355376194884934,0.0
AHU21,IForest,240625,SHAP,0.4645113130486188,False,2.397275285217411,0.19999999996,-0.2625188480518367,0.0533270796677927,3.798676648917753,0.6474748192499884,True,0.0073529411764705,False,4,0.0001415346433926,108.22177231373686,,0.5128086586174245,0.0
AHU21,IForest,240726,LIME,1.4725289979651206,False,2.5078925238395344,0.59999999988,-0.796190609142533,-0.4048731275502458,11.188771700162714,2.065687460508011,True,0.2426470588235294,False,9,,,,0.4254989007637652,0.0
AHU21,IForest,240726,MAPLE,1.7897066803747574,False,1.6915335615265188,0.59999999988,-0.450540411730989,-0.0962370282361797,4.00996195940297,3.1604170051077216,True,-0.372237087493106,False,8,,,,0.7550527421151616,0.0
AHU21,IForest,240726,SHAP,2.1060840069150784,False,2.511556096013049,0.59999999988,-0.4791537680660168,-0.2503319225570617,3.912668737955369,3.0334389694938197,True,-0.4264705882352942,False,9,,,,0.4348115821099679,1.0
AHU21,IForest,245409,LIME,1.0319822744912863,False,2.497977071236464,0.59999999988,0.2472632084576373,-0.0035865992505444,7.662962588726414,1.6728871777080303,True,0.1862745098039215,False,4,,,,0.4307341297728557,0.0
AHU21,IForest,245409,MAPLE,0.9151650896982548,False,1.208892390605146,0.59999999988,-0.1722589193738232,0.299063113590747,2.8289082259354474,1.1999122058216851,True,0.1414500932473803,False,3,,,,0.8206303759723651,0.0
AHU21,IForest,245409,SHAP,0.6774843622689172,False,2.372761240444552,0.59999999988,0.4175637168306729,0.0285711164151935,3.908882342137356,0.8784240042701748,True,-0.3970588235294118,False,5,,,,0.5192761641259862,0.0
AHU21,IForest,249893,LIME,1.067210802501272,False,2.5414963918079403,0.59999999988,0.3363583651853102,-0.0284258920201062,10.231248337983628,1.7151047998109128,True,0.465686274509804,False,4,,,,0.40211953146398,0.0
AHU21,IForest,249893,MAPLE,0.699606179480573,False,1.0491159746928462,0.59999999988,0.0953739662903809,-0.0945623701514934,3.824252133731103,1.130478026346577,True,0.4566108273248767,False,9,,,,0.836870429457539,0.0
AHU21,IForest,249893,SHAP,1.1281270139709614,False,2.5064387375552486,0.59999999988,-0.0068891853405794,-0.2067175422644134,3.9930725749971847,1.4052112902857847,True,-0.2156862745098039,False,4,,,,0.4416285510350795,0.0
AHU21,IForest,252759,LIME,1.077444832423214,False,2.495509294168777,0.19999999996,0.2436873751153148,-0.253853237850124,10.37492326425668,1.7428560318629456,True,0.2769607843137255,False,5,0.0001194194168185,54.29588482949481,,0.4313573773975436,0.0
AHU21,IForest,252759,MAPLE,1.2213990543924558,False,1.9637327006029293,0.19999999996,0.2393309838542055,0.232449449773287,2.5697538243852542,6.290642601606115,True,0.1985264466629899,False,4,5.215532546408992e-05,31.772107869534643,,0.6817638155844744,0.0
AHU21,IForest,252759,SHAP,0.6215302936123746,False,2.1309447884584087,0.19999999996,-0.1140593013339316,-0.306948762374451,4.3349295369473095,0.790277417813426,True,-0.3946078431372549,False,5,0.0013984503988222,684.7789563382139,,0.6284869600305574,0.0
AHU21,IForest,43465,LIME,1.1548205388119612,False,2.566522107268409,0.6825396825288487,-0.1171510340638351,-0.2569095573040903,9.839086232803446,1.890700996976084,True,0.0220588235294117,False,4,,,,0.3903005575249658,0.6938775510204082
AHU21,IForest,43465,MAPLE,1.007248589373551,False,1.7781993824166145,0.6825396825288487,0.2382290008808936,-0.3907813201615008,3.498668785702384,2.917361651741225,True,0.3201238952440712,False,3,,,,0.7235987383677687,0.0
AHU21,IForest,43465,SHAP,1.0548055140624069,False,2.495356731400695,0.6825396825288487,0.3311464622404635,-0.2992943765871978,2.566860998709387,1.2708817237535568,True,0.0245098039215686,False,4,,,,0.4395773059384313,0.935483870967742
AHU21,IForest,60711,LIME,1.2037063149146785,False,2.48608154437314,0.6825396825288487,-0.3597108274333172,-0.3361237382998695,10.016883938981774,1.7655928257361688,True,0.2573529411764706,False,8,,,,0.43624744264612,0.5454545454545454
AHU21,IForest,60711,MAPLE,0.4094571959543086,False,1.808842069014772,0.6825396825288487,0.609317947145819,0.6332933556565128,0.956202820418496,0.972198410461447,True,0.1490652336239857,False,8,,,,0.7173036120592624,0.0
AHU21,IForest,60711,SHAP,0.7185758171227018,False,1.7727647160428843,0.6825396825288487,-0.6488722446745255,-0.6025813201923309,2.017267917146564,0.9532299062041728,True,-0.1642156862745098,False,8,,,,0.7329622022807962,0.9090909090909092
AHU21,IForest,62404,LIME,1.2661868686869224,False,2.434166181772329,0.6825396825288487,-0.3892385557658515,-0.1703123376534493,9.664536717463651,1.7348474775192415,True,0.1176470588235294,False,8,,,,0.4573577499623769,0.4482758620689655
AHU21,IForest,62404,MAPLE,0.4650846838191108,False,1.684401204813685,0.6825396825288487,0.1043958974594837,-0.0209842568817302,0.9775464634359284,1.4084373040358078,True,0.0864327825214707,False,8,,,,0.73386850549331,0.0
AHU21,IForest,62404,SHAP,1.5355304719728249,False,2.0218895373515147,0.6825396825288487,-0.1681533093269451,-0.3642090796697159,3.1212008580176347,1.8944850503823456,True,0.1691176470588235,False,8,,,,0.6349218828445617,0.8
AHU21,IForest,64473,LIME,1.045922294811508,False,2.4592528416744788,0.3015873015825145,-0.4744617833622063,0.1476661335431387,9.580665343573468,1.7384426445982144,True,0.4019607843137255,False,4,0.0003254314655006,101.89544139707728,,0.450619464840033,0.3863636363636363
AHU21,IForest,64473,MAPLE,0.6948056060928546,False,1.8535831480004044,0.3015873015825145,0.1166867855751981,-0.0795903429443167,1.3788958834666338,3.724410873044977,True,0.3796818292429681,False,9,8.361502275503277e-05,52.43746295338892,,0.7105616191355507,0.0
AHU21,IForest,64473,SHAP,0.6293017883019456,False,2.286973345022413,0.3015873015825145,-0.2596576209023993,-0.0841336628938498,1.673854577494898,0.7897753948002995,True,0.1715686274509804,False,4,0.0002825845033822,293.53097345152685,,0.5630764312108856,0.2678571428571428
AHU21,IForest,64782,LIME,0.904664032903558,False,2.47609475185546,0.3015873015825145,-0.2183353969530351,-0.0936915989044024,8.307239865627949,1.605608123513037,True,0.2254901960784313,False,3,0.0002126025786402,131.5111244630101,,0.4404750002251241,0.4318181818181818
AHU21,IForest,64782,MAPLE,1.0604042913942355,False,2.0945588710463108,0.3015873015825145,0.3460531755494524,-0.573782121163495,0.9416876249677532,2.4398515188311354,True,0.3573476039933818,False,8,0.0001288977429267,66.52124786042008,,0.6264016965718824,0.0
AHU21,IForest,64782,SHAP,0.4356689073577318,False,2.316600694694306,0.3015873015825145,0.1541658937862325,-0.3445480594963214,1.543830819244924,0.6038771285254089,True,-0.1274509803921568,False,3,0.0022194341519958,1618.5367116996888,,0.5465605557031309,0.2692307692307692
AHU21,IForest,64794,LIME,0.9092577382062303,False,2.4638475580316066,0.3015873015825145,-0.2325078027726261,-0.0598429813699432,8.393790798670498,1.5943858624972864,True,0.2083333333333333,False,3,0.0001833092272854,124.24677786645222,,0.449959940120801,0.4285714285714285
AHU21,IForest,64794,MAPLE,1.361558397992785,False,2.085355471748911,0.3015873015825145,0.1943978212722038,-0.5656096018443798,0.8602294207031848,2.7948572447543585,True,0.2779370253281858,False,8,8.265354954109238e-05,36.69021755857268,,0.6348015188135936,0.0
AHU21,IForest,64794,SHAP,0.4975946512443834,False,2.2609508413181083,0.3015873015825145,0.2451387902957703,-0.3791289408206522,1.7066018202082718,0.6452107055845427,True,-0.0980392156862745,False,3,0.0021269260618526,1950.0742519917408,,0.5752059701832571,0.25
AHU21,IForest,64795,LIME,0.961247698786814,False,2.467420703603202,0.3015873015825145,-0.2220951120492193,-0.0473140176479902,8.46455011351597,1.5747577821556276,True,0.0955882352941176,False,3,0.0001686464569675,120.716998757381,,0.4450434269985791,0.5454545454545454
AHU21,IForest,64795,MAPLE,1.237408036617201,False,2.085355471748911,0.3015873015825145,0.1980537345248833,-0.56735250228191,1.3141038362972637,2.820622744010375,True,0.2779370253281858,False,8,6.246479537967863e-05,45.42620936091554,,0.6348015188135936,0.0
AHU21,IForest,64795,SHAP,0.4505950182143537,False,2.3526732711050777,0.3015873015825145,0.0568143109030902,-0.2841302324651634,1.6522744341454472,0.6476465226393956,True,0.0294117647058823,False,3,0.0013553158296397,1302.308550397638,,0.5273787330421851,0.3
AHU21,IForest,64811,LIME,0.9898754420877308,False,2.472941065760896,0.3015873015825145,-0.2294213479655527,-0.0717770654569302,8.56454624140905,1.562249569391991,True,0.2205882352941176,False,3,0.0003501175122159,109.55901687146694,,0.4439329122198774,0.4318181818181818
AHU21,IForest,64811,MAPLE,1.1635632399055835,False,1.923932242468112,0.3015873015825145,0.2078419597936252,-0.5773977976950536,0.8716238401683348,1.7567002823169129,True,0.3573476039933818,False,8,7.450500764609875e-05,50.43496384892759,,0.6872342593846795,0.0
AHU21,IForest,64811,SHAP,0.4543947932733828,False,2.241634227052548,0.3015873015825145,0.1633014339045609,-0.335054589493449,1.7550976835679295,0.6202379762804782,True,0.0735294117647058,False,3,0.0005819256658973,391.8295186849069,,0.5836099102098986,0.2444444444444444
AHU21,IForest,77140,LIME,1.3469000707075878,False,2.512693914617151,0.6825396825288487,-0.6146428615206807,0.1127004644957784,10.072647551737589,1.8992868120920487,True,-0.0808823529411764,False,9,,,,0.4227650905534872,0.76
AHU21,IForest,77140,MAPLE,1.151908113397886,False,1.6543462058347296,0.6825396825288487,0.4306447280932923,0.1321104092096475,1.824109196163174,2.300453345826718,True,0.297141958755829,False,6,,,,0.7638688667299393,0.0
AHU21,IForest,77140,SHAP,1.903101094672672,False,2.312367467202453,0.6825396825288487,-0.1926703602037855,0.5065328157606132,2.9647714845723327,2.387555628341944,True,-0.1053921568627451,False,9,,,,0.5493408036102448,0.7727272727272727
AHU21,IForest,77146,LIME,1.327378268192154,False,2.5023393809754584,0.6825396825288487,-0.6153528961400431,0.149506423674419,12.185523942041122,1.789635121183358,True,-0.0735294117647058,False,9,,,,0.4251110930129887,0.6666666666666666
AHU21,IForest,77146,MAPLE,1.870178589319824,False,1.9585206317969737,0.6825396825288487,-0.0341351673356127,0.3780788006911794,1.7923169768836682,2.931752945970453,True,0.2412691118102885,False,6,,,,0.6659857516035724,0.0
AHU21,IForest,77146,SHAP,1.8620383134258227,False,2.386947702900391,0.6825396825288487,-0.203189601228806,0.5414065962760934,3.1472419471684234,2.423102112637694,True,-0.0735294117647058,False,9,,,,0.5123927418890839,0.8260869565217391
AHU21,IForest,77154,LIME,1.3659455663195792,False,2.5341063207622674,0.6825396825288487,-0.6240931786382528,0.1570254353573801,10.975669791282964,1.8260479572787005,True,-0.0686274509803921,False,9,,,,0.4083227761358533,0.6451612903225806
AHU21,IForest,77154,MAPLE,1.978387686458767,False,2.032265627306115,0.6825396825288487,-0.1076557566079211,0.2808018144795756,2.62394422205471,3.291809493966079,True,0.2717452101442197,False,6,,,,0.6397667837206273,0.0
AHU21,IForest,77154,SHAP,1.8760093062577048,False,2.375538613192687,0.6825396825288487,-0.1846722662401402,0.5119886955322202,3.112007768739738,2.375691136892576,True,-0.0857843137254902,False,9,,,,0.5125011467196237,0.7735849056603774
AHU21,IForest,98666,LIME,1.171989726723449,False,2.4899339049251066,0.6825396825288487,-0.3416132424399971,-0.2308504848531217,9.285027406651729,1.7385824230718656,True,-0.1764705882352941,False,4,,,,0.4340780637732738,0.6285714285714286
AHU21,IForest,98666,MAPLE,0.7238365649752745,False,1.1452935216789002,0.6825396825288487,0.1642725540868052,-0.4540649310625207,3.047567186001085,1.193884626537161,True,0.1414500932473803,False,3,,,,0.8522829736504957,0.0
AHU21,IForest,98666,SHAP,1.267557922408474,False,2.365941025863449,0.6825396825288487,0.1359018754724941,-0.2985683865540701,2.5299933010944846,1.5002538418981697,True,-0.2034313725490196,False,4,,,,0.5190139740335504,0.8541666666666666
AHU21,IForest,98980,LIME,0.9978449976490904,False,2.543293456332277,0.6825396825288487,0.1213889071996575,-0.2985160511956348,8.329036960347404,1.7282588794916804,True,-0.0416666666666666,False,3,,,,0.4047074001048066,0.7407407407407407
AHU21,IForest,98980,MAPLE,1.2486036437825223,False,1.7774691243101155,0.6825396825288487,0.0137911302050463,-0.2803133072847146,2.932179863753153,3.35404481419615,True,-0.0719658369153338,False,2,,,,0.7231389867797201,0.0
AHU21,IForest,98980,SHAP,0.9262180091751736,False,2.2923928390423574,0.6825396825288487,0.3124833830598266,-0.2582814970849759,2.421783482937623,1.165272877339958,True,-0.0612745098039215,False,3,,,,0.5509404827988603,1.0
AHU21,MCD,10163,LIME,1.1474717464995594,False,0.9732541899978786,0.9682539682385992,-0.999352644208406,0.9056575211203016,9.013910996887509,2.1226761266869896,True,0.286764705882353,False,3,0.001698554941829,1232473.2002251137,,0.85369522881153,0.9736842105263158
AHU21,MCD,10163,MAPLE,5.948209752749421,False,1.2922591365766658,0.9591836734498128,-0.0440465306137866,-0.0229771653404906,2.188632455156737,20.89847298714543,True,-0.0331085286019402,False,1,6.6978295004515225,2300232160.266844,,0.8252601468639702,0.9661016949152542
AHU21,MCD,10163,SHAP,2.7820826958990392,False,0.8486841379728371,0.9682539682385992,-0.3976103837383516,0.7259710707242896,0.2561364672137942,12.11275300336616,True,0.5147058823529412,False,5,0.0022586926287526,79450.6137395283,,0.8794791073606196,0.9666666666666668
AHU21,MCD,10164,LIME,1.133783102625313,False,0.9370933028752712,0.9682539682385992,-0.9988670266439807,0.8985717342262736,7.999799885806438,2.103394521041782,True,0.2769607843137255,False,3,0.0018812944444395,672065.9172465752,,0.8612016237512342,0.9791666666666666
AHU21,MCD,10164,MAPLE,5.568647269824108,False,1.2866473881645164,0.9591836734498128,-0.0448455922342766,-0.022466728199077,2.318005968048809,22.622492896664472,True,-0.0723482662042397,False,2,8.451601304415263,5089335268.514415,,0.8261853887507694,0.9661016949152542
AHU21,MCD,10164,SHAP,2.5587369589787907,False,0.8509765071675975,0.9682539682385992,-0.3971583659860772,0.7256537994222415,0.2543012723528204,11.97178054847255,True,0.4779411764705882,False,5,0.0011409918939157,150445.08807322898,,0.8797087741152961,0.9666666666666668
AHU21,MCD,10165,LIME,1.2833268582593231,False,0.9447786464192174,0.9682539682385992,-0.9941386422073928,0.8683116153313175,7.648789964566207,2.198115207810917,True,0.6495098039215687,False,3,0.0043381861426473,1075196.2294193525,,0.8639703589177514,1.0
AHU21,MCD,10165,MAPLE,5.690683915816533,False,1.294196412872758,0.9591836734498128,-0.0440223530284572,-0.0242436836644877,1.303994239943713,24.432025602664456,True,0.0208461106012216,False,1,12.094847608737126,1028976602.7057732,,0.8222755005095644,0.9661016949152542
AHU21,MCD,10165,SHAP,2.6230103336359374,False,0.7732797633914237,0.9682539682385992,-0.39727092038642,0.7264222632363883,0.20285622689975,10.65699736360527,True,0.5000000000000001,False,6,0.0079489163164132,458069.71653345216,,0.8908755780862186,0.9666666666666668
AHU21,MCD,10172,LIME,1.2638535603151022,False,0.9257923039553144,0.9682539682385992,-0.9996625911190896,0.9113600229418682,8.953736873864807,2.1498150668489244,True,0.411764705882353,False,3,0.0013600010458066,257010.68224048612,,0.8618361916306351,0.96
AHU21,MCD,10172,MAPLE,6.063492971576463,False,1.285384260115284,0.9591836734498128,-0.0422764516603359,-0.0256702973790394,1.1060060615052016,24.24609348833617,True,0.0012262418000718,False,1,6.28113963060821,3633417165.3434906,,0.8205013569753793,0.9661016949152542
AHU21,MCD,10172,SHAP,2.92284436170046,False,0.7969082540715267,0.9682539682385992,-0.3978910805136328,0.7271917787611518,0.3359031097278129,12.403921659736708,True,0.6127450980392157,False,4,0.4115927510074235,42833157.13363771,,0.8840022372705537,0.9666666666666668
AHU21,MCD,10173,LIME,1.2432103471094336,False,0.943482731774997,0.9682539682385992,-0.999397162468103,0.9053167866665124,8.185731020848346,2.120618191949132,True,0.2990196078431372,False,3,0.0246611248435366,4653686.352540644,,0.860566132415573,0.9787234042553192
AHU21,MCD,10173,MAPLE,6.279111980895669,False,1.2949619065472102,0.9591836734498128,-0.0468338961307109,-0.0206099278053836,2.427789464492155,18.162195298291,True,-0.0232985942013653,False,1,8.41732626819704,1172515092.6231675,,0.822662928983487,0.9661016949152542
AHU21,MCD,10173,SHAP,2.762321016431289,False,0.7922794300843126,0.9682539682385992,-0.3971713521531775,0.7255838498098638,0.2659898066936307,11.875596173279996,True,0.4313725490196078,False,6,0.0128784850831119,341162.6628325501,,0.8856304769636618,0.9666666666666668
AHU21,MCD,10174,LIME,1.0781211538778714,False,0.9382694472830172,0.9682539682385992,-0.998379375312554,0.8949271542765416,8.964608485731858,2.176407291040734,True,0.2622549019607843,False,5,0.0102539148570813,1715953.6622872758,,0.8643825592203747,0.9545454545454546
AHU21,MCD,10174,MAPLE,1.6117689479392292,False,0.8464130089141266,0.9591836734498128,0.584858393490015,-0.8580393947197209,1.6869075805929123,3.28093255666611,True,0.5073529411764706,False,5,4.907819507003077,2551828174.581312,,0.8855028521565387,0.9661016949152542
AHU21,MCD,10174,SHAP,2.6531391014240207,False,0.9973139136541448,0.9682539682385992,-0.3987592320441452,0.7253064929716665,0.2893222999999609,12.31692602625488,True,0.6715686274509804,False,5,0.0009966070442077,95112.4603826648,,0.8580785449898892,0.9666666666666668
AHU21,MCD,10176,LIME,1.246334368591219,False,0.8783971377705168,0.9682539682385992,-0.9982408422308222,0.8918451609628306,9.416037445792965,2.150140936266923,True,0.2378909092139407,False,3,0.0038500218388915,880221.877226962,,0.8701893651515773,0.96
AHU21,MCD,10176,MAPLE,5.306615448531233,False,1.3056700176341922,0.9591836734498128,-0.0311100089962693,-0.0331101182671975,1.3450878100682024,19.109364635588527,True,0.0539877300613496,False,0,9.127398057241908,1379676032.630579,,0.8225242897415261,0.9661016949152542
AHU21,MCD,10176,SHAP,2.52491424167812,False,0.8265085080711869,0.9682539682385992,-0.3968360688072316,0.7258314045071773,0.3405340075405637,11.97331659892005,True,0.4659718840273066,False,7,0.0071280400995297,529128.735811978,,0.8879728710600923,0.9666666666666668
AHU21,MCD,10177,LIME,1.2267880556697734,False,0.9054386222979348,0.9682539682385992,-0.9956203165884092,0.8762498099299955,8.91392644694898,2.1811581144653225,True,0.482843137254902,False,3,0.0027572665381312,2063929.018280131,,0.8673059272505163,0.9591836734693876
AHU21,MCD,10177,MAPLE,5.357636785063119,False,1.2954829811264326,0.9591836734498128,-0.0232650629963381,-0.0376555727902319,1.307726727960618,14.913400560453224,True,0.0331085286019402,False,1,7.810061424104986,1346588936.7066572,,0.8246953207021187,0.9661016949152542
AHU21,MCD,10177,SHAP,2.7463108145517947,False,0.901232740038858,0.9682539682385992,-0.3977562304799698,0.7256657034530046,0.3712233065122735,12.309266610150104,True,0.556372549019608,False,5,0.0073477974566228,413785.4052223368,,0.8762076348407201,0.9666666666666668
AHU21,MCD,10184,LIME,1.314786033603566,False,0.8775624863189074,0.9682539682385992,-0.9980945842270404,0.8904005203656702,8.77785022222796,2.1503543991352627,True,0.3112745098039216,False,4,0.0204205721984965,8694558.587473072,,0.8693206944620403,0.96
AHU21,MCD,10184,MAPLE,5.808829232540119,False,1.2795493936431546,0.9591836734498128,-0.0343501070020223,-0.0306903849475333,1.2942240439610544,21.50739734429373,True,0.0821582006048145,False,1,6.558909954962288,2158643702.9904675,,0.8218967805350941,0.9661016949152542
AHU21,MCD,10184,SHAP,2.9755418491126857,False,0.8257760153629706,0.9682539682385992,-0.3973978838443255,0.7265984627789324,0.2844106158984918,10.76819341823012,True,0.3455882352941176,False,4,0.001814560670205,114080.49731796476,,0.8842355224274413,0.9666666666666668
AHU21,MCD,10185,LIME,1.359378473231943,False,0.9473045431393226,0.9682539682385992,-0.9977694157061636,0.8900342874000503,7.844876943243074,2.153848054630218,True,0.5465686274509804,False,4,0.0301540287882823,8897603.350906352,,0.8638403476627089,0.951219512195122
AHU21,MCD,10185,MAPLE,1.282580489762685,False,0.8037323978262627,0.9591836734498128,0.5847829177579996,-0.8577157465576251,2.9070920643647424,4.442846906506872,True,0.4632352941176471,False,3,4.974826456993474,3491510472.718375,,0.8906054209113455,0.9661016949152542
AHU21,MCD,10185,SHAP,3.1860096647436613,False,1.1478382017800803,0.9682539682385992,-0.4015699122785353,0.7250676549534387,0.3206546928745171,12.903389138788793,True,0.7720588235294118,False,4,0.0003169838997936,98930.40565763252,,0.833933413724771,0.9666666666666668
AHU21,MCD,10187,LIME,1.263569225510443,False,0.9033959092852472,0.9682539682385992,-0.9985172622944036,0.894141006503704,10.109716426606466,2.1043435416151413,True,0.5196078431372549,False,4,0.0032771557807819,1003625.3243605478,,0.8686062246189211,0.98
AHU21,MCD,10187,MAPLE,5.516823801449816,False,1.617392897462378,0.9591836734498128,0.2396705324588371,-0.2842552874523546,2.265600741417427,23.95567061764229,True,0.5882352941176471,False,3,0.0179901834215343,15469025.495308388,,0.7731739086857429,0.9661016949152542
AHU21,MCD,10187,SHAP,2.549174767700892,False,0.8636235603735561,0.9682539682385992,-0.399269639055078,0.7269149637206366,0.2440529690607863,12.083425404047407,True,0.4877450980392157,False,7,0.0020585441773394,568031.1815935653,,0.8848790076617629,0.9666666666666668
AHU21,MCD,10188,LIME,1.3619969261322302,False,0.9540602408674947,0.9682539682385992,-0.998767278678738,0.897887988041626,9.006653914833272,2.127386622470273,True,0.4779411764705882,False,3,0.0086382312368476,1246834.8026761897,,0.8611531103440339,0.9629629629629628
AHU21,MCD,10188,MAPLE,6.386673496830038,False,1.3119070818844945,0.9591836734498128,-0.0399718358565613,-0.0270434919288134,1.766908256680772,22.368984598993794,True,0.104230553006108,False,1,8.723887345149786,18785120612.119534,,0.820334858675046,0.9661016949152542
AHU21,MCD,10188,SHAP,2.788180215534084,False,0.8733932024841791,0.9682539682385992,-0.3979806639407811,0.7264405769927417,0.3162444200535896,12.516492838031104,True,0.5833333333333334,False,6,0.0016331834544186,105964.9969160266,,0.8829777403572909,0.9666666666666668
AHU21,MCD,10191,LIME,1.2496294035291178,False,0.8291354546209619,0.9682539682385992,-0.9981192523390277,0.8926844547556995,12.297009054148589,2.13172263520349,True,0.5661764705882354,False,5,0.0020737316715866,667720.3693314362,,0.8778446942327564,0.9767441860465116
AHU21,MCD,10191,MAPLE,4.895357395341395,False,1.1837961434135622,0.9591836734498128,-0.0233535500998904,-0.037275563350549,2.1746394213465283,10.567547403930694,True,0.0282035614016527,False,3,10.622731735594671,9613422546.243437,,0.8398003095376616,0.9661016949152542
AHU21,MCD,10191,SHAP,2.8142042609096354,False,0.9478859647154982,0.9682539682385992,-0.4006124502631363,0.727020377664788,0.2515787930686052,12.059992286073667,True,0.5882352941176471,False,6,0.0024158704874593,970074.5014736028,,0.8705796119994718,0.9666666666666668
AHU21,MCD,10197,LIME,1.28575371770707,False,0.936661452431615,0.9682539682385992,-0.9991764029881274,0.9022549442909588,7.689320720518793,2.140305053243953,True,0.0637254901960784,False,3,0.0026848634876293,772811.6641832974,,0.8647220791607981,0.935483870967742
AHU21,MCD,10197,MAPLE,5.342979844642684,False,1.2952521636622885,0.9591836734498128,-0.0222161728366086,-0.0389413385576746,2.0136393941115105,24.435183607330792,True,0.0159411434009341,False,1,5.618984036840927,52177751731.8137,,0.8238173549923865,0.9661016949152542
AHU21,MCD,10197,SHAP,3.5006572710353687,False,0.8753548934553647,0.9682539682385992,-0.3973038604421194,0.72570083546907,0.3102817976327012,9.906074144329764,True,0.5441176470588236,False,6,0.015925239285037,659444.3256325315,,0.8804629817174503,0.9666666666666668
AHU21,MCD,102428,LIME,0.3268380014427293,False,0.9703442111629756,0.9682539682385992,-0.7371898783748717,0.9960600460973272,4.450845705575299,1.3107770589526655,True,0.2083333333333333,False,5,,,,0.859849716490511,0.875
AHU21,MCD,102428,MAPLE,0.5619693951872913,False,1.8424014426559656,0.9999999999230768,-0.1506187562578078,0.0391766431791353,3.277028579498351,0.9432441849498874,True,0.3611804513791103,False,2,,,,0.7121100752528242,0.75
AHU21,MCD,102428,SHAP,0.2986608711405651,False,0.5353538985286872,0.9682539682385992,-0.9967007166098386,0.6190515982197112,1.679702617619074,0.7993954477503418,True,0.7254901960784315,False,5,,,,0.9172583423954118,1.0
AHU21,MCD,102433,LIME,0.2820723800235851,False,0.982362652171891,0.9682539682385992,-0.6409088320260753,0.9976211330436832,3.304488082273555,1.2669673687516092,True,0.0024509803921568,False,5,0.0020361895435362,142878.89216206007,,0.856211509614246,0.875
AHU21,MCD,102433,MAPLE,0.5788887671778102,False,1.836576502176558,0.9999999999230768,-0.1576252146359591,0.0440164326002586,3.0828908326532813,1.1391943168697605,True,0.4078636389723286,False,2,2.0316715407867654,63077608.046709314,,0.7130237620258065,0.75
AHU21,MCD,102433,SHAP,0.3127120851320316,False,0.599573213605153,0.9682539682385992,-0.9999028970658632,0.6073781165239623,1.1830035258596012,0.7691326691472951,True,0.7573529411764707,False,4,0.0001425703493337,7866.287471714687,,0.9127303832502194,1.0
AHU21,MCD,159784,LIME,1.02549894995268,False,0.9462366017249,0.9682539682385992,-0.9933172411070884,0.8956516015332062,9.83255299298923,2.035054524492784,True,0.556372549019608,False,6,0.0005834872461357,469868.9910696249,,0.86085174998124,0.9615384615384616
AHU21,MCD,159784,MAPLE,1.096921296320264,False,1.3115443641650963,0.9591836734498128,0.209738397804327,0.1697387653226824,1.1395770527330569,2.5310296520894813,True,0.6004901960784315,False,6,0.0020785957047211,679747.2258631248,,0.8255836267620327,0.9661016949152542
AHU21,MCD,159784,SHAP,2.5839761655995246,False,1.4330109962566315,0.9682539682385992,-0.4289184317578117,0.7056689511004752,0.3188268596491848,10.162780561586397,True,0.8431372549019609,False,4,6.50011383767105e-05,370896.037252099,,0.8057526095541316,0.9666666666666668
AHU21,MCD,159789,LIME,1.2508253196997148,False,0.9673543958890504,0.9682539682385992,-0.9931868871655934,0.8960001162343321,10.277590701563502,2.0069782456568883,True,0.1789215686274509,False,9,0.000152656520961,15859.958798696453,,0.8561378509458839,0.9583333333333334
AHU21,MCD,159789,MAPLE,0.995878501807546,False,1.3018767832686922,0.9591836734498128,0.2106987867829302,0.169069170489277,0.9682108558990544,1.647959862304114,True,0.6421568627450981,False,8,0.0149478014053725,5005008.880742278,,0.827107262426889,0.9661016949152542
AHU21,MCD,159789,SHAP,2.857207701794225,False,1.4502390392199076,0.9682539682385992,-0.4284403907240268,0.705562589788926,0.2835121541420291,11.55810602749482,True,0.8970588235294119,False,8,8.62990480594347e-05,24807.410926682333,,0.801570127951737,0.9666666666666668
AHU21,MCD,159797,LIME,1.1673084757876544,False,0.9390803492845547,0.9682539682385992,-0.9935436630146716,0.9015878335930628,9.604557054884165,2.0026331780768265,True,0.3872549019607844,False,8,0.0006102039379165,2104253.0026313826,,0.8607301501975575,0.9761904761904762
AHU21,MCD,159797,MAPLE,0.9365324008919652,False,1.3123825531858602,0.9591836734498128,0.2103151603398386,0.169475411586965,0.9373532508694356,1.6476150277507684,True,0.6544117647058824,False,8,0.0024236606496298,1284342.1353708135,,0.8253313143591324,0.9661016949152542
AHU21,MCD,159797,SHAP,2.5633312247158573,False,1.44449534750018,0.9682539682385992,-0.4278500753800393,0.7052742597740206,0.2378706335549306,9.14062302066368,True,0.8970588235294119,False,7,4.959840410123848e-05,10673.336814629803,,0.8028856811032135,0.9666666666666668
AHU21,MCD,159801,LIME,1.1877284940552848,False,0.9532221256086209,0.9682539682385992,-0.9933814090458964,0.8898232571437467,9.401472288724316,2.050200414594668,True,0.4583333333333333,False,8,0.0003514637181493,146958.45309781103,,0.8616105573201497,0.9782608695652174
AHU21,MCD,159801,MAPLE,0.9703170698885782,False,1.3123825531858602,0.9591836734498128,0.2102901560564579,0.1694783557311115,0.9493023795614012,2.442563276676277,True,0.6544117647058824,False,8,0.0017927510404809,4656584.194371228,,0.8253313143591324,0.9661016949152542
AHU21,MCD,159801,SHAP,2.9532809720535687,False,1.4451443916241693,0.9682539682385992,-0.4298176628502025,0.7062114122762162,0.252807413543498,8.53133832945777,True,0.8970588235294119,False,7,6.396335774808808e-05,18368.99271740464,,0.8028582214275545,0.9666666666666668
AHU21,MCD,160708,LIME,1.2658067401977664,False,0.9289763802106752,0.9682539682385992,-0.9993232577899562,-0.9027322275802164,9.34197189416297,2.12939669313833,True,0.6572656048385167,False,4,0.0007014422602334,213175.8246125612,,0.8625737157527839,0.9555555555555556
AHU21,MCD,160708,MAPLE,1.3571405251695874,False,1.2970854439391,0.9591836734498128,0.1980231187042338,-0.1833179427044247,2.11681687088087,3.5112147640387312,True,0.6217045926364327,False,4,0.0012673446409827,311566.27347883355,,0.8270463513915374,0.9661016949152542
AHU21,MCD,160708,SHAP,2.868468023682783,False,0.6910864626200272,0.9682539682385992,-0.3966533819509251,-0.7267084215398341,0.2659493775883855,12.493654994791932,True,0.4966279290291031,False,8,0.0025236463076137,277839.89553160657,,0.9003311243456409,0.9666666666666668
AHU21,MCD,160746,LIME,1.1856093921907316,False,0.9130756418105188,0.9682539682385992,-0.998966370789226,-0.901846285823911,8.265610143719684,2.020927785176182,True,0.2549019607843137,False,11,0.0001556214982842,91497.1029053696,,0.8641436021124491,0.9787234042553192
AHU21,MCD,160746,MAPLE,209.32739511143592,False,2.1285527281678664,0.9591836734498128,0.0075853517207059,-0.0076331353160901,1.031056918678339,772.9423347033388,True,0.0993255858058206,False,9,2.3190633956803905,7136549010.104508,,0.6233510313179974,0.9661016949152542
AHU21,MCD,160746,SHAP,2.393202094002327,False,0.7874992480121366,0.9682539682385992,-0.3972567385598139,-0.7276641609488965,0.2046399863432146,12.054339828061408,True,0.6887254901960785,False,10,0.0008108990317728,684882.054723728,,0.8902398264487521,0.9666666666666668
AHU21,MCD,160807,LIME,1.1064241059417963,False,0.980474346500587,0.9682539682385992,-0.9977738257775745,-0.891121555542894,8.10897978675612,2.0500941916011084,True,0.2562845362150187,False,11,0.0001416591301248,74654.39488379042,,0.8593463954624524,0.9333333333333332
AHU21,MCD,160807,MAPLE,183.00324606115592,False,2.2547890076759134,0.9591836734498128,-0.0316808448028927,-0.0461314379448948,1.1113315726271256,528.6632137945044,True,0.0503067484662576,False,8,3.2059085705790484,6015844164.722336,,0.569818185955317,0.9661016949152542
AHU21,MCD,160807,SHAP,2.923002456412379,False,0.6628700836162049,0.9682539682385992,-0.3944972635306417,-0.7256781157548571,0.2167920790435649,10.17711184450212,True,0.7259351456425408,False,9,0.0004743578248559,56278.88885315459,,0.903332461298108,0.9666666666666668
AHU21,MCD,161562,LIME,1.1811375123784102,False,0.9377905051994466,0.9682539682385992,-0.99710220027275,-0.8863361721972094,9.429742885619016,2.1627664282688546,True,0.196078431372549,False,4,0.0024957914518923,1069474.1124535163,,0.8611546190729946,0.9622641509433962
AHU21,MCD,161562,MAPLE,1.366352595094898,False,0.8124663693133591,0.9591836734498128,0.586711699020551,0.8589224863903596,1.4369167944902188,4.516560174635278,True,0.3823529411764707,False,3,5.344833310436945,1703285324.7620077,,0.8824860721580671,0.9661016949152542
AHU21,MCD,161562,SHAP,2.574295679433538,False,0.9723098963410644,0.9682539682385992,-0.3983600272311927,-0.7267706375667673,0.2220661921203861,9.988190329323029,True,0.6887254901960785,False,3,0.0012601494375708,60709.54589600277,,0.8698106379855245,0.9666666666666668
AHU21,MCD,161591,LIME,1.2813469286030672,False,0.9614935061405896,0.9682539682385992,-0.9984433093162084,-0.8968039906084576,12.213424567466989,2.191935732474303,True,0.4779411764705882,False,4,0.0129993367057958,1593184.5579458082,,0.8593477768584884,0.9666666666666668
AHU21,MCD,161591,MAPLE,1.2737690319173458,False,0.6396588243567198,0.9591836734498128,0.5954374940686292,0.8661446513038293,1.545684998437649,3.2312931493757207,True,0.2794117647058823,False,4,3.713071112813613,1633347767.1454692,,0.9025006501474346,0.9661016949152542
AHU21,MCD,161591,SHAP,2.6013733030844777,False,0.9706559064647314,0.9682539682385992,-0.397979654456942,-0.7266656244219888,0.2010146928244021,12.187969880909206,True,0.7205882352941178,False,5,0.0004981500582343,242413.50153524068,,0.8710977767289967,0.9666666666666668
AHU21,MCD,161616,LIME,1.1590773111259594,False,0.9354042586871616,0.9682539682385992,-0.997269937622098,-0.8887014002548509,14.125590558742664,2.050891985948752,True,0.3175966262186116,False,11,9.348951426488476e-05,70652.53425714487,,0.8611134004798531,0.9607843137254902
AHU21,MCD,161616,MAPLE,1.2176557978288305,False,0.7194553554663369,0.9591836734498128,0.9022143689355472,0.9986783235732456,1.6440601123654188,2.701233105585281,True,0.5603925026328398,False,10,0.0097651054904343,58172784.07061225,,0.8954287146256348,0.9661016949152542
AHU21,MCD,161616,SHAP,2.952981105006744,False,0.7092426699919832,0.9682539682385992,-0.3954341118709121,-0.7263383141593606,0.2821700945519722,12.671962149763043,True,0.8093195880474273,False,8,0.0002966465676583,162547.0515572182,,0.8996377500832491,0.9666666666666668
AHU21,MCD,162843,LIME,1.228365477900912,False,0.9730078511291186,0.9682539682385992,-0.9954704448319064,-0.8767665582631969,8.11088381195014,2.0548646582760326,True,0.2611895034153061,False,11,7.347594326888185e-05,88678.06545683679,,0.8553309558168568,0.9523809523809524
AHU21,MCD,162843,MAPLE,279.4586848819118,False,2.23709413647428,0.9591836734498128,0.0451288594619033,0.0253391319186605,0.9577672564961736,1004.0158898886408,True,-0.1300613496932515,False,7,2.1567887998081474,1440694726.7525733,,0.5773590868663501,0.9661016949152542
AHU21,MCD,162843,SHAP,2.641758435229925,False,0.6436280133366208,0.9682539682385992,-0.3947251666853443,-0.726033538030603,0.2476240086915188,11.230197373294915,True,0.453709466026588,False,8,0.1430532957652288,16995040.663968984,,0.9066285332105124,0.9666666666666668
AHU21,MCD,165865,LIME,1.2166275551985626,False,0.9320956365061404,0.9682539682385992,-0.9955558376828384,0.8896886431674432,9.230711000607537,2.1442333902962614,True,0.4215686274509804,False,6,0.0014085134081616,7148748.006346463,,0.864000167216235,0.9777777777777776
AHU21,MCD,165865,MAPLE,1.1993847710306962,False,0.7626389021856244,0.9591836734498128,0.58579017566731,-0.8626152618459072,1.419534926544452,2.5522316524176127,True,0.4583333333333333,False,5,2.5218116510184068,2157709164.983972,,0.8918241276942613,0.9661016949152542
AHU21,MCD,165865,SHAP,2.9492533859511503,False,1.4259159121975096,0.9682539682385992,-0.4178473092279996,0.7307057488593479,0.2724526958372757,9.623860665912892,True,0.732843137254902,False,5,0.0001313035148416,15490.785429422474,,0.7914036231756696,0.967741935483871
AHU21,MCD,165869,LIME,1.270236625539215,False,0.8587625741532992,0.9682539682385992,-0.9951629350310172,0.8834817815643156,8.729321354287626,2.169115118150693,True,0.0784313725490196,False,6,0.0050505364624406,8495366.682257188,,0.8751817093614882,1.0
AHU21,MCD,165869,MAPLE,1.23228240284655,False,0.1690428156456998,0.9591836734498128,0.6048129949841153,-0.8688229709338341,1.67648588959604,2.871425696125136,True,0.2524509803921569,False,6,2.4533100681290176,8452756837.470725,,0.9323824675273458,0.9661016949152542
AHU21,MCD,165869,SHAP,3.104163270733976,False,1.3968718991799909,0.9682539682385992,-0.4158032700785597,0.7306877823496747,0.2451493435657708,12.543164806159082,True,0.7377450980392158,False,5,6.782460224488412e-05,30560.063986713165,,0.7955225064518866,0.967741935483871
AHU21,MCD,165877,LIME,1.2621110015602028,False,0.9882580399987496,0.9682539682385992,-0.995496570749022,0.8870289032567898,8.125928874895973,2.2262834091199,True,0.1813725490196078,False,6,0.003910436183517,3767192.003557016,,0.8556110091637167,1.0
AHU21,MCD,165877,MAPLE,1.2156777033248212,False,0.6818676925887776,0.9591836734498128,0.5912923517326838,-0.8662091690200706,1.272227796740493,2.560825723202905,True,0.4068627450980392,False,5,3.330516429897377,2598830579.175487,,0.8987996537194867,0.9661016949152542
AHU21,MCD,165877,SHAP,2.486641961727728,False,1.4226264042465235,0.9682539682385992,-0.4170673833298332,0.7306809345584163,0.4420063690236911,11.23816214884178,True,0.7818627450980392,False,5,8.171760715733255e-05,106807.2387153584,,0.791048564438166,0.967741935483871
AHU21,MCD,169883,LIME,1.2220824127079852,False,0.8980823788399284,0.9682539682385992,-0.998220905212409,0.9022135455644724,8.174508755183808,2.0926483432580327,True,0.6740196078431374,False,4,0.0038848471292342,3986464.584837277,,0.8676471137336711,0.9787234042553192
AHU21,MCD,169883,MAPLE,0.9390342029687544,False,1.4295979535422132,0.9591836734498128,0.2163498641929651,0.1649332513144636,2.5025211956285736,4.524124885493333,True,0.6225490196078433,False,4,0.0041680110541411,1008415.4324288669,,0.7957815204183798,0.9661016949152542
AHU21,MCD,169883,SHAP,2.5940959567161777,False,1.2582249448664151,0.9682539682385992,-0.4097785262587948,0.7197941056125348,0.2340865753020188,9.271734811445368,True,0.8578431372549021,False,5,0.0005252189318892,115771.58036717268,,0.8254593538157315,0.9666666666666668
AHU21,MCD,169892,LIME,0.7458094690351404,False,0.9652612496717632,0.0158730158727639,0.9235781380061966,0.987445645991353,5.838547828616438,1.2823929873958226,True,-0.0147058823529411,False,4,,,,0.8593320859692531,0.0
AHU21,MCD,169892,MAPLE,1.8073203485816065,False,2.0974339618229565,0.0204081632648896,0.3808680406762582,0.0004415279614267,4.3544098999195375,4.492128678247284,True,0.7254901960784315,False,4,,,,0.6398489879013936,0.0161290322580645
AHU21,MCD,169892,SHAP,0.2774865598014955,False,0.1251304570163938,0.0158730158727639,0.9683989626725072,0.6965470527275922,1.3271620296516968,0.6296245667118295,True,0.7990196078431374,False,4,,,,0.9373043250596698,0.0166666666666666
AHU21,MCD,169895,LIME,1.227648560403199,False,0.954257216798634,0.9682539682385992,-0.9983242528248404,0.8990080261515198,9.995381494962642,2.1832889991652817,True,0.5493563264321931,False,3,0.032771325284037,7502857.841353239,,0.8630972468309589,1.0
AHU21,MCD,169895,MAPLE,1.2244996933337122,False,1.3234056602205897,0.9591836734498128,0.2312423393407711,0.165375597997414,1.5615520152217386,4.648569428997554,True,0.4733293348277377,False,3,0.003212540209815,563760.0176157625,,0.8074653846806592,0.9661016949152542
AHU21,MCD,169895,SHAP,2.843060098253726,False,1.2421156315520987,0.9682539682385992,-0.407242089151099,0.725426691752305,0.1780293803571339,11.18883398996914,True,0.8890253050520981,False,4,0.0004071443377406,20768.769523494397,,0.8285580450996003,0.9666666666666668
AHU21,MCD,169899,LIME,1.260974861556552,False,0.9138825679233747,0.9682539682385992,-0.9982714346975748,0.900917352955793,8.937576312702994,2.092209840975753,True,0.3347640114196176,False,3,0.0066530687153305,875460.2640701777,,0.8646966826345881,0.9622641509433962
AHU21,MCD,169899,MAPLE,1.0685428593233153,False,1.4284884764697303,0.9591836734498128,0.2188716042995027,0.1638098595872563,1.852789863606352,2.918588584327853,True,0.6131209000359298,False,3,0.0029458501712769,824899.5658065116,,0.7964437085082562,0.9661016949152542
AHU21,MCD,169899,SHAP,2.979899545561301,False,1.2829931258287195,0.9682539682385992,-0.4069241751672893,0.7251345687798165,0.2621280313939528,9.945935982521457,True,0.8350706658489363,False,3,0.0005496062987004,44755.90813598753,,0.8225196320720135,0.9666666666666668
AHU21,MCD,169905,LIME,1.4109617732568225,False,0.9254746501012135,0.9682539682385992,-0.9982185153234884,0.8966033269034591,9.48772437970094,2.134289961702132,True,0.2965686274509804,False,3,0.0027434757978715,344962.5151165037,,0.8637840254836076,0.9487179487179488
AHU21,MCD,169905,MAPLE,1.050417340012227,False,1.2872276479989655,0.9591836734498128,0.233019777182268,0.164717535423683,0.9866173791341504,4.596544853753593,True,0.482843137254902,False,3,0.0036897189735749,1488075.4496632349,,0.8136041426042756,0.9661016949152542
AHU21,MCD,169905,SHAP,2.7575409962659534,False,1.2272448640007352,0.9682539682385992,-0.4048696948047822,0.7244844722472955,0.1864512984469592,10.053591773903404,True,0.8823529411764707,False,3,0.0006580844368764,22289.61483301428,,0.8291498007817983,0.9666666666666668
AHU21,MCD,186820,LIME,0.3454090473016089,False,0.951793960178144,0.9682539682385992,0.974013278627735,-0.7702627561676177,2.375875435718096,0.7080814886177396,True,0.4852941176470589,False,4,0.0027148464446516,473473.26531867206,,0.8598507631568328,0.972972972972973
AHU21,MCD,186820,MAPLE,1.1828705612960402,False,2.257444317663217,0.9999999999230768,0.3534892169701319,-0.5589112686982217,1.609428618755253,5.263204990073603,True,0.2727280959393282,False,1,5.139265258804146,116785167.38363478,,0.5486908826821707,0.9655172413793104
AHU21,MCD,186820,SHAP,0.4498764647855298,False,0.6879971679736618,0.9682539682385992,-0.2009868515831882,0.6162631218316121,1.2045856515496105,1.2689986666999022,True,0.5784313725490197,False,4,0.0005840342935295,41719.1213378302,,0.8927483721638348,0.9666666666666668
AHU21,MCD,186832,LIME,0.3807020694866939,False,0.9895348462268498,0.9682539682385992,0.9774964210394324,-0.7824489400461802,2.659453010670576,0.7223529670264686,True,0.2941176470588235,False,4,0.0696674122012663,2308568.9540342325,,0.8558043147737429,1.0
AHU21,MCD,186832,MAPLE,1.0679439611853898,False,2.2074747087676503,0.9999999999230768,0.3152476998016791,-0.5232694423580287,2.528708249301506,5.0797922588096265,True,0.3366278526733133,False,2,3.9663584813721062,1939786980.5114665,,0.5788370475998114,0.9655172413793104
AHU21,MCD,186832,SHAP,0.395212697444092,False,0.6847453184490753,0.9682539682385992,-0.2007543716234066,0.6134591686725214,1.1142105024824562,1.123974808928815,True,0.3774509803921569,False,4,0.0015207473982326,239224.60195163963,,0.8930184796778733,0.9666666666666668
AHU21,MCD,189380,LIME,0.9134726741050804,False,0.9876248085331708,0.0158730158727639,0.4122387633521099,-0.1234684815161537,6.946036776170092,1.6443341067345831,True,0.2058823529411765,False,7,0.0008013471949071,8223.541543242556,,0.8538946107289414,0.0
AHU21,MCD,189380,MAPLE,2.553097397869987,False,2.183857087729022,0.0204081632648896,-0.0721696359559262,-0.1538046485338684,1.013012785243581,5.824162477395785,True,0.1740196078431372,False,7,0.0926567640986897,1756856.3479476585,,0.6047767216304171,0.0172413793103448
AHU21,MCD,189380,SHAP,0.1823798330285951,False,0.1566083978067636,0.0158730158727639,0.975030256654774,-0.8652459855973293,1.1318782886580772,0.4689216389764664,True,0.536764705882353,False,8,0.0037030955921057,372752.6137890887,,0.9367711736301052,0.0169491525423728
AHU21,MCD,190544,LIME,1.1816571714384498,False,0.9671031174154924,0.9682539682385992,-0.99704138014032,-0.8854804588377054,8.888521215797006,2.057827328863952,True,0.0784313725490196,False,11,0.0001151480483902,20864.75669161426,,0.8530872369086223,0.9642857142857144
AHU21,MCD,190544,MAPLE,192.6748592999445,False,1.7331380508006498,0.9999999999230768,-0.0298302982500315,-0.0341017641479661,1.5787766163038035,685.8824088900113,True,-0.1011116627077351,False,6,2.172680692557659,1466839297.2091248,,0.7219247783336942,0.9661016949152542
AHU21,MCD,190544,SHAP,2.944031204556233,False,0.6866364844059556,0.9682539682385992,-0.3941319636431697,-0.7258270588961826,0.2366558571581683,11.9971091228813,True,0.5955882352941178,False,10,0.0007088835080232,137182.71735709746,,0.9006527238270042,0.9666666666666668
AHU21,MCD,190554,LIME,1.189295012619032,False,0.8838659595676537,0.9682539682385992,-0.9991712718141296,-0.902216805202778,7.885546482510228,1.9713448303821937,True,0.1789215686274509,False,11,0.0001160821758727,46039.57820642089,,0.8691784515409928,0.9782608695652174
AHU21,MCD,190554,MAPLE,222.81093227007364,False,1.779453121607666,0.9999999999230768,-0.0570639802303278,-0.0592437611456603,1.4173563110763316,559.2029377515776,True,-0.1183746295114947,False,7,3.3724976860165645,1040586291.8715388,,0.723608589331146,0.9661016949152542
AHU21,MCD,190554,SHAP,3.3276085203181465,False,0.6887689316202202,0.9682539682385992,-0.3945119585219862,-0.726131786134881,0.2063391145243007,11.809936016475016,True,0.6127450980392157,False,10,0.0007328106367834,137886.91904278795,,0.9005377864165581,0.9666666666666668
AHU21,MCD,190574,LIME,1.2199608753118911,False,0.9697572965856728,0.9682539682385992,-0.9984470747678944,-0.8965715728834782,9.019459254088558,1.9912049924519708,True,0.4561619496267317,False,11,0.0002541889611364,48837.30077318511,,0.8568660333205168,0.9767441860465116
AHU21,MCD,190574,MAPLE,6.544666237128399,False,1.8493824722253251,0.9591836734498128,0.3678440546959904,0.3512405896418581,1.2379696118234236,14.964016295820826,True,0.6266095598367203,False,12,0.0182223320138381,6514528.005245529,,0.7140639534662869,0.9655172413793104
AHU21,MCD,190574,SHAP,2.793002958356204,False,0.6887737445870775,0.9682539682385992,-0.3943040683018449,-0.7259283647008925,0.2083756384906699,11.737962723552096,True,0.5370939084314745,False,10,0.0018568861394024,345512.8818444462,,0.9008694612000336,0.9666666666666668
AHU21,MCD,191102,LIME,1.2652204714414892,False,0.9664736607647708,0.9682539682385992,-0.9966724220889038,-0.8822302361251045,8.467067346364711,2.1486855159390084,True,0.4681372549019608,False,9,0.0026224288690737,1014453.5060831136,,0.8597729630875487,0.9629629629629628
AHU21,MCD,191102,MAPLE,1.094678519376244,False,1.11962222152616,0.9591836734498128,0.9853117420228776,0.945504190062846,1.826392987616528,2.2009103783614448,True,0.5171568627450981,False,9,0.0042861445690804,2491625.9785124604,,0.8495480371039891,0.9661016949152542
AHU21,MCD,191102,SHAP,3.150168531074331,False,0.8892190632947632,0.9682539682385992,-0.3951239904590155,-0.7264503205025227,0.2225154379210932,11.434758263283683,True,0.7401960784313727,False,11,0.001052135839207,239222.65289915464,,0.879352723930605,0.9666666666666668
AHU21,MCD,191529,LIME,1.1596282108212248,False,0.988495683351932,0.9682539682385992,-0.9980935638226496,-0.8964162032892812,9.266893546091088,2.0958569033162795,True,0.5196078431372549,False,10,0.0001651455310009,34693.0255467917,,0.8567296907633313,1.0
AHU21,MCD,191529,MAPLE,1.3859621576736638,False,0.684673328774815,0.9591836734498128,0.8877323632789712,0.997315454161912,1.5427872988669604,3.100163832887798,True,0.5833333333333334,False,8,0.0462979093280046,17574950.87388812,,0.8996940612717748,0.9661016949152542
AHU21,MCD,191529,SHAP,2.968719605085988,False,0.7030356302992835,0.9682539682385992,-0.3944786260752034,-0.7259145966937005,0.3496581647703771,10.420217257665984,True,0.7450980392156863,False,8,0.0022184357456059,175146.20519335527,,0.9001176347642882,0.9666666666666668
AHU21,MCD,192043,LIME,1.0911419077614006,False,0.9183021541603992,0.9682539682385992,-0.998909896103212,-0.8972021567428368,9.083765653214794,2.1129403146420755,True,0.5984059984350675,False,8,0.0018227767962865,6286475.677752409,,0.8632611054659756,0.9787234042553192
AHU21,MCD,192043,MAPLE,0.8797507368513103,False,1.0968074636768153,0.9591836734498128,0.986368617386295,0.943356099806712,1.4147241433578344,2.6595533311339805,True,0.3654200564214142,False,7,0.0227099402968731,11512164.38809184,,0.8533039246247879,0.9661016949152542
AHU21,MCD,192043,SHAP,2.7114400493170208,False,0.8074634135732154,0.9682539682385992,-0.3902410160366823,-0.7244688140132217,0.3243881684782055,11.635923740866914,True,0.4500307406263725,False,7,0.0005333675268993,132566.55918081198,,0.885525878160991,0.9666666666666668
AHU21,MCD,192734,LIME,1.2201852068783312,False,0.8859481171236997,0.9682539682385992,-0.99828505707697,-0.8937487184552827,8.884144549622174,2.022015692229876,True,0.1263029054074015,False,11,0.0006638947544493,319715.1546436882,,0.8687771617306876,0.9615384615384616
AHU21,MCD,192734,MAPLE,1.3992085114599986,False,0.6685559110904289,0.9591836734498128,0.8863698159410069,0.9970581459184223,1.3094267997620328,2.9395888900311133,True,0.3874924088227076,False,10,0.0280211282711727,9699000.58467908,,0.900967663402926,0.9661016949152542
AHU21,MCD,192734,SHAP,3.487147283591562,False,0.7175866277268903,0.9682539682385992,-0.3936402276299876,-0.7253567267604445,0.3773552994137305,10.42945442939908,True,0.8620479854505172,False,6,0.0006473482019981,43068.26166850241,,0.8992773692052033,0.9666666666666668
AHU21,MCD,198708,LIME,1.3430913197016836,False,1.0050753834862212,0.9682539682385992,-0.9990715765373428,-0.9078661459144504,9.277709379403532,2.0082150250674613,True,0.0318627450980392,False,12,0.0002361435722053,62590.0794453789,,0.8534119007271349,1.0
AHU21,MCD,198708,MAPLE,769.4499494293382,False,1.83981888837424,0.9999999999230768,-0.1039015196986499,-0.0839711845293468,1.074973732547774,1907.7353368535669,True,-0.0476006628379114,False,5,1.8845070639810957,665831095.2623578,,0.6810604160316884,0.9661016949152542
AHU21,MCD,198708,SHAP,2.8308784669201232,False,0.7103570449089291,0.9682539682385992,-0.394007499784736,-0.7257005767763074,0.2866854432216086,11.342087264942768,True,0.8676470588235294,False,6,0.0004468873724127,41570.562784907976,,0.9000226501006354,0.9666666666666668
AHU21,MCD,198814,LIME,1.2461239777671125,False,0.929997849864854,0.9682539682385992,-0.9974337775817396,-0.8884407276511141,9.453349907709816,2.0346303963044536,True,0.0686274509803921,False,11,7.55359088367599e-05,94482.55194305908,,0.8615721616873889,0.9574468085106383
AHU21,MCD,198814,MAPLE,725.2691606865599,False,2.174245338139124,0.9999999999230768,-0.0378023645004839,-0.0385339428135671,1.781315242776853,1810.240172479203,True,-0.1122092842244377,False,7,1.9078180558723372,1788517919.9125383,,0.5999019589797968,0.9661016949152542
AHU21,MCD,198814,SHAP,2.7675863239726066,False,0.6528119710211884,0.9682539682385992,-0.3943064009728697,-0.7260171274739999,0.4112008772412364,11.923745038673502,True,0.2181372549019608,False,9,0.0868561507008099,27343250.5845984,,0.9052790634474832,0.9666666666666668
AHU21,MCD,198842,LIME,1.2034692425236135,False,0.9113069600851544,0.9682539682385992,-0.9954132281955236,-0.8770175154058766,7.913431148406965,2.1300348379674183,True,0.3284313725490196,False,11,0.0003876028576878,87703.00523437596,,0.8698972936940912,0.96
AHU21,MCD,198842,MAPLE,299.1348464981628,False,1.7342631432103834,0.9999999999230768,-0.1005921086894059,-0.0763228542646437,1.928215630546866,769.3664492949193,True,-0.1442690797171343,False,5,2.2569868438287912,1106833071.6216197,,0.7438604772432489,0.9661016949152542
AHU21,MCD,198842,SHAP,2.9366484717056447,False,0.7592459228257035,0.9682539682385992,-0.3943704932780825,-0.7253749171622114,0.3333575864937466,10.370625691432522,True,0.7034313725490197,False,9,0.001104186632535,266844.34195703786,,0.8955990741860298,0.9666666666666668
AHU21,MCD,210411,LIME,1.096740633724247,False,0.8844786816510136,0.9682539682385992,-0.9922494756109224,-0.8859943594270957,9.128663666596957,2.0412351454680424,True,0.142156862745098,False,5,0.0003618897059367,50140.90898795,,0.8693684570444726,0.9636363636363636
AHU21,MCD,210411,MAPLE,1.3104441104069071,False,1.24579503576772,0.9591836734498128,0.8151434905645406,0.5720032741155663,1.3280844785253536,3.984663835288079,True,0.286764705882353,False,6,0.0197729679379117,8190255.85959858,,0.8363131241191817,0.9661016949152542
AHU21,MCD,210411,SHAP,2.326068894125206,False,1.4414283587375512,0.9682539682385992,-0.4255329999718445,-0.7076643437197565,0.2266335164893514,9.087399298134253,True,0.7622549019607844,False,4,0.0001785216277167,16733.159069519847,,0.8070542717506987,0.9830508474576272
AHU21,MCD,239412,LIME,0.3049264880479443,False,0.9275749846550028,0.9682539682385992,0.971216409047419,-0.7054464613640199,2.7600117718300243,0.7315147726832129,True,0.4387254901960785,False,4,0.0016614109407827,293419.40919576713,,0.863518486889609,0.9767441860465116
AHU21,MCD,239412,MAPLE,1.3847889728210998,False,2.1806899693610693,0.9999999999230768,0.3885207447701026,-0.6309655661447998,2.446685421926977,4.316313750757371,True,0.3316963328991829,False,1,4.534408175738604,297047450.8661066,,0.5818717555292696,0.9655172413793104
AHU21,MCD,239412,SHAP,0.3953299512515548,False,0.6921506532451005,0.9682539682385992,-0.2010466528216515,0.6790374711007152,0.9815431748296858,1.2438118129225535,True,0.3946078431372549,False,4,0.0003450308496338,38311.850030408525,,0.8923714925502024,0.9666666666666668
AHU21,MCD,240053,LIME,1.251790356278467,False,0.883875103754029,0.9682539682385992,-0.9990864705838508,-0.9021882080397988,10.417153133402891,2.1083257028244247,True,0.1274509803921568,False,10,0.0015598010224178,348840.294048182,,0.8710846560851372,0.9444444444444444
AHU21,MCD,240053,MAPLE,1.1058561864913323,False,0.1131199327466797,0.9591836734498128,0.6025685688281118,0.8696770616070592,1.480342914303974,4.149366597703808,True,0.232843137254902,False,9,1.6061346878117784,1077607244.5008464,,0.9353743369318568,0.9661016949152542
AHU21,MCD,240053,SHAP,2.748688853618384,False,0.7772974503082632,0.9682539682385992,-0.3936729426623876,-0.725624137660857,0.2859366333168913,11.232908814440776,True,0.8627450980392157,False,6,0.0006066724102564,158987.0838028229,,0.8906630341331957,0.9666666666666668
AHU21,MCD,240405,LIME,1.250739288548167,False,0.8985168029659921,0.9999999998,-0.9977393199200888,-0.8899714787189612,9.3176575454604,2.1944763904464413,True,-0.1617647058823529,False,10,0.0011410638485018,764782.0909239522,,0.8686374660168235,0.0
AHU21,MCD,240405,MAPLE,1.5605612427259987,False,0.6645168400853094,0.9999999995,0.5881573433656543,0.8598933379854183,5.466851408957717,3.7685549347375225,True,-0.0073529411764705,False,9,1.498131517936126,891681488.7390413,,0.9047817737636928,1.0
AHU21,MCD,240405,SHAP,2.6518030762103995,False,0.8113558104670432,0.9999999998,-0.393532852432403,-0.7256713173366363,0.8598269854570437,11.362879310859954,True,0.428921568627451,False,6,0.0015155763134425,112495.7663765288,,0.8862308936348351,1.0
AHU21,MCD,240625,LIME,0.3559655526953685,False,0.9146706219101808,0.9999999998,0.9758859119922332,0.7270618114815764,2.896367212914343,0.6928871509766009,True,0.2769607843137255,False,4,0.0014371213364586,84956.26010012474,,0.865416454602753,0.0
AHU21,MCD,240625,MAPLE,2.0179756043449077,False,2.078429131860445,0.9999999995,0.4255581706055009,0.565067841079873,4.332746880427114,9.04801440991934,True,0.1646196615129278,False,1,2.6151811264253277,416960328.855952,,0.6439002514870135,1.0
AHU21,MCD,240625,SHAP,0.3819570974448394,False,0.6944120478152018,0.9999999998,-0.2013482612278071,-0.6720456460746741,3.498765826805645,1.23984817100131,True,0.7696078431372549,False,7,0.0008118654513802,145012.35776903466,,0.8925059558271633,0.0
AHU21,MCD,240726,LIME,1.24961912028833,False,0.9605613443871316,0.9999999998,-0.9994946901149204,-0.908654738503969,7.712175882269712,2.0907129247471485,True,0.2352941176470588,False,11,0.0013827948337516,625978.2275155924,,0.8572246694887251,0.0
AHU21,MCD,240726,MAPLE,1.4117080149399597,False,0.7107024348854108,0.9999999995,0.5875364916604466,0.8581580338718969,4.53748937113227,4.228910793858821,True,0.3382352941176471,False,10,1.6737639685759094,1817644618.641542,,0.8991652446747461,1.0
AHU21,MCD,240726,SHAP,2.661629973487923,False,0.7892401245035793,0.9999999998,-0.3944077374751607,-0.7250210697366992,0.8941202922985714,10.918241871781191,True,0.8406862745098039,False,6,0.0003765977315587,155491.6631458204,,0.8911052520651139,1.0
AHU21,MCD,245409,LIME,0.3214433250548352,False,0.9836368214673648,0.9999999998,0.9765285558194472,0.7242456269255109,3.1677524139068294,0.714630782395877,True,0.4240196078431372,False,4,0.0014429541857456,367188.19778425584,,0.8536382969306366,0.0
AHU21,MCD,245409,MAPLE,2.042331131583842,False,2.0270351762177587,0.9999999995,0.4327982379102817,0.594070421046702,4.382703748216183,8.518668540700997,True,0.2432439774594008,False,1,2.4013921524461828,180265382.27608413,,0.6620173945853207,1.0
AHU21,MCD,245409,SHAP,0.4283232387465798,False,0.692592668751471,0.9999999998,-0.2014981251608031,-0.676677289705313,3.2322479671501245,1.04065022591182,True,0.6495098039215687,False,4,0.0002574196729347,107596.08246943854,,0.8923501127724286,0.0
AHU21,MCD,249893,LIME,1.2236923739104624,False,0.8892339312190893,0.9999999998,-0.9949828894440792,-0.8721209688283635,9.52274593905116,2.2139979609462728,True,0.1691176470588235,False,4,0.0030465291398921,654254.2408062443,,0.8717982974475517,0.0
AHU21,MCD,249893,MAPLE,6.049926876071761,False,1.7213464396127958,0.9999999995,0.4513716631045438,0.48634023213585,4.129389118981284,20.86951521870002,True,0.7230392156862746,False,5,0.0352365515323369,24256955.88047664,,0.7452498596209053,1.0
AHU21,MCD,249893,SHAP,2.809796360271022,False,0.9158379567334666,0.9999999998,-0.395596425308421,-0.7265166812469692,0.7206377036968625,12.595320613268104,True,0.661764705882353,False,4,0.0006318605795366,36884.83774215738,,0.8696854529295773,0.0
AHU21,MCD,252759,LIME,0.3668398387676273,False,0.9075069034833718,0.9999999998,0.9830061187491712,0.9851501020662377,3.2766988109534294,0.7106214333285759,True,0.1887254901960784,False,5,0.0013644192990677,66307.35400365395,,0.8673264223036757,0.0
AHU21,MCD,252759,MAPLE,1.6186187865675068,False,2.174245858292734,0.9999999995,0.1112131284699343,0.3231367050311923,5.154460801766725,4.662571109910232,True,0.2457009873327281,False,2,2.861124352629252,129142711.7714968,,0.585718138768877,1.0
AHU21,MCD,252759,SHAP,18.778814042521404,False,0.6973832564441169,0.9999999998,0.7082469782170673,0.9022602565744468,2.7908854765143847,50.17127868791484,True,0.4044117647058823,False,6,0.0026729382817947,23074.62950588244,,0.8737032993295142,1.0
AHU21,MCD,43465,LIME,0.3865794689049902,False,0.8875824954303985,0.9682539682385992,-0.7170960141247531,-0.9962766384403794,4.853040563517767,1.2350710328322057,True,0.465686274509804,False,4,,,,0.8698475117713921,0.9615384615384616
AHU21,MCD,43465,MAPLE,0.6246567091043991,False,1.9661832716446963,0.9591836734498128,-0.2042795001943859,-0.0423060868626037,3.603326144336024,1.015505663247493,True,0.2990196078431372,False,4,,,,0.6779753314613187,0.0
AHU21,MCD,43465,SHAP,0.2853313704837557,False,0.4319696516945063,0.9682539682385992,-0.9980131922213792,-0.6122493793225144,1.265738197132253,0.7568874605723471,True,0.6838235294117648,False,8,,29434.4441948832,,0.922961149090748,0.9666666666666668
AHU21,MCD,60711,LIME,1.2339007121808048,False,0.8649213029332419,0.9682539682385992,-0.9213143767253584,-0.8907984817003223,9.0396848242175,2.0410954247873403,True,0.6004901960784315,False,8,0.0007013808345287,951513.836427218,,0.8759261593484039,1.0
AHU21,MCD,60711,MAPLE,1.0677337090322414,False,1.2383983585185117,0.9591836734498128,0.802202432565129,0.9737110131521356,2.190898085694268,2.7279492344935377,True,0.7892156862745099,False,8,0.0015463497455581,13806025.14097462,,0.842189570706895,0.9655172413793104
AHU21,MCD,60711,SHAP,1.4524060601195774,False,1.6496359981613666,0.9682539682385992,-0.5637118442221982,-0.4855861170373808,0.2083628249660773,6.25789893321048,True,0.9338235294117648,False,7,2.288164692033084e-05,176039.75118227772,,0.7620434466744673,0.0
AHU21,MCD,62404,LIME,1.2143626950481172,False,0.9478549282841436,0.9682539682385992,-0.99965583928919,-0.9118583248948074,8.084900981996805,2.0644653840482428,True,0.3088235294117647,False,9,0.0001058247687135,58095.65868853922,,0.8578850366638123,0.9574468085106383
AHU21,MCD,62404,MAPLE,148.35995239015529,False,1.833814534273992,0.9591836734498128,-0.0007974375183096,-5.111821303736559e-05,1.3475665629447289,363.5713480024573,True,-0.1532802250089824,False,6,2.5957465364521486,993331218.7653308,,0.708715526536475,0.9661016949152542
AHU21,MCD,62404,SHAP,2.5507314811659105,False,0.8936581562356911,0.9682539682385992,-0.3936589072036006,-0.7254383770024481,0.2654667132490509,10.78720728899756,True,0.7892156862745099,False,8,0.0002255070254593,25455.86625453905,,0.8726187757326255,0.9666666666666668
AHU21,MCD,64473,LIME,1.3457659025797568,False,1.001219725206373,0.9682539682385992,-0.9934365052008738,-0.8917789833807226,7.42881807836703,2.1781859090838,True,0.5490196078431373,False,5,0.0020903975407321,347919.9973904854,,0.8561191358369715,1.0
AHU21,MCD,64473,MAPLE,5.388245454810411,False,1.632539499371022,0.9591836734498128,0.249154895792184,0.3014656845887392,1.2513920922110255,13.004894322615588,True,0.627450980392157,False,5,0.0028898323769597,1228469.9349128038,,0.7556832936061277,0.9661016949152542
AHU21,MCD,64473,SHAP,2.474846456967359,False,1.3010009626440613,0.9682539682385992,-0.430448499353523,-0.708995839598154,0.3930762772578236,10.188369450045473,True,0.6862745098039217,False,4,0.0004539086459807,35129.72884389246,,0.8265002611831811,0.9666666666666668
AHU21,MCD,64782,LIME,1.2285964080085996,False,0.9624451461411396,0.9682539682385992,-0.9936804538692902,-0.9064282675196002,9.102344552386308,2.182156490019288,True,0.2279411764705882,False,5,0.0013497761549394,135037.00044939845,,0.8593927208912576,0.9666666666666668
AHU21,MCD,64782,MAPLE,0.6362618294966214,False,1.3631500324786696,0.9591836734498128,0.1537337381495806,-0.2283569457832425,0.7058258820716727,2.786415627739646,True,0.6151960784313726,False,5,0.0008399881278472,174597.2251489706,,0.812735867908466,0.9661016949152542
AHU21,MCD,64782,SHAP,2.614418649992256,False,1.3037551372506742,0.9682539682385992,-0.4321685023692241,-0.7101704990173373,0.1784319102810762,11.089156677791028,True,0.4852941176470589,False,7,0.0128862922676361,2316393.818444458,,0.8249998857286517,0.9666666666666668
AHU21,MCD,64794,LIME,1.3139632476804155,False,1.0136296768801016,0.9682539682385992,-0.994627698509249,-0.8999520865136335,7.909869420880278,2.1299780042251597,True,0.4509803921568627,False,4,0.0056634745117264,1507319.0913408557,,0.8523310937307035,0.9523809523809524
AHU21,MCD,64794,MAPLE,0.5160553709740516,False,1.3624956039731886,0.9591836734498128,0.1537577825091584,-0.2284171313753787,0.7935393542827687,2.2836582231359968,True,0.6127450980392157,False,4,0.0008194954387341,163843.79258573143,,0.8129478147034144,0.9661016949152542
AHU21,MCD,64794,SHAP,2.6406073001480963,False,1.2954826179899188,0.9682539682385992,-0.4311881629405398,-0.7099128961166413,0.2113486511921532,8.38043486097704,True,0.4730392156862746,False,5,0.0044137828965651,170908.7987806583,,0.8267140525534198,0.9666666666666668
AHU21,MCD,64795,LIME,1.1113960198818775,False,0.9463415519226428,0.9682539682385992,-0.993595903531552,-0.8950693406130117,10.266016987578537,2.164005202097252,True,0.698529411764706,False,5,0.0326514317166649,4404307.583788847,,0.8617871157038468,0.9761904761904762
AHU21,MCD,64795,MAPLE,0.5884892849015868,False,1.3624956039731886,0.9591836734498128,0.1537073065296425,-0.2284561670099394,1.0782827316965071,2.327601217313391,True,0.6127450980392157,False,4,0.0005541157996986,72622.61333232319,,0.8129478147034144,0.9661016949152542
AHU21,MCD,64795,SHAP,2.3931640444513125,False,1.29275640496106,0.9682539682385992,-0.4318530220894468,-0.7102459384353366,0.2725773231313393,11.713838010047878,True,0.536764705882353,False,4,0.0026535028578447,94620.4188162437,,0.827497970993389,0.9666666666666668
AHU21,MCD,64811,LIME,1.1859522259842856,False,1.0253860941608377,0.9682539682385992,-0.9926144812251108,-0.886279049798341,7.784612818549155,2.1765095373376613,True,0.2622549019607843,False,5,0.0021379020581837,793844.2618845687,,0.8530716248998323,0.5
AHU21,MCD,64811,MAPLE,0.6313362910263269,False,1.3631500324786696,0.9591836734498128,0.1537229285933743,-0.2284082717070431,1.113705490722512,2.2515949386731644,True,0.5980392156862745,False,5,0.0007681443563616,105393.65642090366,,0.812735867908466,0.9661016949152542
AHU21,MCD,64811,SHAP,2.73412687905682,False,1.296347324738971,0.9682539682385992,-0.4304481756213147,-0.7093038104471061,0.1680686242181314,8.577871997618326,True,0.4877450980392157,False,7,0.0070462863708864,302548.15958024864,,0.8267355626886951,0.9666666666666668
AHU21,MCD,77140,LIME,1.2631071073026712,False,0.9601149070487092,0.9682539682385992,-0.99796718158484,0.8963804194880608,8.595891502185498,2.0262604191237035,True,0.0784313725490196,False,10,0.0001441126196376,25398.258503453268,,0.8622429344355744,0.9444444444444444
AHU21,MCD,77140,MAPLE,400.51671649408223,False,1.7640141193623855,0.9999999999230768,-0.0062660144271474,0.0105802391090614,1.9367358715298089,1574.7187194505204,True,-0.3156656786973194,False,5,2.393044703654024,3370045417.004127,,0.7393159554641452,0.9661016949152542
AHU21,MCD,77140,SHAP,2.762968871671775,False,0.8235520833170646,0.9682539682385992,-0.3940794428372267,0.725357527006767,0.3086199093887469,11.748538579324238,True,0.8529411764705884,False,4,0.0004981168459418,44665.520526808,,0.8866468266948592,0.9666666666666668
AHU21,MCD,77146,LIME,1.1654489989757066,False,0.9970540810001464,0.9682539682385992,-0.9995583959275088,0.9181122906124102,8.900794500850928,2.024620690703025,True,0.4583333333333333,False,10,0.0001365382904574,163470.37416675698,,0.8491562601024676,0.9375
AHU21,MCD,77146,MAPLE,435.9739139909735,False,1.7716133381651995,0.9999999999230768,-0.0192071774344497,0.0226839701591828,1.621311433513532,1281.700042789205,True,-0.424175755749523,False,7,2.348867123053452,2334598322.1686645,,0.7371910121586682,0.9661016949152542
AHU21,MCD,77146,SHAP,2.9998566960648048,False,0.8318273873400344,0.9682539682385992,-0.3939242067989489,0.7251920833832332,0.2672427588612571,10.990253820478658,True,0.8676470588235294,False,4,0.000371373235504,28604.324760975254,,0.8854072272275956,0.9666666666666668
AHU21,MCD,77154,LIME,1.1341461865305222,False,0.8981942563940835,0.9682539682385992,-0.9954612973180264,0.8768893207199044,8.95667100540063,2.036028424841189,True,0.4240196078431372,False,10,0.0002097090120379,146595.0130820891,,0.870578295258212,0.9767441860465116
AHU21,MCD,77154,MAPLE,7.644966936120658,False,1.0357333622727438,0.9591836734498128,-0.0910681202488938,0.0926438982614598,2.046931803685673,18.83317867190849,True,0.1336603562078326,False,7,2.2379504221239026,1218787194.809362,,0.8674299154401001,0.9636363636363636
AHU21,MCD,77154,SHAP,2.989132877905549,False,0.8359904436828053,0.9682539682385992,-0.3942368067927021,0.7254328497810866,0.2703551959228371,12.959785043955428,True,0.8799019607843139,False,4,0.0003184499302255,37362.44870953311,,0.8848409688503489,0.9666666666666668
AHU21,MCD,98666,LIME,0.2983879995327529,False,0.9751799882285098,0.9682539682385992,-0.6285387526973764,-0.9971172163457032,3.7114988776779976,1.2356369956075786,True,0.1299019607843137,False,5,0.0005350386536641,10129.059782672672,,0.8554838899871138,0.972972972972973
AHU21,MCD,98666,MAPLE,0.6270376234197638,False,1.7881505356677525,0.9999999999230768,-0.1581837910288132,-0.0281607896409525,3.2658509159341644,1.0579141565378964,True,0.2776421156859827,False,2,2.456138139234351,417215741.2413103,,0.7323631995242702,0.75
AHU21,MCD,98666,SHAP,0.3094533533288875,False,0.4780285760728534,0.9682539682385992,-0.9998975326828184,-0.6827849770699554,1.0935262412774591,0.7588155602635198,True,0.7181372549019608,False,6,0.0011392541577383,59238.17551474333,,0.9195954111071244,0.9666666666666668
AHU21,MCD,98980,LIME,0.3956023205188171,False,0.9655206301204786,0.9682539682385992,0.9870268411341564,0.9503530117178174,3.183644448597745,0.7774845685352891,True,0.3323115278194739,False,4,0.8688369077656759,42667996.37773464,,0.8611880021978958,0.875
AHU21,MCD,98980,MAPLE,0.6509565729155099,False,1.7489721904382678,0.9999999999230768,-0.0159365670272539,0.1790932159689005,1.9857144439735523,1.52762787626908,True,0.2171532544874221,False,2,3.8272560760241134,139767717.37115794,,0.7239271957000657,0.9827586206896552
AHU21,MCD,98980,SHAP,6.748302597802573,False,0.7046972483740589,0.9682539682385992,0.284451254865777,-0.1553084544631704,1.3311124760637754,21.033768675890265,True,0.7357450800431157,False,11,0.0042559224236582,50045.58318075563,,0.8973868484310351,0.9666666666666668
AHU21,VAE,10163,LIME,1.0528213206935362,False,2.440809319717066,0.999999999984127,-0.5446986193546983,0.2103421953514948,7.662256332352524,1.82989909348396,False,0.3431372549019608,False,3,0.0002330846855608,356.1477022423146,,0.4825134667821601,1.0
AHU21,VAE,10163,MAPLE,0.5068460919860148,False,1.3690091795385717,0.9999999999818182,-0.0138998077052281,-0.6934135461393494,3.843121488967194,1.076648372361246,False,0.4438995316260131,False,3,6.717872325159791e-05,68.46744549092024,,0.8042707792894056,0.0
AHU21,VAE,10163,SHAP,1.1687416952045162,False,2.420790605101087,0.999999999984127,-0.6332120014850645,0.226764403146453,1.825402585797727,2.376788135377904,False,-0.5245098039215687,False,3,0.0003830429304285,240.18884722549691,,0.4621202006509579,1.0
AHU21,VAE,10164,LIME,1.091751113813196,False,2.469126595501243,0.999999999984127,-0.5733522281498388,0.2070924267830568,7.906974760560196,1.9212085261245169,False,0.1838235294117647,False,3,0.0001946251308873,246.8543835584921,,0.4676680105521787,1.0
AHU21,VAE,10164,MAPLE,0.5239804564384206,False,1.4008929781278674,0.9999999999818182,-0.0141403407437998,-0.698114799853821,3.2309076379964283,1.1033238483650143,False,0.5187002814303966,False,3,0.0018568423805849,2275.120906543729,,0.7982726960259264,0.0
AHU21,VAE,10164,SHAP,1.2120913679859715,False,2.3295271693361546,0.999999999984127,-0.6776526618728945,0.2505724234176853,2.2515805783807967,2.520575885314805,False,-0.4607843137254902,False,3,0.0009170683223288,1243.2878704162167,,0.508152059719244,1.0
AHU21,VAE,10165,LIME,1.127988403990794,False,2.456614237110036,0.999999999984127,-0.5169934671519882,0.1868664103089658,7.378720740448427,1.9693504076481692,False,0.1764705882352941,False,3,0.0001708830178698,303.3752603010409,,0.4741302191164617,1.0
AHU21,VAE,10165,MAPLE,0.5142934371566217,False,1.4226530844072662,0.9999999999818182,-0.0370739598480447,-0.6842326981263781,4.112190790347193,1.0938738630855007,False,0.4929492036288875,False,3,0.0001491468472699,151.53565597708942,,0.7935961217636601,0.0
AHU21,VAE,10165,SHAP,1.5623194710365818,False,2.400957938742459,0.999999999984127,-0.6018853533850291,0.3319787066306621,1.8995120092585032,3.6466351867080182,False,-0.3235294117647059,False,3,0.0004182678305424,541.4031404861139,,0.4945059676654388,1.0
AHU21,VAE,10172,LIME,1.1068335884124338,False,2.4440477886706704,0.999999999984127,-0.6516380408317829,0.1970617231393698,7.754979982642431,1.8533285759258524,False,0.2965686274509804,False,3,0.00019010518308,240.62032756987284,,0.4810463089275358,1.0
AHU21,VAE,10172,MAPLE,0.5132928678473818,False,1.4171603920218632,0.9999999999818182,-0.0752164170976369,-0.7039695581091396,3.318434258250315,1.148773288238498,False,0.4524832242265161,False,3,6.543423243632047e-05,122.43100282393084,,0.7959779873717805,0.0
AHU21,VAE,10172,SHAP,1.2920899919026547,False,2.424088837987665,0.999999999984127,-0.6750146978009492,0.2734544841821277,1.870517535059215,2.713357263596233,False,-0.2475490196078431,False,3,0.0002275642894939,272.85434906534897,,0.4708307314761608,1.0
AHU21,VAE,10173,LIME,1.0670808106127725,False,2.451057015537132,0.999999999984127,-0.5404310607090815,0.19845637887557,7.849092231908616,1.8945246743215305,False,0.2132352941176471,False,3,0.00017929122289,239.06716299855705,,0.4768319612752908,1.0
AHU21,VAE,10173,MAPLE,0.4658914848857096,False,1.4003134809210045,0.9999999999818182,-0.0015418266017581,-0.7490349947849425,3.36913230519144,1.1050319676886455,False,0.5898223058345644,False,3,0.0016318671651505,1361.3932477877695,,0.7997456631022314,0.0
AHU21,VAE,10173,SHAP,1.1873235968049691,False,2.332433546479916,0.999999999984127,-0.6379068410066648,0.195852260946068,1.9956265299363616,2.9312873063210727,True,-0.375,False,3,0.0049716115795264,2687.2308063378878,,0.4802640728695478,1.0
AHU21,VAE,10174,LIME,1.0606976866482702,False,2.4677045525398134,0.999999999984127,-0.6648524060018055,0.0929200790155979,7.5828920989104995,1.842200521842046,False,0.3161764705882353,False,3,0.000338973662322,272.8232566852767,,0.4687801339028908,1.0
AHU21,VAE,10174,MAPLE,0.4259293950411146,False,1.3969830918078168,0.9999999999818182,-0.0278268251528431,-0.7674249293159416,2.231415305879021,1.0495361276361042,False,0.4610669168270191,False,3,0.0001922387853574,176.13879565141258,,0.796025675498098,0.0
AHU21,VAE,10174,SHAP,1.0726135315168677,False,2.3060729864096925,0.999999999984127,-0.6978246169333298,0.2288916554257876,1.2038204003589537,2.607801296328065,False,-0.2622549019607843,False,3,0.0008433208262233,463.6328456389202,,0.5100464739510991,1.0
AHU21,VAE,10176,LIME,1.0243494129172024,False,2.4637626569107764,0.999999999984127,-0.6328596901886312,0.2042468949276783,7.023375703619809,1.8090909288713133,False,0.3063725490196078,False,3,0.0002645161251141,389.83491420602,,0.4675673375279539,1.0
AHU21,VAE,10176,MAPLE,0.5588006614860686,False,1.3918305279454033,0.9999999999818182,-0.032641583139495,-0.6689639982082759,3.741710128515346,1.0918584583411763,False,0.4328633554253664,False,3,9.607705050923992e-05,199.0647671716989,,0.7992820130683095,0.0
AHU21,VAE,10176,SHAP,1.2589446333375494,False,2.32688711077364,0.999999999984127,-0.7012286066219748,0.3341588969193918,1.7770365060291906,2.9076415763012857,False,-0.0049019607843137,False,3,0.0025783722100203,3621.9974608437783,,0.5385798740329139,1.0
AHU21,VAE,10177,LIME,1.075588097125879,False,2.4566321907235618,0.999999999984127,-0.6806978712013653,0.2235091139626079,7.117995084424861,1.8865538903689325,False,0.4411764705882353,False,3,0.0003224161547789,464.8865377400994,,0.4735294158711065,1.0
AHU21,VAE,10177,MAPLE,0.5061160242430492,False,1.3441306591606557,0.9999999999818182,-0.0150985302481401,-0.6855020073519871,3.1414919216241284,1.1266381723346008,False,0.4193746956245759,False,3,6.118489319634286e-05,96.45165774025112,,0.8086654139405642,0.0
AHU21,VAE,10177,SHAP,1.1512846718501415,False,2.249983946157101,0.999999999984127,-0.7822309697791655,0.2753906916863077,1.4899383462887863,2.461248202549637,False,-0.1127450980392156,False,3,0.000415778403874,1446.4437962020977,,0.5278900667274378,1.0
AHU21,VAE,10184,LIME,1.0742335330479085,False,2.441747296915669,0.999999999984127,-0.5228724477253621,0.1945153701489493,7.526066243034066,1.8911483325446876,False,0.286764705882353,False,3,0.000430345028132,513.510871862586,,0.4809406576309165,1.0
AHU21,VAE,10184,MAPLE,0.5699549529444788,False,1.4115044839631825,0.9999999999818182,-0.0278628303004072,-0.6617114622581812,5.045173969442927,1.0949007953678085,False,0.4990804126292468,False,3,3.992564940494192e-05,83.67860678084294,,0.7949185545704581,0.0
AHU21,VAE,10184,SHAP,1.2493244084821444,False,2.3391717007386967,0.999999999984127,-0.6811562370601387,0.2321195990237395,1.864152802600683,2.6780938807113825,False,-0.1348039215686274,False,3,0.0008026171660517,364.0849998791703,,0.5042311381838892,1.0
AHU21,VAE,10185,LIME,1.15039573698765,False,2.4468106402880414,0.999999999984127,-0.8522418692689802,0.0966419634581512,8.030072417225192,1.9086449056197137,False,0.321078431372549,False,3,0.000275167900317,395.4939720373392,,0.4773146668191628,1.0
AHU21,VAE,10185,MAPLE,0.2795800288973377,False,1.3209161283717652,0.9999999999818182,-0.0860250346639258,-0.8756596952667332,1.2981961941868352,0.5524234719318573,False,0.3899448924228513,False,3,0.0001841595782208,236.93516473105035,,0.8139590213835153,0.0
AHU21,VAE,10185,SHAP,1.053518491080821,False,2.3093186375802395,0.999999999984127,-0.6386442974403239,0.1565735800547756,2.070556915725821,2.68829510764441,False,-0.3848039215686274,False,3,0.0006103907509303,660.500840268309,,0.5322905987142745,1.0
AHU21,VAE,10187,LIME,1.1932568691094014,False,2.452120760979005,0.999999999984127,-0.8809374400388162,0.234202196419614,8.61353234383651,1.908737018719128,False,0.4362745098039216,False,3,0.0002527806838871,561.122094823758,,0.476317392815607,1.0
AHU21,VAE,10187,MAPLE,0.5354491910435963,False,1.410207699104646,0.9999999999818182,-0.0642022390373668,-0.6915512686561092,3.3657528990961585,0.8166103627221951,False,0.3421214622200488,False,3,5.689243715366939e-05,237.91277725241676,,0.7942325428886583,0.0
AHU21,VAE,10187,SHAP,1.0188098822555849,False,2.227788898727643,0.999999999984127,-0.5603948039367327,0.2361755394612607,2.618284455589374,2.537472181656656,True,-0.286764705882353,False,3,0.0008253686885355,1777.8746270232032,,0.5668375914530905,1.0
AHU21,VAE,10188,LIME,1.0716725424014089,False,2.478569175955299,0.999999999984127,-0.7996759541719096,0.2252820618687612,9.129426913156532,1.900306672543003,False,0.4901960784313726,False,3,0.0002438457180331,741.2736990144623,,0.4611288794073726,1.0
AHU21,VAE,10188,MAPLE,0.4163306800061445,False,1.456683646076099,0.9999999999818182,-0.0111189415989,-0.7606276868343553,3.3924421498279256,1.128310560287168,False,0.4144697284242885,False,3,4.495920174073643e-05,169.47366546977614,,0.7926300201539981,0.0
AHU21,VAE,10188,SHAP,1.0615555135974908,False,2.325644658734292,0.999999999984127,-0.6445316994790767,0.2986629194410308,2.2437926824790426,2.452805939751761,False,-0.2058823529411765,False,3,0.0012735751555471,1477.851808536835,,0.5267891070447517,1.0
AHU21,VAE,10191,LIME,1.1768282390065918,False,2.4391353273778797,0.999999999984127,-0.857372926669603,0.2439928916684368,7.548176083965756,1.87999107649922,False,0.286764705882353,False,3,0.0003900088848037,386.9488870452652,,0.4842319540287617,1.0
AHU21,VAE,10191,MAPLE,0.4251132663531652,False,1.3246238756521649,0.9999999999818182,0.0002378897493176,-0.7468924125280716,2.357001718261113,0.6755315090448416,False,0.331085286019402,False,3,9.93822809264639e-05,440.8082404147983,,0.8176256251718993,0.0
AHU21,VAE,10191,SHAP,0.9795474698024698,False,2.2389494335053324,0.999999999984127,-0.6128839217710591,0.3179172171857987,1.9372090933013573,2.303786896884135,False,0.0220588235294117,False,3,0.0001834786673637,252.1192744206764,,0.5563254357638846,1.0
AHU21,VAE,10197,LIME,1.0608075852082228,False,2.473350993188365,0.999999999984127,-0.6716406450990806,0.2130515393323931,8.230074836436323,1.876613138826753,False,0.4387254901960785,False,3,0.000298207671873,350.2503806391038,,0.4634811861847451,1.0
AHU21,VAE,10197,MAPLE,0.5249170939093033,False,1.2988643679297844,0.9999999999818182,-0.0073921994628437,-0.6778162658570775,3.075363639299155,0.820671191230179,False,0.3764562326220608,False,3,7.00308558894149e-05,202.7848757160126,,0.8185004986436569,0.0
AHU21,VAE,10197,SHAP,1.0049333896245054,False,2.4349594287523417,0.999999999984127,-0.7304283208385,0.2527552771808588,1.9258491630901244,2.4890801539114227,False,-0.4558823529411765,False,3,0.0003483717403925,225.42486588344968,,0.4680113950416343,1.0
AHU21,VAE,102428,LIME,0.995538902904526,False,2.414081617688225,0.999999999984127,-0.0895338416840956,0.2201565949482262,10.66834034064278,1.5991180525611324,False,0.5392156862745099,False,4,7.884768915663455e-05,394.9277335944293,,0.4973344303010422,1.0
AHU21,VAE,102428,MAPLE,1.9244406173672084,False,2.141776597568679,0.9999999999818182,-0.314120357612533,-0.4480495738358575,3.006961681350676,3.096090129903496,False,0.1508277414088387,False,4,5.833065092191117e-05,194.434515297944,,0.6117024901957294,0.0
AHU21,VAE,102428,SHAP,0.3049199628441115,False,1.245117677490609,0.999999999984127,-0.9525486703425516,0.5906442186254098,1.813521918215331,0.7156082567740846,False,0.5441176470588236,False,4,0.0005885304469296,928.3740074437796,,0.8254602329423205,1.0
AHU21,VAE,102433,LIME,1.0172316332084386,False,2.443893682939928,0.999999999984127,-0.0630095029422666,0.2104764101651109,7.047435335197558,1.6944263004575029,False,0.5686274509803922,False,4,0.0001058867620995,336.7960309038279,,0.4802906159149533,1.0
AHU21,VAE,102433,MAPLE,1.9496507581118576,False,2.128833407529561,0.9999999999818182,-0.2559899318992897,-0.4945778256503397,3.1391973842103305,2.768362707146989,False,0.1729000938101322,False,4,4.877056477603481e-05,271.16490834304307,,0.6117734706497757,0.0
AHU21,VAE,102433,SHAP,0.3114502432294153,False,1.2221651593190426,0.999999999984127,-0.9698056724339684,0.582549081435068,1.5914549888346974,0.6181303639573276,False,0.2279411764705882,False,4,0.004612473524149,4956.473188303507,,0.8234359331689821,1.0
AHU21,VAE,159784,LIME,0.8605721524047923,False,2.381520004357687,0.999999999984127,-0.509429965142584,0.3247757157874384,6.744905999827599,1.3754016034928307,False,0.1127450980392156,False,5,5.420139029589888e-05,15006.21385323043,,0.5120879878786498,1.0
AHU21,VAE,159784,MAPLE,0.1593210887110713,False,1.9237632722447704,0.9999999999818182,-0.1544845238502999,-0.7707378467027585,2.444309770716694,0.9441268065787066,False,0.1814837864106352,False,5,1.65704942756908e-05,1042.5127734127552,,0.6434777907946685,0.0
AHU21,VAE,159784,SHAP,0.3768690155772439,False,1.6082345995456704,0.999999999984127,-0.9672999444762476,0.4887648597176002,2.0501076533729217,0.8953556484678806,True,0.0147058823529411,False,5,0.0001945272957219,9357.586969485375,,0.7396395093417534,1.0
AHU21,VAE,159789,LIME,0.8243852565808872,False,2.3692634436975952,0.999999999984127,-0.5247200550951905,0.3242538140473021,7.629516882458294,1.3274969135159027,False,0.1691176470588235,False,5,0.0001071679972991,5381.14980021813,,0.5178603378020799,1.0
AHU21,VAE,159789,MAPLE,0.1105785786492999,False,1.9152973840757888,0.9999999999818182,-0.1534965830283824,-0.7723878945671441,2.0012732984647625,0.8788274007975246,False,0.2452483600143719,False,5,2.618148651632527e-05,7509.745552095171,,0.6505561849497077,0.0
AHU21,VAE,159789,SHAP,0.3860284819287634,False,1.6294608975813862,0.999999999984127,-0.9491104177124932,0.4760654820467397,2.7539602455938894,1.0542897284563653,False,0.1617647058823529,False,5,0.0003284870880743,30086.64125312196,,0.7423016966533013,1.0
AHU21,VAE,159797,LIME,0.8256735036208181,False,2.386558300555285,0.999999999984127,-0.5418925195138264,0.341795472039414,6.237108466154468,1.3165359682988411,False,0.1715686274509804,False,5,6.986573990425308e-05,2892.9392332517687,,0.5103305836744871,1.0
AHU21,VAE,159797,MAPLE,0.0960207797632792,False,1.920662876569152,0.9999999999818182,-0.1508635375364123,-0.7716770580356315,2.0070215414860257,0.9135251080703436,False,0.1961986880114975,False,5,2.975904256252237e-05,2006.5761600747437,,0.6474167290624319,0.0
AHU21,VAE,159797,SHAP,0.3828187844665852,False,1.624672529611832,0.999999999984127,-0.9736670653033742,0.4915387070784979,1.9935941143248088,1.0212287385624386,False,0.0392156862745098,False,5,9.348459143966377e-05,1604.4762874533694,,0.7317195745838174,1.0
AHU21,VAE,159801,LIME,0.8360511563254677,False,2.3756569702050925,0.999999999984127,-0.5370938531988498,0.3430388830170577,9.18566132859278,1.3375735286978452,True,0.1789215686274509,False,5,0.0010200125408464,58003.74251832007,,0.5126499363468393,1.0
AHU21,VAE,159801,MAPLE,0.1157560953440123,False,1.9192088446468047,0.9999999999818182,-0.1510387742325919,-0.772267231665821,1.9106151473344777,0.2790001258739141,False,0.1961986880114975,False,5,2.1079264105873197e-05,3163.808888464533,,0.6472697439112602,0.0
AHU21,VAE,159801,SHAP,0.3384543765433677,False,1.6084803295209422,0.999999999984127,-0.9649978120618176,0.4839360753278093,2.138568603980819,1.009379041191492,False,0.2132352941176471,False,5,0.0001825401231853,12356.390455547433,,0.7445960676500446,1.0
AHU21,VAE,160708,LIME,1.0821322850826696,False,2.427504581120352,0.999999999984127,-0.5528917599836164,-0.161461163996768,7.647942192319658,1.8458680116463664,True,0.2009803921568627,False,4,0.0002581549958493,767.6677563653384,,0.4884156352302851,1.0
AHU21,VAE,160708,MAPLE,0.3623921635838912,False,1.6866372174411943,0.9999999999818182,-0.151843532775308,0.8534701883854106,3.469441911613605,0.6021207530117936,True,0.235438425613797,False,4,3.7348164496836016e-05,149.92155982736824,,0.7342410524280094,0.0
AHU21,VAE,160708,SHAP,1.242098532401018,False,2.4107146321538058,0.999999999984127,-0.4665392041038656,-0.2489807104976051,2.3403996438005,3.03342577479651,True,-0.2794117647058823,False,4,0.0002747167937205,1123.580243213112,,0.4927489688566258,1.0
AHU21,VAE,160746,LIME,1.3265887479211702,False,2.3866554383311938,0.999999999984127,-0.7051298743568448,-0.2337701259416371,8.391221613502351,1.9183803036562692,True,-0.0220588235294117,False,10,0.0003051896249537,1543.2990853173344,,0.5085325698081725,1.0
AHU21,VAE,160746,MAPLE,2.849604037684533,False,2.326905680426967,0.9999999999818182,0.089406945529783,0.0534664214554838,3.046255796278293,6.272610031227293,True,0.0527283974030899,False,5,0.001214435768621,11388.334744208792,,0.5308306035891549,0.0
AHU21,VAE,160746,SHAP,2.160501149081911,False,2.4890272527684885,0.999999999984127,-0.4872922430129475,-0.5761357836415473,2.5658112324531066,4.873678996133551,True,0.2426470588235294,False,9,0.0002783455535129,504.8829550691325,,0.4529452933457051,1.0
AHU21,VAE,160807,LIME,1.3116502715932297,False,2.415455603706272,0.999999999984127,-0.646930232542306,-0.2354656470453917,12.012790622763848,1.8638087767469005,True,-0.1495098039215686,False,10,3.2702613733590777e-05,1606.3151030709832,,0.4953404759286822,1.0
AHU21,VAE,160807,MAPLE,1.7772951701378608,False,2.3150088991282542,0.9999999999818182,0.3195186510369758,0.2349925748201723,2.792991721891972,4.145610581478256,True,0.4181484538245041,False,8,0.0001397617769291,2293.5852592388464,,0.5370360003632,0.0
AHU21,VAE,160807,SHAP,2.2617130613175376,False,2.535454287573116,0.999999999984127,-0.3767267868456297,-0.7428018081387113,1.8473282711640373,6.055013672440606,True,0.4215686274509804,False,10,7.853530904534768e-05,1073.521462561642,,0.4237969701586154,1.0
AHU21,VAE,161562,LIME,0.9835456757502176,False,2.4285700532084467,0.999999999984127,-0.2306734572931354,-0.0646010805123104,6.714358160551662,1.7226173060197627,True,0.1862745098039215,False,4,0.0001156724411431,225.6031969867467,,0.4890983773062092,1.0
AHU21,VAE,161562,MAPLE,0.2471649351639602,False,1.4429854296235602,0.9999999999818182,0.0247521101990954,0.9134220751026748,2.4196366102126645,0.9133100503865744,True,0.0686695408040241,False,4,6.271717779135139e-05,108.55759214549133,,0.7782916685353399,0.0
AHU21,VAE,161562,SHAP,0.9551310550018388,False,2.2759234354470697,0.999999999984127,-0.8036780150996228,-0.1448170079781484,2.1361444363100763,2.2097596363254253,True,0.034313725490196,False,4,0.0001191618544318,209.0439436482824,,0.5627102527671585,1.0
AHU21,VAE,161591,LIME,1.0602945667131658,False,2.455191424792316,0.999999999984127,-0.1886092352468977,-0.0523970679267147,9.155788642799656,1.7549475113344195,True,0.2156862745098039,False,4,0.0001583007794708,199.9459894571646,,0.47502870095861,1.0
AHU21,VAE,161591,MAPLE,0.2748877976304082,False,1.462108118994464,0.9999999999818182,0.036450763661885,0.9189487182601,3.5582176771829803,0.872125927435303,True,0.1900674790111382,False,4,0.001294627792263,1870.5425847684376,,0.7768927342064003,0.0
AHU21,VAE,161591,SHAP,0.863346074325551,False,2.1927084736817126,0.999999999984127,-0.8590957247225326,-0.2285156736462393,2.146413150059028,2.2716070333416063,True,0.1151960784313725,False,4,0.0002430621655742,320.53544143080603,,0.592729215378844,1.0
AHU21,VAE,161616,LIME,1.3873936100060311,False,2.39023536532071,0.999999999984127,-0.6908199172504725,-0.2983549236604573,9.931692233009668,1.9342418271828288,True,0.1519607843137255,False,10,4.30854215554863e-05,431.5203270759097,,0.5080044055896914,1.0
AHU21,VAE,161616,MAPLE,2.14556155590646,False,2.423795445917932,0.9999999999818182,-0.0975488546068632,0.4428860627319932,3.291171079897852,4.724745888575585,True,-0.0073574508004311,False,8,4.525927251150205e-05,244.30646096572863,,0.4771967569919245,0.0
AHU21,VAE,161616,SHAP,2.49296417788441,False,2.5880392840293607,0.999999999984127,-0.6123658910159031,-0.3135269244730945,2.08200023418615,6.003776455911355,True,-0.0465686274509803,False,9,0.0001006543649547,261.52414164971185,,0.3877957429511776,1.0
AHU21,VAE,162843,LIME,1.352262091966114,False,2.3666954228011976,0.999999999984127,-0.6401783633903979,-0.1979627192303542,8.543807093184611,1.917482807619189,True,-0.1225490196078431,False,10,3.015457786556909e-05,719.3730883391954,,0.5198752727213197,1.0
AHU21,VAE,162843,MAPLE,1.8160625675736624,False,2.433301083563307,0.9999999999818182,0.2346912328032849,0.2270675405315041,2.5009822803556814,3.575441718407858,True,0.1312078726076889,False,8,0.0002179855403121,2111.248938070968,,0.4546199703104628,0.0
AHU21,VAE,162843,SHAP,2.6577396496505434,False,2.5380846909531383,0.999999999984127,-0.391251213048545,-0.7199948305226787,2.387458314748154,5.928399577876592,True,0.3872549019607844,False,10,0.000123097294418,544.4078940115405,,0.4193817239092033,1.0
AHU21,VAE,165865,LIME,1.0795695221105093,False,2.447600030465999,0.999999999984127,-0.2028429982611652,0.0323982920481923,6.367037541633298,1.816368973492112,False,0.286764705882353,False,6,9.439869891695122e-05,641.3043702984636,,0.4795868920750162,1.0
AHU21,VAE,165865,MAPLE,0.2998647976538194,False,1.335337741718044,0.9999999999818182,0.1741582647585653,-0.9641941089186584,3.3820476833116744,1.1610413048033583,False,-0.0355610122020839,False,6,2.675681030317329e-05,168.16714582450524,,0.7993705855759182,0.0
AHU21,VAE,165865,SHAP,0.9768838909498356,False,2.281633515231962,0.999999999984127,-0.6061667823627914,0.0600853793087202,1.9482874754112007,2.2118447785216446,False,0.2156862745098039,False,6,0.0001234555534781,504.67873856599806,,0.5630597326777529,1.0
AHU21,VAE,165869,LIME,1.0558385092140008,False,2.429136884277355,0.999999999984127,-0.2219570759584321,0.0279753099562455,7.48335941736799,1.7362230407817676,False,0.3455882352941176,False,6,8.809068479302656e-05,1197.261597998688,,0.4884276912780545,1.0
AHU21,VAE,165869,MAPLE,0.3331695703634398,False,1.4203706524514452,0.9999999999818182,0.2249495746968057,-0.9638357572808252,3.4316097994368424,1.0846181712769405,False,-0.1446965324084794,False,6,1.5031538255212568e-05,141.41299006363226,,0.7800316764059044,0.0
AHU21,VAE,165869,SHAP,0.9246180618187356,False,2.2092237670598043,0.999999999984127,-0.5710941827345919,0.1770764528226405,2.223298983410227,2.3201794487910807,False,0.0416666666666666,False,6,0.0005358485233708,5393.843512124565,,0.5927330442373887,1.0
AHU21,VAE,165877,LIME,1.0416442871961384,False,2.4563662741283645,0.999999999984127,-0.2155856903534866,0.027380811555049,7.009227763742528,1.8021222351396773,False,0.2892156862745098,False,6,8.376928291499889e-05,955.2477327748044,,0.4741959356148874,1.0
AHU21,VAE,165877,MAPLE,0.3901165537231638,False,1.4304321861236005,0.9999999999818182,0.1969164766441856,-0.960360496269188,3.484655171144093,1.1194165099304,False,-0.0110361762006467,False,6,1.5857285531797907e-05,127.45887489194394,,0.7794525201444845,0.0
AHU21,VAE,165877,SHAP,0.953021879166396,False,2.2369448273975303,0.999999999984127,-0.5871405033411057,0.1290098245797923,1.9829395383698465,2.4512091166845087,False,0.2818627450980392,False,6,0.0001713703678802,1700.8359585155044,,0.5793337869740954,1.0
AHU21,VAE,169883,LIME,0.846757737201595,False,2.4216983676104644,0.999999999984127,-0.1224283336338862,0.0960774866676399,7.675931039335544,1.4900749589704183,False,0.1764705882352941,False,3,9.744334126538847e-05,235.14020997083583,,0.492451447751729,1.0
AHU21,VAE,169883,MAPLE,0.305113005797817,False,1.3783289107625971,0.9999999999818182,0.0488552453557387,-0.9105445473589076,2.8357178047403298,0.9183532818052148,True,0.1226241800071859,False,3,5.260741465823212e-05,77.03042180427514,,0.7933067751801602,0.0
AHU21,VAE,169883,SHAP,0.5077369488774031,False,1.8716442862794544,0.999999999984127,-0.966728227977309,0.3529620895004992,1.7961829507890468,1.2250599832811295,False,-0.0441176470588235,False,3,0.0054744912994296,7210.857147935083,,0.7039556523911066,1.0
AHU21,VAE,169892,LIME,1.052875608192597,False,2.4314680041406294,0.999999999984127,-0.0766872886396688,0.1288610368911651,8.851473855937,1.673772107690781,False,0.502450980392157,False,3,0.0002104228630047,2583.996166684491,,0.4885788555207584,1.0
AHU21,VAE,169892,MAPLE,3.410680306340125,False,2.410549553830036,0.9999999999818182,-0.0928438145669303,-0.3221580182523193,4.061176438931879,6.7048704627929405,False,0.1103617620064673,False,3,0.0003382007723965,4151.664154083539,,0.485486262420742,0.0
AHU21,VAE,169892,SHAP,0.7879239488768245,False,2.1852887488159385,0.999999999984127,0.0957017926119788,0.176438874062655,1.847365418422459,2.195385126388068,False,0.0637254901960784,False,3,0.0003298623575332,6640.121418514884,,0.6008186040047849,1.0
AHU21,VAE,169895,LIME,0.8761367159279517,False,2.4308894803836085,0.999999999984127,-0.2556514223365573,0.1053973289764939,8.209152382508112,1.5582302546229414,False,0.2401960784313725,False,3,0.0001704776336435,182.17820551098308,,0.4874401155552099,1.0
AHU21,VAE,169895,MAPLE,0.3248486710487803,False,1.5051537158894088,0.9999999999818182,0.0674733025170625,-0.9073151896026872,2.5248909700101905,0.9069023755686184,False,-0.0282035614016527,False,3,0.0002324521793897,335.401843164938,,0.7627801338540381,0.0
AHU21,VAE,169895,SHAP,0.65455473965916,False,2.1785074561015545,0.999999999984127,-0.905889406899109,0.2891555588033973,1.566302710638556,1.3391530434230274,False,0.0661764705882353,False,3,0.0003013984376202,225.8657013756205,,0.6063594355803209,1.0
AHU21,VAE,169899,LIME,0.8311727715089633,False,2.4340810390790124,0.999999999984127,-0.2513473157617374,0.093237267273144,6.296537009756623,1.5152063383455494,False,0.1911764705882353,False,3,0.0001441685724774,163.48797676571547,,0.4878547606850668,1.0
AHU21,VAE,169899,MAPLE,0.2725973022862621,False,1.3047263119269303,0.9999999999818182,0.0519195657815457,-0.9227358862351308,2.8334072899067637,1.0222286784340289,False,0.1692213684099166,False,3,0.000276695100562,258.84305532262374,,0.8108517211865607,0.0
AHU21,VAE,169899,SHAP,0.57140598115955,False,2.1705127351839115,0.999999999984127,-0.9244120879572536,0.2288639236808819,1.6999308826577575,1.4345071120498136,False,0.3700980392156863,False,3,0.0004959931691053,461.5611592643054,,0.6033666874807069,1.0
AHU21,VAE,169905,LIME,0.9156263786241124,False,2.446361962839112,0.999999999984127,-0.2439029760208843,0.0990889989259306,6.593803431152964,1.555272888031592,False,0.2720588235294118,False,3,0.000131389776637,198.73153161788656,,0.4801827002893659,1.0
AHU21,VAE,169905,MAPLE,0.2794657448979336,False,1.3899322042846187,0.9999999999818182,0.0421829005825111,-0.9059928558954652,2.6483258146335737,0.9394633177194688,False,0.1961986880114975,False,3,0.0031945799499368,2479.269496550018,,0.798328229878211,0.0
AHU21,VAE,169905,SHAP,0.5606645696003126,False,2.0488540188382443,0.999999999984127,-0.9657933657215608,0.2843817823459533,1.9025714215659384,1.222698026835765,False,0.0686274509803921,False,3,0.0053472122715021,9858.783427631024,,0.6473733220374098,1.0
AHU21,VAE,186820,LIME,1.0412741602778512,False,2.4005870518061267,0.999999999984127,0.1483272815315368,0.201584170169684,8.437838951518838,1.7443269294378798,False,0.3897058823529412,False,4,0.0001455539376205,681.2279617020707,,0.5030266525669236,1.0
AHU21,VAE,186820,MAPLE,4.541168896150791,False,2.332347667718864,0.9999999999818182,-0.0916839158460667,-0.6850818065724095,4.091283731260125,6.721367522264409,False,0.2170447986127191,False,4,0.0003045372790936,1033.541989606975,,0.5293147181277965,0.0
AHU21,VAE,186820,SHAP,0.769334511463504,False,2.09438399011725,0.999999999984127,0.256916185067531,0.2311897201997249,2.0967694641170285,1.6917244748263067,False,0.2083333333333333,False,4,0.0002918335397759,431.1588599008213,,0.6181687173152215,1.0
AHU21,VAE,186832,LIME,1.0136617956720808,False,2.422168655940006,0.999999999984127,0.1541317118386663,0.1927264055011441,7.163938539747976,1.750192785753931,False,0.3357843137254902,False,4,0.0001843498996831,522.281790608625,,0.4928946507628469,1.0
AHU21,VAE,186832,MAPLE,0.3273212356443992,False,1.662066128916141,0.9999999999818182,-0.0496474647463855,-0.8685482602163092,2.751530943087241,1.1989331012848037,False,-0.0012262418000718,False,4,0.0002962131248777,1173.007216173635,,0.7447264526067143,0.0
AHU21,VAE,186832,SHAP,0.710972630034917,False,2.1990255287530984,0.999999999984127,0.1513686776210835,0.2241199486960119,1.7336110887892535,1.624676477504842,False,0.1151960784313725,False,4,0.0003852527187714,530.7605536519544,,0.5744037311136642,1.0
AHU21,VAE,189380,LIME,1.254906977546822,False,2.412605134006547,0.999999999984127,-0.3940218610858188,-0.0655993569928781,9.357777479081118,2.0227556521088568,True,0.4754901960784314,False,6,0.000100977616814,1693.3244227485343,,0.4982363681336538,1.0
AHU21,VAE,189380,MAPLE,1.5185933532225075,False,1.8060078682533125,0.9999999999818182,0.0337885987059663,0.7229978341720356,2.3866329954072603,2.1432295983790044,True,-0.3286328024192583,False,6,0.0009780339248271,5135.547781780278,,0.711013662743383,0.0
AHU21,VAE,189380,SHAP,0.6416187535200328,False,1.7733248200676308,0.999999999984127,-0.7825374661914555,-0.2727378679862318,1.4631426878021137,1.4801209703164444,True,0.2009803921568627,False,6,0.0002514790095624,1152.8696346546812,,0.7054824831866261,1.0
AHU21,VAE,190544,LIME,1.3496392592756417,False,2.38730547724696,0.999999999984127,-0.7362377443412486,-0.3387545321039111,9.20639426977242,1.9499534247714936,True,-0.0955882352941176,False,7,2.980142657997377e-05,28291.59171614225,,0.510762442829021,1.0
AHU21,VAE,190544,MAPLE,1.7629898380429991,False,2.259175944702702,0.9999999998571428,0.1074709775908067,0.4082495234920831,3.6889785064045046,2.7874602653516067,True,0.2836058832046229,False,6,0.3206649940187571,27288874.83613332,,0.5531282688443744,0.0
AHU21,VAE,190544,SHAP,1.6520922950988617,False,2.329666598439464,0.999999999984127,-0.7260805584354979,-0.561522273537685,2.284730518737472,4.086843245091751,True,0.2156862745098039,False,9,7.519118181797113e-05,409.4333964694364,,0.5039222204978471,1.0
AHU21,VAE,190554,LIME,1.329274690519198,False,2.4022216298414043,0.999999999984127,-0.7148053399439347,-0.3301188417048763,11.128451013261556,1.8287590813610164,True,-0.0122549019607843,False,10,2.6031146918777927e-05,933.862595424734,,0.5017811213620913,1.0
AHU21,VAE,190554,MAPLE,1.694303673826839,False,2.2417362325990062,0.9999999998571428,0.0943762336857747,0.4316615260552497,2.7124483560588177,3.044133274127369,True,0.2355161899655781,False,6,0.3648858384985095,49350411.16221488,,0.5579600194153681,0.0
AHU21,VAE,190554,SHAP,1.852442559366417,False,2.3428545175344,0.999999999984127,-0.736271430524023,-0.5489125239316968,2.3444134065079374,4.231282541726018,True,0.3455882352941176,False,10,8.874790828974764e-05,2345.967982399424,,0.501391469743772,1.0
AHU21,VAE,190574,LIME,1.3332431952458474,False,2.3760652043011983,0.999999999984127,-0.7349543991811703,-0.3753649730335779,10.2016753188919,1.887169607661564,True,0.0539215686274509,False,0,9.207052797684194e-05,3047.972563953568,,0.5156491049693773,1.0
AHU21,VAE,190574,MAPLE,1.9380973522843588,False,2.496625537137448,0.9999999999818182,0.2962507027656441,0.4169681577504797,3.1773264062876145,4.112534218225335,True,0.2992029992175337,False,4,5.474771300965127e-05,6229.869980902693,,0.4225974257652057,0.0
AHU21,VAE,190574,SHAP,1.830100301199849,False,2.276986283488936,0.999999999984127,-0.6998292727852192,-0.573253560466155,1.9884552742293715,3.745252028935693,True,0.232843137254902,False,8,0.0001130141116219,2161.558842831708,,0.5232289381118773,1.0
AHU21,VAE,191102,LIME,1.3404142710573774,False,2.4100214601059986,0.999999999984127,-0.3702874990465881,-0.1101435067213433,9.50749729129404,1.919317433006831,True,-0.0220588235294117,False,7,0.0001139937434656,176312.13874681477,,0.4991437568745586,1.0
AHU21,VAE,191102,MAPLE,0.1928385501628971,False,1.4682196117568074,0.9999999999818182,0.1431591691249159,0.832669940002457,1.1027238697057675,1.045068723750381,True,-0.2673207124156653,False,7,2.1143806784939827e-05,46357.88619796511,,0.7785819698608092,0.0
AHU21,VAE,191102,SHAP,0.9061597179140688,False,2.00580786990211,0.999999999984127,-0.6433796911035943,-0.4290967350255121,1.9022622003424927,2.278532045969183,True,0.1642156862745098,False,7,0.0002697793363748,53688.357112685066,,0.6658376432766914,0.0
AHU21,VAE,191529,LIME,1.3503626510681237,False,2.385580761925372,0.999999999984127,-0.7394401974235439,-0.1471069046650938,9.695250724721848,1.908299990010275,True,0.1004901960784313,False,10,3.10056783147546e-05,224.84065170196345,,0.5110031360689158,1.0
AHU21,VAE,191529,MAPLE,2.075722661011748,False,2.486934394623828,0.9999999999818182,0.0251337204799369,0.3034364334545004,2.9094869107801054,3.956363227599124,True,0.0061312090003592,False,8,3.390915018254634e-05,170.32797096782207,,0.4381673494561611,0.0
AHU21,VAE,191529,SHAP,2.4025725685353985,False,2.547086400607011,0.999999999984127,-0.5240417957888848,-0.3249326073096274,1.9468888322046176,5.811582601051084,True,0.1838235294117647,False,10,5.410044881572567e-05,191.20072266000764,,0.4190056065308916,1.0
AHU21,VAE,192043,LIME,1.3928500669826074,False,2.400173323421741,0.999999999984127,-0.6472893149620764,-0.0469216194974537,9.861140563604598,2.1686911875454067,True,0.1936274509803922,False,3,0.0001099202731986,459.54817601402,,0.5042900638372065,1.0
AHU21,VAE,192043,MAPLE,0.4431113385722484,False,1.2701573050577342,0.9999999999818182,-0.0340196865580421,0.8424743780985035,3.600396403111996,1.100416679575423,True,0.3985285850233543,False,2,3.377962088091698e-05,302.2181037359778,,0.8235693580477577,0.0
AHU21,VAE,192043,SHAP,1.4880536272695872,False,2.253338879306673,0.999999999984127,-0.5529956080778994,-0.1975231545948989,2.159309658407921,4.0161348282206015,True,0.3921568627450981,False,2,0.0003346820123836,907.8566376290566,,0.5760214799807661,1.0
AHU21,VAE,192734,LIME,1.310049817461414,False,2.4121242211921627,0.999999999984127,-0.7413685628368968,-0.268515303369096,9.616624252574406,1.9037776276119824,True,0.1102941176470588,False,7,2.8477351812099467e-05,1533.6405622542434,,0.4978117627414305,1.0
AHU21,VAE,192734,MAPLE,1.5745619173721357,False,2.3351193645128947,0.9999999998571428,0.2164359819453866,0.3394878702090091,3.1146184950126083,3.379390170244748,True,-0.201474809612837,False,3,0.3230552445617429,20070843.316261567,,0.5249585247368128,0.0
AHU21,VAE,192734,SHAP,2.3936740177346305,False,2.535133564264532,0.999999999984127,-0.6790098977616283,-0.2246776315505977,2.356382000368842,5.974259839667749,True,-0.1176470588235294,False,2,0.0001208458968135,246.69719141123736,,0.4188252901632974,1.0
AHU21,VAE,198708,LIME,1.404580707060351,False,2.39621290232762,0.999999999984127,-0.7327955379444103,-0.2305467076099662,8.652592739313974,1.9214017191409576,True,0.1004901960784313,False,6,3.2979730746600075e-05,480.0762758996295,,0.5059550619293771,1.0
AHU21,VAE,198708,MAPLE,2.22469444628579,False,2.241743271070651,0.9999999998571428,0.2354853158419963,0.4105231160206359,4.072176865678501,4.965722775279759,True,-0.2678140761926736,False,2,0.2676226475949676,7997943.3778057,,0.5692005525227736,0.0
AHU21,VAE,198708,SHAP,2.127160639012489,False,2.481153199277466,0.999999999984127,-0.6927827984081711,-0.2177536170016825,2.097203304010026,5.413051879206043,True,-0.2892156862745098,False,9,0.0001583378690451,1095.7830757481036,,0.443923021572512,1.0
AHU21,VAE,198814,LIME,1.3220549195555833,False,2.3880268180546365,0.999999999984127,-0.7412748316530835,-0.242350324374226,10.230125752627428,1.8876569142551385,True,-0.1397058823529411,False,8,3.465930346352295e-05,1115.535059632094,,0.5106357189701942,1.0
AHU21,VAE,198814,MAPLE,1.278008457343533,False,2.1674176277870414,0.9999999998571428,0.1242052135977667,0.3125322872859443,3.055370009579285,2.567942853315169,True,-0.1290421903309434,False,5,0.4815279477041742,6761752.935230122,,0.5996928171082956,0.0
AHU21,VAE,198814,SHAP,2.012031892683847,False,2.452747809816752,0.999999999984127,-0.6850681319115037,-0.2430727206391542,1.9648421971881576,5.22607654654675,True,0.1225490196078431,False,10,0.0001106584359827,1420.9605829355069,,0.4466369421962908,1.0
AHU21,VAE,198842,LIME,1.3755368694973134,False,2.43671371756395,0.999999999984127,-0.7387252370385062,-0.1454667191461451,10.89211056552772,1.962583547531248,True,0.1102941176470588,False,7,2.6382499140990817e-05,139.183584764756,,0.4827009721748973,1.0
AHU21,VAE,198842,MAPLE,3.0842632461481645,False,2.417319906105087,0.9999999999818182,-0.0682279969712791,-0.0483446242787528,3.4665115471622783,6.402285644161247,True,-0.3114654172182523,False,5,0.0007153427467533,6355.221894509581,,0.4896980138308193,0.0
AHU21,VAE,198842,SHAP,2.3046359074075338,False,2.543829284197209,0.999999999984127,-0.5081102600013291,-0.2144698555713003,2.6011545791520296,6.638500352530709,True,0.2696078431372549,False,10,6.035491672792184e-05,351.06918841861307,,0.421582220047547,1.0
AHU21,VAE,210411,LIME,0.8788470988972827,False,2.4029173970494737,0.999999999984127,-0.5917162157502674,-0.194934609139794,7.893496791479526,1.3422665005009995,True,0.4950980392156863,False,5,4.107299765699865e-05,97.90945945675313,,0.5033876427640593,1.0
AHU21,VAE,210411,MAPLE,0.3828024555443147,False,1.5692394125885565,0.9999999999818182,-0.1570122476868808,0.8659210640017944,3.259099040913878,1.0237444604170187,True,0.288166823016887,False,5,6.566601753633137e-05,112.94193060081044,,0.7434616758035464,0.0
AHU21,VAE,210411,SHAP,0.4297926756587333,False,1.891920629785299,0.999999999984127,-0.9637843878612172,-0.2804487789396307,1.814511602940944,1.1593712915152272,True,0.1568627450980392,False,5,8.893967064358099e-05,412.6923591580882,,0.6886331502506808,1.0
AHU21,VAE,239412,LIME,1.0350477554764002,False,2.3856070170320547,0.999999999984127,0.1648180949097766,0.0810364698369109,8.554006002334885,1.735116024645658,False,0.2843137254901961,False,4,0.0003324851684004,353.20370614783286,,0.5104981368527498,1.0
AHU21,VAE,239412,MAPLE,0.5056537755120057,False,1.1721140447607832,0.9999999999818182,-0.0454033072683807,-0.7667799288077342,5.747632676139422,1.2149049595993326,False,0.375229990821989,False,4,0.0001964053418152,438.5397767001215,,0.8404778673666299,0.0
AHU21,VAE,239412,SHAP,0.8491786288416366,False,2.1423988122317112,0.999999999984127,0.2229807012113275,0.2242617701578338,1.9586167545199615,2.024958777354154,False,-0.0735294117647058,False,4,0.0011541537253542,896.2280545370998,,0.6123363047275285,1.0
AHU21,VAE,240053,LIME,1.3995395721020478,False,2.3837284948865163,0.999999999984127,-0.7773871816906457,-0.1081363589119339,8.93603911482701,2.32506455425282,True,0.1029411764705882,False,0,7.977312404445588e-05,601.5281214079646,,0.5125042655979897,1.0
AHU21,VAE,240053,MAPLE,0.5281213087069211,False,1.556295631963322,0.9999999999818182,-0.1960199136649378,0.8516129896639809,2.819680868215988,1.355222630209307,True,0.4120172448241448,False,3,0.0002607647410944,1468.7707942002169,,0.7290902485061156,0.0
AHU21,VAE,240053,SHAP,1.5288458880036944,False,2.423663765303362,0.999999999984127,-0.6753120155699953,-0.1317934908392652,1.8679329396791464,4.767680752964312,True,0.5416666666666667,False,3,5.037946513387918e-05,164.16722338464916,,0.4953207524725777,1.0
AHU21,VAE,240405,LIME,1.4483632253255312,False,2.3983108252041427,0.9999999998,-0.7500315058569429,-0.1130987813467573,12.77312764914773,2.1744447140747325,True,0.1764705882352941,False,1,9.004114280604456e-05,404.4917026767961,,0.5045692852331967,0.0
AHU21,VAE,240405,MAPLE,0.5795164927448352,False,1.6404940115057514,0.9999999998,-0.2166517395164882,0.7812572942371843,2.824763584572853,1.4368972110966425,True,0.0012262418000718,False,2,3.905159463467265e-05,247.0727679800828,,0.7289368028663803,0.0
AHU21,VAE,240405,SHAP,2.1098347414966723,False,2.284674415723057,0.9999999998,-0.6526563148499274,-0.2798581213855899,2.9316145502754867,5.460617520865252,True,0.6715686274509804,False,2,0.0001084479471257,265.5225457828219,,0.5505296505699143,1.0
AHU21,VAE,240625,LIME,1.0324013589113583,False,2.38741988404222,0.9999999998,0.1363285872285119,-0.0725286922225389,8.284118731757498,1.7442191961378932,True,0.232843137254902,False,4,0.000159068135115,375.060358084554,,0.5123270421580046,0.0
AHU21,VAE,240625,MAPLE,0.2163750100846896,False,1.3466209423514357,0.9999999998,-0.2863007956880062,0.8375409272008164,3.2929941324600103,0.4605009746889148,True,0.2918455484171026,False,4,4.398686493882135e-05,65.05191234046167,,0.817527761842613,0.0
AHU21,VAE,240625,SHAP,0.8645111630315712,False,2.332793831869508,0.9999999998,-0.0734684961287417,0.1548372581014598,3.9554484740639246,2.257257289312493,True,0.3431372549019608,False,4,8.72640839822347e-05,218.11724907923417,,0.5371692807535615,0.0
AHU21,VAE,240726,LIME,1.478988695230284,False,2.348081839123374,0.9999999998,-0.7437119094489054,-0.2129996340264613,11.124075857083367,2.217831091745352,True,0.3137254901960785,False,2,0.0001017163853201,713.9734343357433,,0.5280863846197708,0.0
AHU21,VAE,240726,MAPLE,0.5841798606513712,False,1.672491860328701,0.9999999998,-0.2016376555395441,0.7043770105732862,2.536547176305921,1.198465865082439,True,-0.1336603562078326,False,2,0.000111888703974,1091.6126417123648,,0.7174447805655622,0.0
AHU21,VAE,240726,SHAP,1.810244629197914,False,2.389201294369907,0.9999999998,-0.6417366647004694,-0.2018107869514073,4.392663794608885,5.208869037761095,True,0.482843137254902,False,1,0.0001675980006433,948.594457862158,,0.4993346182425169,1.0
AHU21,VAE,245409,LIME,1.0838575533022752,False,2.391341514944358,0.9999999998,0.1950510261650329,-0.0674261346945083,7.478999010849922,1.8122032977504656,True,0.267156862745098,False,4,0.0002036686446177,394.5131091230062,,0.5087734940853886,0.0
AHU21,VAE,245409,MAPLE,0.3371705185957864,False,1.2411781333673626,0.9999999998,-0.1247503195217141,0.8444488748955133,5.497856318903889,1.2388655227746177,True,0.3715512654217734,False,4,9.361516518578552e-05,253.96868698915628,,0.835052427303425,0.0
AHU21,VAE,245409,SHAP,0.7515320295420491,False,2.0775673568667834,0.9999999998,0.2066350204122966,-0.1673923757237329,4.603524366544747,1.9776236235894995,True,0.1225490196078431,False,4,0.000292796886795,248.02295280585017,,0.6167619904337468,0.0
AHU21,VAE,249893,LIME,1.0539350853162512,False,2.3966301801665444,0.9999999998,-0.5020273116299364,-0.1848924876126438,8.146618806615047,1.8349079012381784,True,0.4191176470588236,False,4,0.0001977391138191,1082.4826128182185,,0.5050822764534765,1.0
AHU21,VAE,249893,MAPLE,0.3784448900296593,False,1.537299990807445,0.9999999998,-0.007646021806061,0.7643823878910482,2.1773679517675424,1.001351846965686,True,0.2832618558165996,False,4,7.346992502057043e-05,251.9235957311788,,0.7710258347584112,0.0
AHU21,VAE,249893,SHAP,1.028306172563374,False,2.124744935852032,0.9999999998,-0.7581579406694644,-0.2889193203560234,3.9376255350986793,2.4190857237923464,True,0.196078431372549,False,4,0.000367833113975,731.2619928769763,,0.6171718337132227,0.0
AHU21,VAE,252759,LIME,1.1060213561511787,False,2.400564893975824,0.9999999998,0.1295970806416154,-0.0270588238706232,8.36422059024278,1.8468320445917887,True,0.2230392156862745,False,5,0.0001205049354385,753.1134402914264,,0.5040256337942663,1.0
AHU21,VAE,252759,MAPLE,0.3126665768139611,False,1.236323296640275,0.9999999998,-0.0862007329915798,0.8821283705738466,2.7309485488328624,1.109071070207474,True,0.1434702906084075,False,5,3.310524672809045e-05,102.9952303323649,,0.82795743450929,0.0
AHU21,VAE,252759,SHAP,1.041185834912244,False,2.103689138633934,0.9999999998,0.4458905729240677,-0.1742075539814265,3.496051997713696,2.622418032849221,True,-0.1004901960784313,False,5,0.0006855828909826,602.7013229797485,,0.6253120930847781,0.0
AHU21,VAE,43465,LIME,1.1086420551616114,False,2.478658826903154,0.999999999984127,-0.6730067498771992,-0.2464922166587639,7.970621749673683,1.839364069158027,True,0.4754901960784314,False,4,0.0001280788180302,566.4060817434207,,0.4603737595446793,1.0
AHU21,VAE,43465,MAPLE,0.8326953741007387,False,1.4755511060513549,0.9999999999818182,-0.0055184412864266,0.7633328507531472,2.0800949796590293,0.9726662751428824,True,-0.2857143394167432,False,4,0.0003074562180755,629.7211442879237,,0.7825589076096907,0.0
AHU21,VAE,43465,SHAP,0.8144494299071995,False,2.275078861552545,0.999999999984127,-0.5666210109732479,-0.2522514735995045,1.679063901382466,1.9544307749060643,True,0.1691176470588235,False,4,0.0002563165955858,719.9874481759433,,0.5475817516931614,1.0
AHU21,VAE,60711,LIME,1.2387262137299018,False,2.4188195759261597,0.999999999984127,-0.1644383508252186,-0.0411351196646778,9.191004764795862,1.8864936704229376,True,0.3774509803921569,False,8,3.386196883241668e-05,170.21897335204957,,0.4956176890103047,1.0
AHU21,VAE,60711,MAPLE,0.897589182602854,False,1.9685866448049216,0.9999999999818182,0.4145423453164403,0.7334099786464875,3.2021561652475574,1.4280128334342517,True,0.2305334584135095,False,8,8.180844562344915e-05,344.04020782457474,,0.6806795355154179,0.0
AHU21,VAE,60711,SHAP,0.3277274178803968,False,1.3489035710504225,0.999999999984127,-0.9925677407105604,-0.80001104410377,1.4301634276025394,0.7150065306688177,True,0.4779411764705882,False,8,4.175179777122037e-05,169.35466139915664,,0.7917464368496423,1.0
AHU21,VAE,62404,LIME,1.304778908222698,False,2.412199161682292,0.999999999984127,-0.7521849517462831,0.0253760476085714,8.843249989635789,1.8568213626875605,True,0.2132352941176471,False,8,3.733675106304154e-05,113.2253773476415,,0.4975618951499491,1.0
AHU21,VAE,62404,MAPLE,1.718413742434246,False,2.3488236633576984,0.9999999999818182,0.2459377048232308,-0.1876555866443534,4.018824520034724,3.046256942354053,True,-0.1081084344264003,False,7,0.1004272131317466,325679.4414608647,,0.5079432297286621,0.0
AHU21,VAE,62404,SHAP,1.4369085969132542,False,2.339089769536816,0.999999999984127,-0.6463916458825962,-0.0895808449149642,2.255090989628788,3.5747542830022425,True,0.0098039215686274,False,8,0.0001167813640659,167.89779193543478,,0.5098436632190781,1.0
AHU21,VAE,64473,LIME,0.9799281216967856,False,2.420483726201452,0.999999999984127,-0.5081924867915012,-0.26454552496578,8.007422459728256,1.6135709844264488,True,0.627450980392157,False,4,0.0001934880480062,481.21368265340055,,0.4947202658571461,1.0
AHU21,VAE,64473,MAPLE,0.2956439506038833,False,1.684022145673138,0.9999999999818182,-0.1167556667313127,0.8205195833410026,3.4940223142959765,1.274466602097605,True,0.2489270854145874,False,4,3.4858624839282336e-05,242.9964512372718,,0.7249817557646506,0.0
AHU21,VAE,64473,SHAP,0.3802938877269634,False,1.6040301460864632,0.999999999984127,-0.9745067249699804,-0.3716124465170838,1.707074915825499,0.8937703455367928,True,-0.0735294117647058,False,4,0.0002026879329921,534.5440563363638,,0.7415351444137169,1.0
AHU21,VAE,64782,LIME,0.8594008233988392,False,2.4292060500891197,0.999999999984127,-0.5309202106781957,-0.2672551809401349,6.635704396431103,1.5539143221576028,True,0.5416666666666667,False,3,0.0001647018202139,500.5672464643805,,0.4879388393861137,1.0
AHU21,VAE,64782,MAPLE,0.2594163832939604,False,1.6844112301216068,0.9999999999818182,-0.1014131908920602,0.8640504124473275,2.552844648769098,1.1301720351367088,True,0.2170447986127191,False,3,4.667210142294341e-05,123.42276763829396,,0.7191311418443777,0.0
AHU21,VAE,64782,SHAP,0.3207728398019956,False,1.5172491592087978,0.999999999984127,-0.9878768346419088,-0.3067807952678358,1.7261948347779916,0.8141392005764924,True,0.1225490196078431,False,3,0.0002621170462828,592.0115996307126,,0.7657193633332801,1.0
AHU21,VAE,64794,LIME,0.844428705586254,False,2.4328504514175044,0.999999999984127,-0.5377817492918237,-0.2786310981663851,7.210650482140495,1.499515610844438,True,0.5980392156862745,False,3,0.000107137731011,752.8196421940808,,0.4888127366522577,1.0
AHU21,VAE,64794,MAPLE,0.3131917801975639,False,1.643943925371313,0.9999999999818182,-0.1076457400207255,0.8232068154360703,3.2300240691996813,1.101572649791987,True,0.2452483600143719,False,3,0.0001090881374304,327.580241079194,,0.7440361479150256,0.0
AHU21,VAE,64794,SHAP,0.3637729081632873,False,1.5562278359931172,0.999999999984127,-0.9652827451479908,-0.3356654209303752,1.4880410130708912,0.8597287628249866,True,0.1642156862745098,False,3,0.0001969335584431,438.85256794297374,,0.7607271702286073,1.0
AHU21,VAE,64795,LIME,0.8875957811271087,False,2.3994530970417816,0.999999999984127,-0.5365914518815295,-0.2645408058056286,6.990805143211879,1.509952241503582,True,0.5245098039215687,False,3,0.0001176373205775,342.8618648714644,,0.505022405588137,1.0
AHU21,VAE,64795,MAPLE,0.3799815938369424,False,1.643943925371313,0.9999999999818182,-0.1051615871246043,0.8230956532587561,3.003826153051205,1.081994147757329,True,0.2746781632160965,False,3,9.188736760525648e-05,374.083706127728,,0.7440361479150256,0.0
AHU21,VAE,64795,SHAP,0.3477153776856202,False,1.605798436118567,0.999999999984127,-0.9796964448831788,-0.333285998509122,1.8078703163081984,0.8387433788003589,True,-0.0465686274509803,False,3,0.0016934488499792,2755.37761284714,,0.7577844293563486,1.0
AHU21,VAE,64811,LIME,0.9210622041859888,False,2.429042018653285,0.999999999984127,-0.5461474419388488,-0.2772551010235323,7.288768025850171,1.46405472976984,True,0.6568627450980393,False,3,0.0002274234480959,487.03063381893134,,0.4904149077526339,1.0
AHU21,VAE,64811,MAPLE,0.3660114464175795,False,1.6483381614390509,0.9999999999818182,-0.1084282455261934,0.8247178867594519,3.180484719932085,1.1362335430644797,True,0.3090129336181086,False,3,0.0002343187786171,1132.9930832702366,,0.7431353794256351,0.0
AHU21,VAE,64811,SHAP,0.3986443544855879,False,1.7368741901199332,0.999999999984127,-0.9667327318522688,-0.3468985411070195,1.795959704270515,0.9575915786232712,True,0.0269607843137254,False,3,0.0017758747203659,2596.3166824999184,,0.734744601157609,1.0
AHU21,VAE,77140,LIME,1.3692150201032325,False,2.397358798072428,0.999999999984127,-0.7408933616902663,0.0232709149693003,9.215326506605066,1.9330215421211168,False,0.1838235294117647,False,3,3.801198181935956e-05,205.39637359504331,,0.5063051813427154,1.0
AHU21,VAE,77140,MAPLE,1.4298879795233992,False,1.943177105243911,0.9999999998571428,0.1350474692343611,0.0397293876274421,3.97629371583932,2.088863701180664,False,-0.6055056623221191,False,7,0.4076506240247809,1933733.737132578,,0.6749505901456813,0.0
AHU21,VAE,77140,SHAP,3.329147386664284,False,2.611124429212991,0.999999999984127,-0.6534894150802865,0.1049299028851858,2.0702298887118555,9.01429044512092,False,0.0196078431372549,False,1,0.0004249683447161,900.9447244997872,,0.3671329499245145,1.0
AHU21,VAE,77146,LIME,1.3183359616577843,False,2.4096761098256114,0.999999999984127,-0.7623500127816326,0.0539685342831977,10.800886311347082,1.864333112217348,False,0.1887254901960784,False,1,3.2409469920627016e-05,190.05159657339627,,0.4987723369095111,1.0
AHU21,VAE,77146,MAPLE,1.3684584125839725,False,1.8622064288689544,0.9999999998571428,0.1219538302935456,-0.0312481699665701,3.567616689163682,2.019076819771332,False,-0.6824346604040278,False,4,0.5293313523882486,4102067.721257928,,0.7032282356356487,0.0
AHU21,VAE,77146,SHAP,3.3436600254040543,False,2.612901616389348,0.999999999984127,-0.6769500418594048,0.0785998958626021,2.0926793189312725,9.326582665783276,False,0.1151960784313725,False,3,0.0003234054181444,392.7264281420832,,0.364046501339635,1.0
AHU21,VAE,77154,LIME,1.392459470514312,False,2.4190849167318933,0.999999999984127,-0.768315120312217,0.0536940213177662,9.429951342212368,1.9150779513102412,False,0.2426470588235294,False,3,3.2424748714614456e-05,251.68720148114224,,0.49435914002315,1.0
AHU21,VAE,77154,MAPLE,1.3652276881800909,False,1.7409500877020108,0.9999999998571428,0.078409661665265,-0.096912215406872,4.62557110912119,2.076005788821339,False,-0.637766209904855,False,4,0.5158956909669509,3121476.333450393,,0.7311574720085403,0.0
AHU21,VAE,77154,SHAP,3.050020451943752,False,2.557788377167808,0.999999999984127,-0.6676639451580384,0.1268591428637803,2.141092220573306,8.537936411653039,False,0.0686274509803921,False,2,0.0021928346072109,11466.707681964812,,0.4025025812238752,1.0
AHU21,VAE,98666,LIME,1.1523451878047533,False,2.429446148144852,0.999999999984127,-0.660821488002829,-0.2223441363099988,8.709614199391629,1.8177491432435215,True,0.6691176470588236,False,4,0.0001929870411219,20465.293098398703,,0.4871587707183563,1.0
AHU21,VAE,98666,MAPLE,2.309627239380334,False,2.1513634291240544,0.9999999999818182,0.0262284284391273,0.840691135172698,2.572754640533213,3.3112329999054797,True,-0.095646860405605,False,4,0.0001274671596382,5296.143777615931,,0.5958926834034257,0.0
AHU21,VAE,98666,SHAP,0.844150249302676,False,1.9911244857108212,0.999999999984127,-0.5682021184417312,-0.2151291519172774,2.0232630744833173,1.9030081557279184,True,0.3627450980392157,False,4,0.0003673929831953,2840.286592181544,,0.6351438242220023,1.0
AHU21,VAE,98980,LIME,1.0631548836413325,False,2.4020869957382542,0.999999999984127,0.1015597646858234,-0.2044470773586916,7.643618724008382,1.949101536253507,True,0.3700980392156863,False,3,0.0003542672496185,623.5808541530988,,0.5035498418791264,1.0
AHU21,VAE,98980,MAPLE,2.1686597153458878,False,2.184459892371612,0.9999999999818182,-0.1041248547248917,0.8131454124870464,2.6443666039039497,3.034265154657896,True,0.1103617620064673,False,3,0.0002687002552633,394.9911114375381,,0.5871493487875785,0.0
AHU21,VAE,98980,SHAP,1.182117178574795,False,2.33731070295388,0.999999999984127,0.2538680490423438,-0.2426628650452441,1.786678417360992,2.638845218862637,True,-0.0784313725490196,False,3,0.0006921665016203,1135.2628282207131,,0.5312261888848389,1.0
ARAMIS20,AutoEncoder,11917,LIME,0.9560712594564624,False,1.6378816548351274,0.9047619047475436,0.7521164172511553,-0.5427420362481864,12.01207366779684,1.865645483222493,True,0.5714285714285715,False,1,7.341681830861524,9623.284028079195,,0.4152668751602622,0.8333333333333334
ARAMIS20,AutoEncoder,11917,MAPLE,2.625450517327682,False,1.6263016578497045,0.9047619047475436,-0.2536477440886363,-0.1635421684429519,3.841774345480269,9.325127110816846,True,0.3214285714285715,False,1,330.8096567443636,85684.72543601417,,0.3990275563426345,0.913793103448276
ARAMIS20,AutoEncoder,11917,SHAP,0.97368092535571,False,1.3940419493638356,0.9047619047475436,0.8988204483811597,-0.8501365490867495,3.863940106185353,1.8516306338188944,True,0.5714285714285715,False,1,31.880091368509262,27885.699271007463,,0.5534721890131242,0.9375
ARAMIS20,AutoEncoder,11918,LIME,1.3930940540498091,False,1.6030058294726224,0.9047619047475436,0.4817522303547281,-0.9060445728552604,9.158697170579044,2.407018952305389,True,-0.1071428571428571,False,1,38.57321868178736,,,0.4367669253324651,0.8214285714285714
ARAMIS20,AutoEncoder,11918,MAPLE,0.9434790224546622,False,1.5870583137751206,0.9047619047475436,-0.6002228231180342,0.7624152797551736,2.792779615030934,4.6171338464552365,True,0.1071428571428571,False,1,44.23660112757899,273224.90118113806,,0.4414653590447301,0.9016393442622952
ARAMIS20,AutoEncoder,11918,SHAP,1.3330443487044474,False,1.4128914812362097,0.9047619047475436,0.5346728019996397,-0.9078231951550806,4.807694432175411,2.4446604883313965,True,0.1071428571428571,False,1,,3563.590239230854,,0.5525632475655325,0.9230769230769232
ARAMIS20,AutoEncoder,11919,LIME,0.8811266814317777,False,1.7130621707336624,0.9047619047475436,0.1188307184602135,-0.5619564973128349,7.724700159681373,1.926867612835375,True,0.3214285714285715,False,1,8.027096647276757,6584.724510856156,,0.3193840179360698,0.8387096774193549
ARAMIS20,AutoEncoder,11919,MAPLE,0.6883245971710856,False,1.6089556066677724,0.9047619047475436,-0.4306059024186202,0.762547592648118,2.107523782285196,1.4907296466796711,True,-0.0357142857142857,False,1,16.533604652004644,33703.81671911112,,0.4312651329528482,0.9166666666666666
ARAMIS20,AutoEncoder,11919,SHAP,1.314922550318458,False,1.5577702075619688,0.9047619047475436,0.3316490569656262,-0.7326777289752786,4.179274932506534,2.429803619660716,True,0.0357142857142857,False,1,31.030609423185886,333843.8528316984,,0.4229732662975071,1.0
ARAMIS20,AutoEncoder,11923,LIME,0.6982002751804268,False,1.6469953731063434,0.9047619047475436,-0.3094834300483681,0.5837466116331195,9.470596080133584,1.5008916674999755,True,0.7142857142857144,False,1,4.729946424675206,199.98627855712084,,0.3942374511670787,0.9523809523809524
ARAMIS20,AutoEncoder,11923,MAPLE,3.752026495660687,False,1.6909435696969215,0.9047619047475436,-0.4695896293165939,-0.2461262993230078,4.842636562618695,12.496466665809631,True,0.5357142857142858,False,1,42.41596156043662,1049.792526327621,,0.3625315466390377,0.9298245614035088
ARAMIS20,AutoEncoder,11923,SHAP,0.880979444189814,False,1.732588262220216,0.9047619047475436,-0.4079697546608208,0.3801111488056599,4.129131185678782,1.5472920239980086,True,0.7142857142857144,False,1,,,,0.3555769256635565,0.9166666666666666
ARAMIS20,AutoEncoder,11938,LIME,0.3102281532380543,False,1.7038403052117113,0.9047619047475436,0.3926154273088829,-0.6238987834710772,4.279943154365004,0.9067349005730346,True,-0.3214285714285715,False,1,2.198293672476856,11494.175751947265,,0.3485883013650339,0.8888888888888888
ARAMIS20,AutoEncoder,11938,MAPLE,0.9813557810629469,False,1.6684302757068643,0.9047619047475436,0.008186195665974,0.1631791832868853,4.65023885551799,3.0849468306952645,True,-0.5,False,1,4.32717469023284,6340.566018353626,,0.3905635168002955,0.9016393442622952
ARAMIS20,AutoEncoder,11938,SHAP,0.4801282460689496,False,1.5849853485500995,0.9047619047475436,0.2169968664871248,-0.4079745369186738,2.9235847646739206,1.1383210162158348,True,0.0357142857142857,False,1,18.75908743427056,21014.796420006063,,0.4189524615363645,0.9361702127659576
ARAMIS20,AutoEncoder,18919,LIME,0.9621402499075749,False,1.6294549895693446,0.9047619047475436,0.3625057680837287,-0.517019899671075,8.9077268373899,1.8603456589487528,True,0.25,False,1,,,,0.429463544234569,0.8620689655172413
ARAMIS20,AutoEncoder,18919,MAPLE,1.1691046896738038,False,1.7188160434187365,0.9047619047475436,-0.0210589615857807,0.204858407494711,5.257452031184419,3.451067587061509,True,0.25,False,1,,,,0.3524785679639055,0.9016393442622952
ARAMIS20,AutoEncoder,18919,SHAP,0.769616129363785,False,1.3191466605248403,0.9047619047475436,0.1737287651255183,-0.5044920294782794,3.6298132380455206,1.229054999885523,True,0.0357142857142857,False,1,,,,0.5817964934477888,0.8888888888888888
ARAMIS20,AutoEncoder,18920,LIME,0.7579952548938949,False,1.6244795868537671,0.9047619047475436,0.4736278289345154,-0.1325265038803075,8.188402221710884,1.750345272712141,True,0.4285714285714286,False,1,,,,0.4220305511529061,0.896551724137931
ARAMIS20,AutoEncoder,18920,MAPLE,1.486103337727735,False,1.765345005287715,0.9047619047475436,0.7625654933871261,0.0447456942183546,4.867798246206109,2.570572015371759,True,0.5,False,1,,,,0.3187451616436355,0.9016393442622952
ARAMIS20,AutoEncoder,18920,SHAP,0.8385789101374218,False,1.678170538194233,0.9047619047475436,0.2297873762443737,-0.3775471149241656,4.333565686072848,1.4085434523078937,True,0.5357142857142858,False,1,,,,0.3835607176272527,0.9375
ARAMIS20,AutoEncoder,18923,LIME,0.727325997011069,False,1.7006840021824663,0.9047619047475436,0.5327463269290311,-0.5319617048287347,7.208345532431648,1.8015113457380392,True,0.1428571428571428,False,1,2.813245023408388,29276.357337064263,,0.3825579597185046,0.8974358974358975
ARAMIS20,AutoEncoder,18923,MAPLE,0.9143030581328636,False,1.8067484987713576,0.9047619047475436,0.4835680099619601,-0.2415430270479511,6.234391297705376,2.172673985468606,True,0.1071428571428571,False,1,6.526399878400839,5695.176589827953,,0.2262453826668697,0.9016393442622952
ARAMIS20,AutoEncoder,18923,SHAP,0.6615871404627162,False,1.5920709139193314,0.9047619047475436,0.5096006994640134,-0.731911743171267,4.826339742443413,1.2153668983728851,True,0.6071428571428572,False,1,3.707286536815881,742.3797338030616,,0.4528202621448243,0.925925925925926
ARAMIS20,AutoEncoder,18958,LIME,0.9362972689730308,False,1.7445417553427218,0.0793650793638196,0.4564222737566227,-0.1791029335136256,8.684797890140368,1.953416305875955,True,0.6785714285714287,False,1,,,,0.3454296224539497,0.1063829787234042
ARAMIS20,AutoEncoder,18958,MAPLE,0.6104569264546114,False,1.813951594525602,0.0793650793638196,0.520862809871393,0.3346169483781411,6.469650708575832,2.1345405276403997,True,0.4642857142857144,False,1,,,,0.2735572852265543,0.081967213114754
ARAMIS20,AutoEncoder,18958,SHAP,0.4618556090177732,False,1.2900691050960202,0.0793650793638196,0.7675834331293103,0.2824541626209428,3.50407703406502,0.7811087947295254,True,0.1071428571428571,False,1,,,,0.5915582127103512,0.1666666666666666
ARAMIS20,AutoEncoder,20951,LIME,1.392773816983517,False,1.6739467506260288,0.9047619047475436,0.5862129546549586,-0.8412379794525938,8.688246621359388,2.284640600765374,True,0.1071428571428571,False,1,16.40502441257543,2172700.9865898257,,0.3805677168751821,0.8275862068965517
ARAMIS20,AutoEncoder,20951,MAPLE,0.8314920533424028,False,1.5450561011176625,0.9047619047475436,-0.6950283151479195,0.6764812629843471,3.928892528946786,3.292458150081336,True,0.5,False,1,,37013.575748558935,,0.4710266547214623,0.9016393442622952
ARAMIS20,AutoEncoder,20951,SHAP,1.3479578470915663,False,1.4825345167884072,0.9047619047475436,0.6498435462654579,-0.8764752286274118,4.807127243464929,2.4953451557821094,True,0.0,False,1,,38407.19895879917,,0.5179195656109857,0.9487179487179488
ARAMIS20,AutoEncoder,20990,LIME,0.2844214968325892,False,1.8293108100890971,0.9047619047475436,-0.3274175305627028,-0.7822122631138971,3.712010920733909,0.9195282923091016,True,0.3214285714285715,False,1,0.0360490525288183,10.07660708424252,,0.2657000704077829,0.9142857142857144
ARAMIS20,AutoEncoder,20990,MAPLE,0.6771481387004639,False,1.4308869706795777,0.9047619047475436,0.5274611607923952,0.5586539106630162,4.00090269269177,1.905623273528179,True,-0.5357142857142858,False,1,5.340428167348484,1066.2262638656323,,0.5375812527675531,0.8983050847457628
ARAMIS20,AutoEncoder,20990,SHAP,0.3445596145321073,False,1.5827415627945736,0.9047619047475436,-0.6080593600280879,-0.5425715915280026,1.8971618728517416,0.873102122013717,True,0.5714285714285715,False,1,0.1732893441019178,47.55648078715468,,0.4581007836179683,0.9302325581395348
ARAMIS20,AutoEncoder,271817,LIME,0.3154331127624764,False,1.7425784215002755,0.9047619047475436,-0.5104268582029138,-0.5301526208220476,5.005654513863719,0.7344876297743289,True,0.2142857142857143,False,1,2.130296590031406,9366.754035579586,,0.3445085413238812,0.90625
ARAMIS20,AutoEncoder,271817,MAPLE,0.3793908123823075,False,1.459136591653006,0.9047619047475436,-0.370359604065359,-0.4185152679460627,5.46342234014636,1.1085036743451917,True,0.6071428571428572,False,1,2.9228969654143917,3691.581540587954,,0.5162373178744564,0.9016393442622952
ARAMIS20,AutoEncoder,271817,SHAP,0.5563588041354415,False,1.683154964641735,0.9047619047475436,-0.5797017513946474,-0.5412723815927165,2.0157624644245487,1.157011566540759,True,0.2857142857142857,False,1,2.697604899242158,7070.935025475704,,0.3508398189993253,0.925925925925926
ARAMIS20,AutoEncoder,272788,LIME,0.2677897938226614,False,1.8210034619545392,0.9047619047475436,-0.855849876000757,0.382085762712635,4.192522015027056,0.7444374450826492,True,0.3214285714285715,False,1,0.0070201553328965,15.035133360130748,,0.2693374146694167,0.9
ARAMIS20,AutoEncoder,272788,MAPLE,0.2901731302229252,False,1.468018594863915,0.9047619047475436,-0.1660013479786542,-0.069371919190546,4.478120845802683,0.9181967116026832,True,0.0,False,1,0.0451706458687091,49.74440545500523,,0.5257050489782709,0.8983050847457628
ARAMIS20,AutoEncoder,272788,SHAP,0.4414037895301546,False,1.765352672349656,0.9047619047475436,-0.8041188098614414,0.376314390410713,2.80757727758621,1.0990382340974518,True,0.2142857142857143,False,1,0.0336906328726775,36.709699176692574,,0.3148624147517611,0.9210526315789472
ARAMIS20,AutoEncoder,307641,LIME,1.6401465344638262,False,1.7544798452280856,0.9047619047475436,0.3050631906701216,0.481196171691916,5.647366824074675,2.946727429965255,True,0.2142857142857143,False,1,,,,0.3057161230606536,0.8421052631578947
ARAMIS20,AutoEncoder,307641,MAPLE,0.8866802783538468,False,1.1564045610724203,0.9047619047475436,-0.8436113272154484,-0.0742749063675469,5.382673315021899,2.592715666053109,True,0.5,False,1,,,,0.6098267916503698,0.9016393442622952
ARAMIS20,AutoEncoder,307641,SHAP,1.643089814405619,False,1.3168691879655456,0.9047619047475436,-0.652755572607861,-0.1666948272513532,5.194473403959697,2.745484109470329,True,-0.4285714285714286,False,1,,,,0.5823353763030201,0.9583333333333334
ARAMIS20,AutoEncoder,308756,LIME,0.3842325955398879,False,1.7526686045409212,0.9047619047475436,-0.1870788960678468,-0.101534684451199,5.131160578445129,0.8215543498125931,True,-0.25,False,1,2.5628784025413105,1923.66966474504,,0.3302332754779659,0.9090909090909092
ARAMIS20,AutoEncoder,308756,MAPLE,0.4460372348533066,False,1.6036291584262292,0.9047619047475436,-0.0528987568541307,0.4340758536011456,3.7861596645552105,0.9899934724534872,True,0.6071428571428572,False,1,9.471118301780784,8061.144601659893,,0.4371814353470293,0.9166666666666666
ARAMIS20,AutoEncoder,308756,SHAP,0.414910886810951,False,1.6405837347052032,0.9047619047475436,-0.3271970460905671,-0.1024079857956394,2.47734362716852,1.073901612950596,True,-0.3928571428571429,False,1,3.2527390284024262,2074.6454652494967,,0.4259458116735876,0.9107142857142856
ARAMIS20,AutoEncoder,309426,LIME,0.651255865178994,False,1.7727860830916784,0.9047619047475436,-0.7448754212393214,-0.1695653778164218,5.6437575624198,1.4503240591000377,True,-0.3571428571428572,False,1,,,,0.3221631564127949,0.902439024390244
ARAMIS20,AutoEncoder,309426,MAPLE,3.600115339669016,False,1.7183893953749658,0.9047619047475436,0.1454700273086988,-0.3663654834478085,4.311490478863695,6.641567775196358,True,0.3928571428571429,False,1,,,,0.3565433911229939,0.913793103448276
ARAMIS20,AutoEncoder,309426,SHAP,0.886408354878867,False,1.4478390417557505,0.9047619047475436,-0.6086868975371996,0.0496322866174355,3.91451757055709,1.6293137572349008,True,-0.0357142857142857,False,1,,,,0.527096962603042,1.0
ARAMIS20,AutoEncoder,309757,LIME,0.1949802472442393,False,1.502012764790033,0.0793650793638196,0.4888906637391977,0.3884807891870684,1.947546876508583,0.4452443344688995,True,0.5714285714285715,False,1,,,,0.502220457005349,0.0697674418604651
ARAMIS20,AutoEncoder,309757,MAPLE,0.2536552297995901,False,1.68890604511618,0.0793650793638196,-0.4699877042249504,-0.3392585231028611,3.5037509008772165,0.4574888615243763,True,0.7142857142857144,False,1,,,,0.3864179105929237,0.0701754385964912
ARAMIS20,AutoEncoder,309757,SHAP,0.2526298851388745,False,0.9030053952665748,0.0793650793638196,0.9556202697341616,0.9244081762894426,2.477062128582128,0.640994796887016,True,-0.0357142857142857,False,1,,,,0.711204435657406,0.1666666666666666
ARAMIS20,AutoEncoder,310719,LIME,0.5302256053321909,False,1.7228074916993037,0.9047619047475436,0.5412779834105561,0.6630534446733195,7.583487553493321,1.616934076526592,True,0.0,False,1,7.054308681019166,1476.151854120817,,0.3489809694572636,0.8837209302325582
ARAMIS20,AutoEncoder,310719,MAPLE,2.0338130596399733,False,1.7229229367307242,0.9047619047475436,-0.2524131556781827,0.1198861176554102,9.78653904470679,4.630605232840161,True,0.2857142857142857,False,1,41.287206636059416,72661.92853323385,,0.3396339839676915,0.9016393442622952
ARAMIS20,AutoEncoder,310719,SHAP,0.8366015869337501,False,1.455083983438077,0.9047619047475436,0.737319845380865,0.8289095400993551,3.6505348477374655,1.5619908068109856,True,0.3571428571428572,False,1,7.231771538640146,3729.3771538496753,,0.5252696525521708,0.9298245614035088
ARAMIS20,AutoEncoder,316611,LIME,0.4015001362050562,False,1.7590123038967238,0.9047619047475436,0.4002010925889145,0.2892441555982906,6.187697841943804,1.0288148409540565,True,0.1428571428571428,False,1,0.0283949455908606,12316.207794421432,,0.3222488176430763,0.90625
ARAMIS20,AutoEncoder,316611,MAPLE,0.8940744493988798,False,1.6037550541745569,0.9047619047475436,0.0876914054697209,-0.0351648387901967,4.8583796192525766,2.29230553609828,True,0.0714285714285714,False,1,1.997392655608232,301222.0714078997,,0.3986728985631607,0.9016393442622952
ARAMIS20,AutoEncoder,316611,SHAP,0.6383059393341868,False,1.7252178676194538,0.9047619047475436,0.4540938670047979,0.312344122089671,2.537919499210789,1.4922803240424511,True,0.3928571428571429,False,1,0.0500421314247172,166.01640984065125,,0.3304433259457702,0.9807692307692308
ARAMIS20,AutoEncoder,318513,LIME,0.2116443820511096,False,1.7416690247616464,0.9047619047475436,-0.5053065753636546,-0.5267523432866174,3.068558301103097,0.7608177372374882,True,0.3928571428571429,False,1,1.339647660663391,9212.052229460152,,0.3408284156431299,0.8936170212765957
ARAMIS20,AutoEncoder,318513,MAPLE,1.0608932748928974,False,1.5120076997421454,0.9047619047475436,0.5816450618424718,0.3045360481238915,3.8635604679269937,2.809810542669988,True,-0.1071428571428571,False,1,6.924742255470902,888.9140487069799,,0.4920375274038706,0.8983050847457628
ARAMIS20,AutoEncoder,318513,SHAP,0.3917405775093066,False,1.6568258002143337,0.9047619047475436,-0.8106405313180126,-0.2814692298480181,2.1614984517197384,1.0636653293374914,True,0.4285714285714286,False,1,0.3086826782666232,80.58173299223745,,0.3976627435153737,0.9772727272727272
ARAMIS20,AutoEncoder,318558,LIME,0.2468101397747022,False,1.5881907701960485,0.9047619047475436,-0.6699318554724165,0.7925375289395216,4.695439264034686,0.7247198906352297,True,0.6071428571428572,False,1,1.7143553905255784,96.1718329065684,,0.4572447640015668,0.8888888888888888
ARAMIS20,AutoEncoder,318558,MAPLE,0.4372901263939449,False,1.6476144790455298,0.9047619047475436,0.4954781946998094,-0.4633749955988285,5.269863448930538,0.884483223066274,True,0.8928571428571429,False,1,1.7617364251545269,136.109907421667,,0.3964530217441715,0.913793103448276
ARAMIS20,AutoEncoder,318558,SHAP,0.3671852619760758,False,1.4800191865530197,0.9047619047475436,-0.8955236704082424,0.9044185854815462,1.988265466341676,0.6882909491709569,True,0.642857142857143,False,1,1.5887638860664788,229.2527905652426,,0.5121021739771145,0.8928571428571429
ARAMIS20,AutoEncoder,340491,LIME,1.087012065134453,False,1.5642827696461583,0.9047619047475436,0.5151719463744495,-0.1864510063489735,9.05959561376427,1.866976370098061,True,-0.5714285714285715,False,1,,10599.392962903265,,0.4559702920974095,0.8421052631578947
ARAMIS20,AutoEncoder,340491,MAPLE,0.5452854517057071,False,1.44317226758828,0.9047619047475436,-0.2554519806868257,0.1239187469327216,5.777621402257975,1.2459793872305525,True,-0.0357142857142857,False,1,0.249268876105017,,,0.5355529562922178,0.9016393442622952
ARAMIS20,AutoEncoder,340491,SHAP,1.793490293678438,False,1.8558675444095925,0.9047619047475436,0.567242113665032,-0.1906221191433069,2.8988244225307502,3.1407053485930483,True,-0.7500000000000002,False,1,,1507.050859988616,,0.2157180436863186,0.9473684210526316
ARAMIS20,AutoEncoder,340531,LIME,1.1539447934711418,False,1.7745023745406816,0.9047619047475436,0.2711086200120159,-0.0101202401581353,9.816850123696542,2.201366924380355,True,0.1428571428571428,False,1,,,,0.3165785450451114,0.875
ARAMIS20,AutoEncoder,340531,MAPLE,0.975339891834858,False,1.4022708043142726,0.9047619047475436,0.4127908274543778,0.0029090628851059,4.088677262238895,2.284945450045914,True,0.1785714285714286,False,1,21.390854088408748,,,0.5577186190917551,0.9016393442622952
ARAMIS20,AutoEncoder,340531,SHAP,1.554344999650179,False,1.5963669904678928,0.9047619047475436,0.1973177824803821,-0.0327336669880497,4.329245601668617,2.686944947373629,True,-0.3214285714285715,False,1,,,,0.4256746823436615,0.9555555555555556
ARAMIS20,AutoEncoder,35906,LIME,0.7378274739895323,False,1.85153823037236,0.0793650793638196,0.3259076303084717,-0.1644103714045203,8.755484144161604,1.474842046457787,True,0.5910828046793255,False,7,,,,0.2377980104602552,0.0333333333333333
ARAMIS20,AutoEncoder,35906,MAPLE,0.669564296366652,False,1.7895043084270332,0.0793650793638196,0.3916795020395925,0.4161996035769168,5.980445954993031,1.9528730220517136,True,0.1576220812478201,True,7,,,,0.3012731412102541,0.0930232558139534
ARAMIS20,AutoEncoder,35906,SHAP,0.5112787972109786,False,1.5540734215223533,0.0793650793638196,0.8919143372946272,0.5619062648357589,2.974546073904328,0.9480314870179284,True,-0.07881104062391,False,7,,,,0.4750148093644817,0.119047619047619
ARAMIS20,AutoEncoder,35911,LIME,1.0634374013405956,False,1.5701300215410234,0.0793650793638196,0.6276166754675861,-0.1690302445426536,9.053479083697043,1.8959800790527817,True,0.8524367141602663,False,4,,,,0.4697523659013065,0.1034482758620689
ARAMIS20,AutoEncoder,35911,MAPLE,1.0626050726228915,False,1.743314462021695,0.0793650793638196,0.632259416858561,-0.0885324956624517,9.249751148412948,3.325588803547073,True,0.7041868508280462,False,4,,,,0.3363161565185881,0.081967213114754
ARAMIS20,AutoEncoder,35911,SHAP,0.5929356408368924,False,1.4613814009857455,0.0793650793638196,0.8701300320824026,-0.0793220962301686,3.4412373506471647,1.0645836266943731,True,-0.037062465833055,False,4,,,,0.5232775975088951,0.119047619047619
ARAMIS20,AutoEncoder,35919,LIME,1.5194633437951788,False,1.6849111079099155,0.0793650793638196,0.1966238307539891,-0.5182629107138039,10.62700700449083,2.544033264277406,True,0.0,False,4,,,,0.3866938811024263,0.0666666666666666
ARAMIS20,AutoEncoder,35919,MAPLE,0.8618062908496718,False,1.5129572814270176,0.0793650793638196,-0.1666046332888911,-0.6254549864046451,6.656963689783405,2.0715305763691942,True,0.25,False,4,,,,0.5000444783744638,0.081967213114754
ARAMIS20,AutoEncoder,35919,SHAP,0.7534662617408204,False,1.5395191475660044,0.0793650793638196,-0.0522105075134588,-0.3518470231080914,3.778027747270048,1.3975396967684286,True,0.0,False,4,,,,0.4859818755825578,0.1379310344827586
ARAMIS20,AutoEncoder,385204,LIME,1.199124880288865,False,1.7097955647819036,0.9047619047475436,-0.1192498693579729,0.3845831589276107,10.765151083524742,2.0291254634401223,True,0.2142857142857143,False,1,4.064471315252329,1089.1507414066102,,0.3356615198058936,0.9583333333333334
ARAMIS20,AutoEncoder,385204,MAPLE,0.4635499806588712,False,1.4852510930479197,0.9047619047475436,-0.3515798578327168,-0.5748836067911581,2.18102038975867,0.8735396521112136,True,0.0357142857142857,False,1,9.36182435762182,2491.1252652253797,,0.5025443498682207,0.9152542372881356
ARAMIS20,AutoEncoder,385204,SHAP,1.467972912800099,False,1.5465068338864147,0.9047619047475436,0.3083137523929193,0.6200470088205859,4.0705464065926495,2.544196384509446,True,-0.0714285714285714,False,1,8.025747197639808,1538.7149062275273,,0.4813878189732444,0.935483870967742
ARAMIS20,AutoEncoder,385224,LIME,0.6162238431805723,False,1.4078504336602995,0.9047619047475436,0.3754152197006025,0.2065785628192051,6.791846753829779,1.3779901322872958,True,-0.1785714285714286,False,1,,,,0.5379918046243802,0.8947368421052632
ARAMIS20,AutoEncoder,385224,MAPLE,0.7408407258416461,False,1.579506508624092,0.9047619047475436,-0.7057215502123187,-0.3867282794388455,3.772564636064597,1.799074831560328,True,-0.4285714285714286,False,1,,,,0.4483417559773096,0.8983050847457628
ARAMIS20,AutoEncoder,385224,SHAP,0.9605231029535608,False,1.5324922587381131,0.9047619047475436,0.5922676141301433,0.1533011181522278,4.373549057074908,1.532232529030163,True,-0.6071428571428572,False,1,,,,0.4933328378931607,1.0
ARAMIS20,AutoEncoder,385353,LIME,1.3058132794475157,False,1.8853372276743932,0.9047619047475436,-0.0933053901587734,-0.0678196021893564,10.678461881316736,2.293679213290117,True,0.642857142857143,False,1,6.165585207786951,,,0.1834557593858461,0.9090909090909092
ARAMIS20,AutoEncoder,385353,MAPLE,2.578098190614106,False,1.5381059184324508,0.9047619047475436,0.5799960255870749,0.8105609146413497,7.308546880676417,4.651268979026542,True,0.8571428571428573,False,1,,,,0.4858577821569874,0.913793103448276
ARAMIS20,AutoEncoder,385353,SHAP,2.4949142860296774,False,1.736650023024728,0.9047619047475436,-0.4686369062818323,-0.5524268570741379,4.978194939094599,4.254777245912713,True,0.8214285714285715,False,1,,,,0.3418082234843583,0.981132075471698
ARAMIS20,AutoEncoder,385508,LIME,0.8135499464977834,False,1.700609032573914,0.9047619047475436,0.0313373648168127,0.0929695386353036,11.926490857169105,1.4461301404416227,True,-0.2857142857142857,False,1,,,,0.3782803101600064,0.9655172413793104
ARAMIS20,AutoEncoder,385508,MAPLE,1.0347133243086586,False,1.6788937313688144,0.9047619047475436,-0.2700400416482793,0.2683968925060653,5.552044184026709,3.0849616601475,True,-0.642857142857143,False,1,,,,0.3977800607527474,0.9016393442622952
ARAMIS20,AutoEncoder,385508,SHAP,1.24888760813303,False,1.6900066247036387,0.9047619047475436,0.0832484943012041,-0.2127691564524659,4.085473427617268,2.2746070079143434,True,-0.0714285714285714,False,1,,,,0.384967807274569,1.0
ARAMIS20,AutoEncoder,385527,LIME,2.63402676373129,False,1.8413199935351736,0.9047619047475436,-0.245985421844476,0.4405810719671098,8.760471482407402,3.608206037003476,True,0.1428571428571428,False,1,,,,0.2488913568869489,0.8333333333333334
ARAMIS20,AutoEncoder,385527,MAPLE,1.4441094859449342,False,1.5788522623316503,0.9047619047475436,-0.7486541027790983,-0.070650623094958,10.217658865258477,3.294165454280084,True,0.1785714285714286,False,1,,,,0.459011215961249,0.8648648648648649
ARAMIS20,AutoEncoder,385527,SHAP,1.9807227990040357,False,1.5263653994563091,0.9047619047475436,-0.4893169240890763,0.1636629372196815,4.95444586668784,3.404761211176511,True,-0.4285714285714286,False,1,,,,0.482742497728119,0.9433962264150944
ARAMIS20,AutoEncoder,385564,LIME,0.9041955402113808,False,1.6392852314409248,0.9047619047475436,-0.0309678908780621,0.1552939346240129,8.804662002182766,1.6999148137689906,True,-0.2142857142857143,False,1,,,,0.4284008785222611,0.935483870967742
ARAMIS20,AutoEncoder,385564,MAPLE,0.8454893599485033,False,1.6592081532687133,0.9047619047475436,-0.2537520907940405,0.2950336188245279,5.344512452897948,1.7900716385856312,True,-0.5,False,1,,,,0.3999217507675524,0.9016393442622952
ARAMIS20,AutoEncoder,385564,SHAP,1.3599155363820024,False,1.7365499310901007,0.9047619047475436,0.0159936539399738,-0.0181331155850376,4.111599288599437,2.3378916149907805,True,-0.5,False,1,,,,0.35452186876157,1.0
ARAMIS20,AutoEncoder,386255,LIME,0.4110166496817042,False,1.7471351712572236,0.9047619047475436,0.3245695436891054,0.2907406513736839,7.573867804554785,1.1423052236362032,True,0.0,False,1,5.572578420860665,347.9779610505888,,0.3321512010637667,0.875
ARAMIS20,AutoEncoder,386255,MAPLE,0.9996914177458524,False,1.7780442328304282,0.9047619047475436,0.2348952869355442,0.0921733548837079,5.412730014228548,1.3219061489205295,True,0.1071428571428571,False,1,5.482392237271908,230.7710411922247,,0.2789407548736521,0.9016393442622952
ARAMIS20,AutoEncoder,386255,SHAP,0.6929775431588712,False,1.8293107384637937,0.9047619047475436,0.3353004752780121,0.3554751319226591,2.9225320561218573,1.4046909388082602,True,0.2142857142857143,False,1,1.841366088699401,81.39344540880653,,0.2676404988616789,0.9655172413793104
ARAMIS20,AutoEncoder,392256,LIME,0.2172964211268035,False,1.7459723281537705,0.9047619047475436,-0.1304636840174274,0.3949324982661733,3.588667867692456,0.5664234233966381,True,0.1785714285714286,False,1,0.0854760600913229,265.4169850341059,,0.3399801991675347,0.8936170212765957
ARAMIS20,AutoEncoder,392256,MAPLE,1.0808955994179106,False,1.4582029157691183,0.9047619047475436,0.0491548531693971,-0.3843039821024614,5.883860071665056,3.3467734612968587,True,-0.7142857142857144,False,1,2.8397429883965724,1089.2057228257288,,0.5116036215598093,0.8983050847457628
ARAMIS20,AutoEncoder,392256,SHAP,0.4369380109251681,False,1.69343305421598,0.9047619047475436,-0.2667653955278383,0.1912505104880039,2.15974920240029,1.1572898744734084,True,-0.1071428571428571,False,1,0.1322048728677039,376.73646918425,,0.3841734840822138,1.0
ARAMIS20,AutoEncoder,429198,LIME,0.2185632841994768,False,1.8621278714557417,0.9047619047475436,-0.8701370353660396,0.2673982169032101,3.3684987047409503,0.6384923268313292,True,0.0,False,1,0.0945973525346415,,,0.2253872164102794,0.9230769230769232
ARAMIS20,AutoEncoder,429198,MAPLE,0.4053050495260153,False,1.6361776461060031,0.9047619047475436,-0.2891400681660048,-0.257791005291673,7.230482720343319,0.8654947263373558,True,-0.3571428571428572,False,1,,,,0.4182115365450943,0.9016393442622952
ARAMIS20,AutoEncoder,429198,SHAP,0.4837122249997276,False,1.7773195855823205,0.9047619047475436,-0.8472897814149946,0.2222746023092076,3.073001980971545,0.9113851199281132,True,0.0357142857142857,False,1,,,,0.3024135799005322,0.9230769230769232
ARAMIS20,AutoEncoder,429724,LIME,0.3581097134574157,False,1.6424941784508156,0.9047619047475436,0.0176767466183328,-0.0542403039810388,5.2778388661496,1.4315157390313544,True,-0.3571428571428572,False,1,65.71989744941557,2134780.708481344,,0.4064396975036771,0.9666666666666668
ARAMIS20,AutoEncoder,429724,MAPLE,0.5337917337235506,False,1.6016322132041496,0.9047619047475436,0.2783670404823708,0.2224955145637482,2.0300285826500515,1.1745737320997172,True,-0.0357142857142857,False,1,4.54693599867952,28766.586413610235,,0.4448394704461504,0.9016393442622952
ARAMIS20,AutoEncoder,429724,SHAP,0.8786549684363268,False,1.6467098419766697,0.9047619047475436,-0.1310263692362088,-0.2104192303301756,3.077927236961384,1.7367100172845586,True,0.1428571428571428,False,1,367.8452527953122,1586617.2142724069,,0.3984421764472554,0.9482758620689656
ARAMIS20,AutoEncoder,432034,LIME,0.6498518056237504,False,1.676319899241192,0.9047619047475436,0.3730880883345855,0.205765721904323,8.588040538710194,1.375508435583799,True,0.8928571428571429,False,1,,,,0.4021392761979312,0.9714285714285714
ARAMIS20,AutoEncoder,432034,MAPLE,0.6103879321179257,False,1.4842226700824093,0.9047619047475436,0.4939567886968602,0.7204850022373742,3.987116962779004,1.1847297321282713,True,0.7142857142857144,False,1,,,,0.51292866970498,0.8983050847457628
ARAMIS20,AutoEncoder,432034,SHAP,0.9933519832584428,False,1.880745090423682,0.9047619047475436,0.3409424167818374,0.3359092645578158,3.3814831517784367,1.871533809513438,True,0.4285714285714286,False,1,,,,0.192076299988287,0.9649122807017544
ARAMIS20,AutoEncoder,434986,LIME,0.7135468363884605,False,1.5436114481553864,0.9047619047475436,0.2792907861906079,0.1523492691186322,8.102794717097401,1.3363206414034443,True,0.25,False,1,,,,0.4658516103882656,0.9545454545454546
ARAMIS20,AutoEncoder,434986,MAPLE,1.4012530869695876,False,1.3422297267295968,0.9047619047475436,0.1207840739676702,0.3242591811159744,4.284762640393246,3.1441892634856057,True,-0.1071428571428571,False,1,,,,0.5810592792156276,0.913793103448276
ARAMIS20,AutoEncoder,434986,SHAP,1.1949628126929237,False,1.762083698151335,0.9047619047475436,-0.3494551974862214,-0.4022734060307864,3.319681984781649,1.9527636687995271,True,0.5,False,1,,,,0.3266227271559712,0.972972972972973
ARAMIS20,AutoEncoder,435209,LIME,0.3333691170765472,False,1.7607149019226704,0.9047619047475436,-0.4819409172223568,-0.0060718097937059,4.257864386133942,0.7321798696989402,True,-0.2142857142857143,False,1,2.365762291508369,886.0831327779148,,0.3248345924048136,0.9090909090909092
ARAMIS20,AutoEncoder,435209,MAPLE,0.4926605483816265,False,1.5811140352810498,0.9047619047475436,0.4614596510242396,0.3311362627085962,4.56789129987872,0.935634969554147,True,0.1071428571428571,False,1,9.635357985972842,4427.329523157073,,0.4489994830840715,0.9166666666666666
ARAMIS20,AutoEncoder,435209,SHAP,0.3986519980130514,False,1.6553870994386488,0.9047619047475436,-0.7944895990462169,0.0276090977387467,1.6639947215760225,0.94521735300452,True,-0.6071428571428572,False,1,2.2936382512126747,8830.951455937258,,0.4092420079391742,0.94
ARAMIS20,AutoEncoder,438253,LIME,0.3824756393722746,False,1.684590655292636,0.9047619047475436,0.2359932244641731,-0.2968506085115713,6.323333203788248,0.7476376739097715,True,-0.3928571428571429,False,1,5.702645275435629,743.875717509559,,0.3740473915070955,0.92
ARAMIS20,AutoEncoder,438253,MAPLE,0.517899343430099,False,1.5271246781671417,0.9047619047475436,-0.5044104479606764,0.412161822093107,5.482721322871449,1.3332665241545567,True,0.5,False,1,35.80797270627836,60561.14157692319,,0.4865345182001346,0.9016393442622952
ARAMIS20,AutoEncoder,438253,SHAP,0.4892190275680823,False,1.4942445779870688,0.9047619047475436,0.2073934018341164,-0.1409664113641605,1.9400851114974496,1.0641354113521329,True,0.0714285714285714,False,1,5.309498733771965,2263.34120083741,,0.4933526322342452,0.8823529411764706
ARAMIS20,AutoEncoder,446138,LIME,1.1463165479616535,False,1.6685475702741586,0.9047619047475436,0.5436336253849153,0.7067335161565897,8.19686898770045,2.0895379895731,True,0.5357142857142858,False,1,,,,0.3938818371274378,1.0
ARAMIS20,AutoEncoder,446138,MAPLE,1.5780870902427686,False,1.6861844043266905,0.9047619047475436,-0.7389449425955431,-0.4958350047098082,2.1061734786153776,3.683741983404708,True,0.8928571428571429,False,1,,,,0.3937425163631703,0.913793103448276
ARAMIS20,AutoEncoder,446138,SHAP,1.8678429573744983,False,1.470256829221476,0.9047619047475436,0.0361177277884803,0.2325794546750456,3.452330103478911,3.421221046983163,True,0.5357142857142858,False,1,,,,0.5126112635450896,0.9285714285714286
ARAMIS20,AutoEncoder,446166,LIME,1.03442114818977,False,1.775885656212536,0.9047619047475436,-0.0710127839213036,-0.0740506500633749,10.009251528165631,2.233445744467149,True,-0.5357142857142858,False,1,7.609157619827775,9357.695937519098,,0.3131485238846617,0.8529411764705882
ARAMIS20,AutoEncoder,446166,MAPLE,1.8815722493999432,False,1.7153689141949011,0.9047619047475436,-0.3446191434983375,-0.2962339228562374,1.4896851898743084,4.895184554118466,True,0.25,False,1,11.341579788694323,8042.297651610635,,0.3589986911794481,0.913793103448276
ARAMIS20,AutoEncoder,446166,SHAP,1.6405630607741728,False,1.8670793554765748,0.9047619047475436,-0.2731275342478585,-0.2480789173712138,4.7655484868318005,2.8543723136444545,True,0.0,False,1,10.08517567764083,9271.579629124835,,0.196930521601769,0.95
ARAMIS20,AutoEncoder,446267,LIME,2.725025081389848,False,1.77855861054328,0.9047619047475436,-0.3142632138078336,0.4723837647804974,10.323040486520709,3.609705160704829,True,0.2857142857142857,False,1,,,,0.31266160276382,0.8421052631578947
ARAMIS20,AutoEncoder,446267,MAPLE,1.4332265059328853,False,1.6567920704367678,0.9047619047475436,-0.8155266068128293,-0.284554338690224,15.719533488276191,2.3788262174245065,True,0.3214285714285715,False,1,,,,0.3809086333748345,0.8648648648648649
ARAMIS20,AutoEncoder,446267,SHAP,1.8459243876216676,False,1.5318659318869463,0.9047619047475436,-0.5155750785755364,0.1476838275056394,5.051380750113195,3.2268302241290128,True,-0.4285714285714286,False,1,,,,0.4745292436319068,0.9591836734693876
ARAMIS20,AutoEncoder,446395,LIME,0.8408693869516181,False,1.7235351261079297,0.9047619047475436,0.0312321551907465,0.3113530165977527,10.482257569099048,1.787187350450668,True,0.642857142857143,False,1,6.356094685782271,10442.52471243798,,0.3665695687192809,0.875
ARAMIS20,AutoEncoder,446395,MAPLE,4.456327308504664,False,1.6695134638163642,0.9047619047475436,-0.2541645129696548,-0.191502914934611,4.082660605709431,10.767987178582016,True,0.3928571428571429,False,1,54.01020895594392,4373.627516575876,,0.4034021860741659,0.913793103448276
ARAMIS20,AutoEncoder,446395,SHAP,1.3167244522079258,False,1.587210128914323,0.9047619047475436,0.3730181085561311,0.2204636066985753,3.61204265296971,2.696338261857604,True,0.6785714285714287,False,1,13.646083306776934,1521.5237805861184,,0.4511199486450242,0.9649122807017544
ARAMIS20,AutoEncoder,446396,LIME,1.4773143956158972,False,1.7231406727226362,0.9047619047475436,-0.5519326476939604,-0.1713064348548144,10.405192427893295,2.478139261635864,True,-0.0357142857142857,False,1,,,,0.3375605803113556,1.0
ARAMIS20,AutoEncoder,446396,MAPLE,2.123487801087852,False,1.5414452138803372,0.9047619047475436,0.332058191773445,0.4319814382923337,11.385017920453532,4.315528866856581,True,0.2857142857142857,False,1,,,,0.4807128184497733,0.9016393442622952
ARAMIS20,AutoEncoder,446396,SHAP,1.914118327340327,False,1.7003416734435457,0.9047619047475436,-0.2077307095915177,-0.4324754368274013,4.902153079750836,3.940321546866968,True,0.0714285714285714,False,1,,,,0.342197717849642,0.9473684210526316
ARAMIS20,AutoEncoder,447150,LIME,0.3088408263804177,False,1.6332497350939557,0.9047619047475436,-0.5098875866880187,0.497636280480886,4.634869492307882,0.6742457796697574,True,0.5714285714285715,False,1,4.214659516971508,263396.9267114962,,0.4160233724249483,0.90625
ARAMIS20,AutoEncoder,447150,MAPLE,0.4792850846899554,False,1.4710015034616246,0.9047619047475436,0.1281772142686585,0.2414180463272137,5.59175380975278,0.9497930430319624,True,0.3928571428571429,False,1,1.2473749148262487,96436.58569319302,,0.4974147374433355,0.8983050847457628
ARAMIS20,AutoEncoder,447150,SHAP,0.5663094552359363,False,1.5658275195505926,0.9047619047475436,-0.5598348893716961,0.3090620699635323,2.3566256652857995,1.2663869179354432,True,-0.1785714285714286,False,1,1.0720058892567723,227389.19539452583,,0.4637608121473661,0.9607843137254902
ARAMIS20,AutoEncoder,447164,LIME,0.2486218645608692,False,1.7951564526909418,0.9047619047475436,-0.0211176052305329,-0.042875886401859,3.854450238004087,0.7056940798659312,True,-0.7142857142857144,False,1,0.18866867045975,303.4366675255345,,0.2968912328104699,0.8918918918918919
ARAMIS20,AutoEncoder,447164,MAPLE,0.7138833528169555,False,1.440095029027066,0.9047619047475436,-0.2645597591416642,0.1523904916652155,3.7150832431242176,1.6972117038600365,True,-0.5,False,1,3.219789067463754,8241.091957625371,,0.5277404994636604,0.8983050847457628
ARAMIS20,AutoEncoder,447164,SHAP,0.447607995006506,False,1.6741298053258562,0.9047619047475436,-0.225092990029866,0.3679585078015873,1.9830820602663608,1.0061628225599106,True,-0.8571428571428573,False,1,1.6371771088680351,651.1684310446108,,0.3828938991613126,0.9166666666666666
ARAMIS20,AutoEncoder,447193,LIME,0.3748790659142272,False,1.5789950398203378,0.9047619047475436,-0.3601595550126385,0.4690727657279834,4.500465716957376,0.7470112523427475,True,0.5,False,1,0.4065926666932526,360.7613936367768,,0.4627635344544141,0.918918918918919
ARAMIS20,AutoEncoder,447193,MAPLE,0.5042991584066083,False,1.518513792085758,0.9047619047475436,0.4740070475048439,-0.2663092835124918,6.545467568469404,1.400531701310689,True,-0.0357142857142857,False,1,6.483115613018157,3057.5307881064427,,0.4830124265914818,0.9016393442622952
ARAMIS20,AutoEncoder,447193,SHAP,0.454769141795238,False,1.640974341460773,0.9047619047475436,-0.7971110248416986,0.7498423152051461,2.3465240790079105,1.0240442544203443,True,-0.1071428571428571,False,1,0.6581226808853773,297.74261879592734,,0.4250366287692697,0.94
ARAMIS20,AutoEncoder,447197,LIME,0.2952403771572775,False,1.5940665926878212,0.9047619047475436,-0.7867766403374169,0.2728896184767033,2.5705162660430703,0.5087165868059463,True,-0.1071428571428571,False,1,,,,0.4514570597260891,0.8571428571428571
ARAMIS20,AutoEncoder,447197,MAPLE,0.2382250381048141,False,1.4382070994695806,0.9047619047475436,-0.0670295912892399,0.4294522551401498,5.095025373838052,0.5949662770454854,True,0.1071428571428571,False,1,,,,0.5377329026501114,0.913793103448276
ARAMIS20,AutoEncoder,447197,SHAP,0.353225863830352,False,1.230670430103239,0.9047619047475436,-0.90265927661553,0.764936750362187,2.311909695228407,0.688781403980854,True,0.2857142857142857,False,1,,,,0.5979462561856487,0.902439024390244
ARAMIS20,AutoEncoder,44855,LIME,0.2487549726053307,False,1.678800332119841,0.9047619047475436,0.3759562893002228,-0.5015565362681262,4.263496532366268,0.7374082068954906,True,-0.3214285714285715,False,1,8.023670566331388,28493.009675552905,,0.3690253991335636,0.9285714285714286
ARAMIS20,AutoEncoder,44855,MAPLE,0.7655536130020792,False,1.513913921526632,0.9047619047475436,0.1003556895866094,-0.0808569229180984,5.468308882972885,2.2722237618784344,True,-0.5714285714285715,False,1,21.081590235417487,29445.32052793536,,0.491752505067611,0.9016393442622952
ARAMIS20,AutoEncoder,44855,SHAP,0.6182699969899805,False,1.6751798620031608,0.9047619047475436,0.2735150656425857,-0.3768275731886912,2.307021775712538,1.239180844485718,True,0.0714285714285714,False,1,2.19443602234832,1184.161732415036,,0.3929327984272756,0.9607843137254902
ARAMIS20,AutoEncoder,45782,LIME,0.4063142829167651,False,1.7489858533744171,0.9047619047475436,-0.8635867937633697,-0.0269670330424217,6.623133799547683,1.270117028562837,True,0.642857142857143,False,1,,,,0.317739644215618,0.9032258064516128
ARAMIS20,AutoEncoder,45782,MAPLE,0.515349212148775,False,1.7536393256105218,0.9047619047475436,-0.2068765327740611,-0.0742783730912499,5.539469735244396,1.137194098153112,True,0.0714285714285714,False,1,,,,0.3239691101987778,0.9016393442622952
ARAMIS20,AutoEncoder,45782,SHAP,0.4974523221734206,False,1.6856735318020206,0.9047619047475436,-0.9022435084561852,0.0076159526251875,3.359782313925557,0.912812906056267,True,0.2857142857142857,False,1,,,,0.3604511765541063,0.8918918918918919
ARAMIS20,AutoEncoder,45816,LIME,1.0791157395858413,False,1.4883484844240462,0.9047619047475436,-0.1704223991515173,0.3426213354196098,8.800099678831575,1.8276315300325736,True,0.1428571428571428,False,2,108355.94547696887,5203449.769180322,,0.5002906116264512,0.7647058823529411
ARAMIS20,AutoEncoder,45816,MAPLE,1.010100335186735,False,1.4103222533063553,0.9047619047475436,0.6536219696370106,-0.5459481749795738,3.7766644811225496,2.19777721676974,True,-0.1428571428571428,False,1,64.23596663876981,17511.444113698934,,0.5547913924442194,0.9016393442622952
ARAMIS20,AutoEncoder,45816,SHAP,1.5889204048674437,False,1.774244072880977,0.9047619047475436,-0.2077040691435153,0.3465112911291753,4.934958304903799,3.014369442971047,True,0.1071428571428571,False,1,3.983407171928343,835.7647930938624,,0.3151917532114136,0.9310344827586208
ARAMIS20,AutoEncoder,513442,LIME,1.8477121567836725,False,1.8890364125784949,0.9047619047475436,-0.31061481004124,0.1925889351405006,8.922980040296606,2.623494954306848,True,0.3928571428571429,False,1,,,,0.1793789925766154,0.85
ARAMIS20,AutoEncoder,513442,MAPLE,0.9893538869382056,False,1.4135691437157227,0.9047619047475436,-0.1398389224325187,-0.1882375839788522,13.710408894384209,1.1485048057558398,True,0.3214285714285715,False,1,,,,0.5461297179959311,1.0
ARAMIS20,AutoEncoder,513442,SHAP,2.3859220837508515,False,1.8734949555456892,0.9047619047475436,-0.4120932740558044,0.0924243427312389,4.509560318714802,3.791462732773597,True,-0.5,False,1,,,,0.209008019792613,0.9152542372881356
ARAMIS20,AutoEncoder,513454,LIME,1.6086614542811488,False,1.7429518220012112,0.9047619047475436,-0.1914562140411867,-0.2583500724434852,8.799560995175487,2.656443342523421,True,0.0714285714285714,False,1,,,,0.3212203558978706,0.9444444444444444
ARAMIS20,AutoEncoder,513454,MAPLE,3.231406538159175,False,1.5812628996465494,0.9047619047475436,0.0078528001416579,0.0589506843617507,8.16487386043359,6.774233306906691,True,0.8571428571428573,False,1,276.2400209558916,,,0.4291544503518612,0.9152542372881356
ARAMIS20,AutoEncoder,513454,SHAP,2.3030721614052427,False,1.520740475373993,0.9047619047475436,0.080978890754709,-0.7478991033523638,5.400870280270751,3.8094896261590336,True,0.6785714285714287,False,1,,,,0.4835240529517025,0.9615384615384616
ARAMIS20,AutoEncoder,513587,LIME,1.9099618755412695,False,1.8410958321748196,0.9047619047475436,0.08125224450013,0.5086915884992486,7.377226985742644,2.525777228354769,True,0.3214285714285715,False,1,,,,0.2125161588485273,0.8823529411764706
ARAMIS20,AutoEncoder,513587,MAPLE,1.0253490173858268,False,1.4011287968916086,0.9047619047475436,-0.4407492645524711,-0.3386458003087905,19.13629557349906,1.2576989454894758,True,0.5357142857142858,False,1,,,,0.5549629877378294,1.0
ARAMIS20,AutoEncoder,513587,SHAP,2.330964234056374,False,1.8422959418188385,0.9047619047475436,-0.0770660722916535,0.2142835223338647,5.214177390219181,3.75865732165093,True,-0.7857142857142859,False,1,,,,0.2464828926624779,0.9473684210526316
ARAMIS20,AutoEncoder,513775,LIME,0.8341972137830966,False,1.5193630628583428,0.9047619047475436,0.3911429477596863,0.2806156552420016,8.883370247905562,1.4886576771882525,True,-0.2857142857142857,False,1,,,,0.4964890405677978,1.0
ARAMIS20,AutoEncoder,513775,MAPLE,1.400596389528914,False,1.5985329607415668,0.9047619047475436,0.0550503535816833,0.5252412407865324,4.590345078623948,4.02824199600608,True,-0.1785714285714286,False,1,,,,0.4552566607367199,0.913793103448276
ARAMIS20,AutoEncoder,513775,SHAP,1.1766457916973023,False,1.692555697625264,0.9047619047475436,0.3137110960539497,0.3020776553253156,4.027091436805868,2.053126454394066,True,-0.1785714285714286,False,1,,,,0.3847165710595303,1.0
ARAMIS20,AutoEncoder,513792,LIME,1.12090881030594,False,1.677689738477081,0.9047619047475436,-0.1195564272840632,-0.0773409239778938,9.470517912584262,2.256277052248275,True,0.2857142857142857,False,1,,,,0.3414385811770936,0.8666666666666667
ARAMIS20,AutoEncoder,513792,MAPLE,4.5068542045507085,False,1.5540281288183737,0.9047619047475436,-0.1396830965952704,0.3140900251698218,3.991592471420462,10.34965601511306,True,-0.2857142857142857,False,1,,,,0.4788398360568161,0.913793103448276
ARAMIS20,AutoEncoder,513792,SHAP,1.5820151884894074,False,1.635210025683113,0.9047619047475436,0.0229143823695709,-0.2996253841859855,4.550882712774164,2.9457143347071124,True,0.0714285714285714,False,1,,,,0.4337261485327486,0.9629629629629628
ARAMIS20,AutoEncoder,513839,LIME,1.2480466192031714,False,1.7660208023254749,0.9047619047475436,-0.1652016940989144,-0.1816192515128483,9.00233015366157,2.3044823522484794,True,-0.5,False,1,,,,0.3237895143650031,0.8421052631578947
ARAMIS20,AutoEncoder,513839,MAPLE,1.3704290107803865,False,1.3138302987358803,0.9047619047475436,-0.7022974313283312,-0.6929466526606028,4.387896003299821,2.318165637544217,True,-0.1071428571428571,False,1,,,,0.5522568219352969,0.9016393442622952
ARAMIS20,AutoEncoder,513839,SHAP,1.497117115977543,False,1.794395446210468,0.9047619047475436,-0.0063035945878684,-0.0268765848979919,5.653875705489174,2.9387535970005945,True,-0.1785714285714286,False,1,,,,0.3040349885271868,0.9491525423728814
ARAMIS20,AutoEncoder,590810,LIME,0.3357893133365768,False,1.711789429362145,0.9047619047475436,-0.4130832211717487,0.4828124531839424,4.923719016162123,0.8786742567479842,True,-0.5357142857142858,False,1,1.8996405356384232,83.94604760161481,,0.3528773868739551,0.9130434782608696
ARAMIS20,AutoEncoder,590810,MAPLE,0.4595903368921525,False,1.3768229736395037,0.9047619047475436,0.2403636373011698,-0.5633678846296777,3.691299184439482,0.8871126491599206,True,-0.2857142857142857,False,1,58.420073433546015,57204.937659257776,,0.5616286735475132,0.8983050847457628
ARAMIS20,AutoEncoder,590810,SHAP,0.4544408086325955,False,1.5906371727719792,0.9047619047475436,-0.4921272058641545,0.5076436534117281,1.6918592968443709,0.9497026176107208,True,-0.2857142857142857,False,1,33.38782706504092,1584.6460726505695,,0.4139440410358775,0.9615384615384616
ARAMIS20,AutoEncoder,591850,LIME,0.2251320659147916,False,1.7782957217110755,0.9047619047475436,0.34196072207708,0.6409247244093168,2.906653738159808,0.5985288308825456,True,-0.2142857142857143,False,1,0.1867759997917574,26.576641162667556,,0.299561484450997,0.8947368421052632
ARAMIS20,AutoEncoder,591850,MAPLE,1.0013465801797294,False,1.6903376394465883,0.9047619047475436,-0.3045347914101899,-0.3457333209145984,4.376886217781503,3.063544401556116,True,-0.1785714285714286,False,1,2.6330266724253324,317.32188602981853,,0.373693169139988,0.9016393442622952
ARAMIS20,AutoEncoder,591850,SHAP,0.4185952014308899,False,1.6294156544307832,0.9047619047475436,0.2758869292850933,0.4943759300953628,2.0886386004114743,0.8468606061932359,True,-0.3928571428571429,False,1,3.6787083888740417,574.7272002546035,,0.4154469671314428,0.9387755102040816
ARAMIS20,AutoEncoder,592874,LIME,0.2816417071934124,False,1.800693975918518,0.9047619047475436,-0.480019203695993,-0.0387457342487338,4.909991254754975,0.8310830234092216,True,0.4285714285714286,False,1,1.013560237572093,225.9042103447993,,0.2920121294216015,0.9047619047619048
ARAMIS20,AutoEncoder,592874,MAPLE,0.7354973105533373,False,1.1757527050273122,0.9047619047475436,0.5906569617253499,0.0175467224483364,7.4435234936775005,2.837846892606948,True,0.1428571428571428,False,1,18990.049588815866,528692.3795438064,,0.625002744525538,0.9
ARAMIS20,AutoEncoder,592874,SHAP,0.4163414888962822,False,1.665009845748653,0.9047619047475436,-0.7285260634568926,-0.114875040267788,1.9676796053599892,0.9167851361683363,True,0.2857142857142857,False,1,2.718503066991137,673.1336698094366,,0.4049968965665648,1.0
ARAMIS20,AutoEncoder,593815,LIME,0.2515261899316792,False,1.7683870616365995,0.9047619047475436,0.1133475961631469,-0.3924099622733216,3.331623481310398,0.643263591434174,True,-0.5714285714285715,False,1,0.012939367318787,2644.191635417202,,0.3046935449958804,0.8787878787878788
ARAMIS20,AutoEncoder,593815,MAPLE,1.101700848113352,False,1.6635541010633463,0.9047619047475436,-0.0673751007791372,0.2848503013941184,4.08797893768003,2.3220173010710257,True,-0.6785714285714287,False,1,0.1164561291876968,6184.016972084606,,0.411447104041066,0.9
ARAMIS20,AutoEncoder,593815,SHAP,0.4829928983656195,False,1.638429280389293,0.9047619047475436,-0.1527676959514194,-0.0755657362624257,1.7597262160728022,0.9549537509129414,True,-0.6071428571428572,False,1,0.0600856087218311,2437.238046426424,,0.4219984368052454,0.9215686274509804
ARAMIS20,AutoEncoder,593866,LIME,0.3368737999049396,False,1.6839518743982322,0.9047619047475436,-0.1855623709351141,-0.2326178088691845,4.912710737023702,0.7318674716307203,True,-0.1071428571428571,False,1,29.47760802219761,139252.24971856023,,0.3617051424610005,0.8888888888888888
ARAMIS20,AutoEncoder,593866,MAPLE,0.5108072807330615,False,1.6049714236011736,0.9047619047475436,0.0943038597404895,0.4344257234935583,6.214538431396831,1.2486658725710589,True,0.4285714285714286,False,1,16.911216383586492,101710.70235056512,,0.4259189250887869,0.9016393442622952
ARAMIS20,AutoEncoder,593866,SHAP,0.410004524808382,False,1.6147043463387367,0.9047619047475436,-0.4435466439794605,-0.1980979012372736,2.112632163828691,0.9067585334839188,True,-0.3928571428571429,False,1,3.476221165510232,778.6920090205624,,0.4365246336565093,0.9272727272727272
ARAMIS20,AutoEncoder,631817,LIME,0.4834909680404217,False,1.590457257708651,0.0793650793638196,0.7948566331496879,0.1746046312397236,7.918346057200059,1.4098771975597948,True,0.3571428571428572,True,1,,,,0.4304354368219412,0.0967741935483871
ARAMIS20,AutoEncoder,631817,MAPLE,0.3233665439614321,False,1.8131324607645596,0.0793650793638196,0.4229925752831141,-0.0484651488730108,4.730895304133948,0.8609572571158626,True,0.642857142857143,False,1,,,,0.2673625898407126,0.081967213114754
ARAMIS20,AutoEncoder,631817,SHAP,0.4283951401631474,False,1.5173001716989565,0.0793650793638196,0.9335873049597828,0.5397933110215589,3.243328819349664,0.7041999680951939,True,0.5357142857142858,False,1,,,,0.4780338485174807,0.1764705882352941
ARAMIS20,AutoEncoder,631820,LIME,0.7739758827921649,False,1.6952193827045343,0.19999999996,0.6121242745466237,-0.2590644709505297,7.316650081569284,1.6216626127695548,True,0.6785714285714287,False,4,,,,0.3674724736541939,0.5
ARAMIS20,AutoEncoder,631820,MAPLE,0.7037682979381983,False,1.7953941155042632,0.19999999996,0.5990253374426283,-0.1010963988459703,15.271719700500192,1.9636958089011,True,0.3928571428571429,False,4,,,,0.293469460309333,1.0
ARAMIS20,AutoEncoder,631820,SHAP,0.4924919876814869,False,1.309027627860398,0.19999999996,0.938205278501238,0.2651398779974891,5.329158189195884,0.958656009416013,True,0.3928571428571429,False,4,,,,0.5904257012594152,1.0
ARAMIS20,AutoEncoder,631822,LIME,0.6908444144626174,False,1.7068641379047342,0.19999999996,0.6012356652670895,-0.2806687455015037,6.978992054402912,1.5422056476685324,True,0.7142857142857144,False,4,,,,0.3700306722115154,0.5
ARAMIS20,AutoEncoder,631822,MAPLE,0.6696416028934822,False,1.775734076915358,0.19999999996,0.5725602541170115,0.2286470126451374,14.00533365645981,2.097576665328568,True,0.0714285714285714,False,4,,,,0.3171991887398385,1.0
ARAMIS20,AutoEncoder,631822,SHAP,0.4777319695477345,False,1.5042950830589013,0.19999999996,0.90320252347912,0.2589413046991419,5.759118955849544,0.8760672913166336,True,0.5,False,4,,,,0.5077683989069799,1.0
ARAMIS20,AutoEncoder,646702,LIME,1.0458646080879728,False,1.733486000309441,0.59999999988,0.1644597330991203,0.3150648356393002,6.546621092341768,2.445799112672828,True,0.4285714285714286,False,1,,,,0.3510615010195725,0.0
ARAMIS20,AutoEncoder,646702,MAPLE,1.590331053567496,False,1.5940392359049516,0.59999999988,-0.2109981360241816,-0.1860274515587767,3.046964865637079,4.493537713797407,True,-0.5357142857142858,False,1,,,,0.4516653721931402,1.0
ARAMIS20,AutoEncoder,646702,SHAP,1.1629700756775336,False,1.6927157811175189,0.59999999988,-0.2891075504013469,-0.0940045111949745,5.589226298051437,2.188997168141628,True,0.8214285714285715,False,1,,,,0.3840963418423682,0.0
ARAMIS20,AutoEncoder,647568,LIME,1.0708083310884549,False,1.6506506678081732,0.59999999988,-0.0150067446529229,0.4904524745766137,10.475313308847111,2.135892363305861,True,0.2857142857142857,False,1,,,,0.4237201917249259,0.0
ARAMIS20,AutoEncoder,647568,MAPLE,2.037670050033798,False,1.3190649950145634,0.59999999988,-0.917697716969766,-0.1630128310454194,6.038487748030361,6.583036023119439,True,0.8928571428571429,False,1,,,,0.5872877418157498,1.0
ARAMIS20,AutoEncoder,647568,SHAP,1.364556289270148,False,1.6190013451632426,0.59999999988,-0.0795026715287033,0.1781392733391346,8.000548126330804,2.334435497671798,True,0.0714285714285714,False,1,35.534338188660094,,,0.4421296400126556,0.0
ARAMIS20,AutoEncoder,647733,LIME,0.3236270668694018,False,1.6389631719371596,0.59999999988,0.6372767748457344,0.7404837606677594,4.699503465365951,1.2317437007480492,True,0.8571428571428573,False,1,,,,0.4237721657100088,0.0
ARAMIS20,AutoEncoder,647733,MAPLE,0.597322808250663,False,1.5325304894027751,0.59999999988,-0.0146908266299231,0.646985367940135,6.350837012915394,1.1590263381016292,True,0.3928571428571429,False,1,,,,0.4696830209252521,1.0
ARAMIS20,AutoEncoder,647733,SHAP,0.7173882664487268,False,1.705615171705032,0.59999999988,0.6139212617593478,0.5396157615577543,4.921937732689494,1.2765426462490663,True,0.8928571428571429,False,1,,,,0.3633288488724019,0.0
ARAMIS20,AutoEncoder,647859,LIME,0.3729486442800038,False,1.8022641685451493,0.59999999988,0.1326431151926327,0.1831727881678997,5.7917503012508655,0.9894276114439516,True,-0.0714285714285714,False,1,0.447105324248496,97.268652821081,,0.2923629335963363,0.0
ARAMIS20,AutoEncoder,647859,MAPLE,0.6931670616152451,False,1.4794892919426683,0.59999999988,-0.453413078566436,-0.3008581355614247,7.622193097830346,2.7916727343000693,True,-0.0714285714285714,False,1,2.3153992314228096,211.18184096567077,,0.5135032481228099,0.0
ARAMIS20,AutoEncoder,647859,SHAP,0.6189392322853443,False,1.8243390897847465,0.59999999988,-0.085216882874676,0.0185163865581555,5.276341803922095,1.489092776853144,True,0.0714285714285714,True,1,0.4753082347826019,67.34717601382641,,0.2710927700618726,0.0
ARAMIS20,ECOD,11917,LIME,0.9071380191361756,False,1.8863686822384504,0.9047619047475436,-0.1434971607839554,0.2294544606507703,12.415169228405963,1.5403392936702198,True,0.9642857142857144,False,1,,,,0.193368132572186,0.9074074074074074
ARAMIS20,ECOD,11917,MAPLE,1.2604159330672209,False,1.2163573334255915,0.9047619047475436,0.7897994627001961,-0.7948139172946872,4.985996038557059,2.730842734828053,True,0.6126374746329801,False,3,,,,0.6179586030289242,0.0
ARAMIS20,ECOD,11917,SHAP,1.4960434376171003,False,1.6568203257156364,0.9047619047475436,-0.6241015703797249,0.6706852589843806,4.82823824744882,2.417682057997406,True,-0.1785714285714286,False,1,,,,0.3837827494312256,1.0
ARAMIS20,ECOD,11918,LIME,1.1872109765224124,False,1.9245180219963705,0.9047619047475436,-0.7933665066537486,0.7046737150926057,14.73689608720643,1.7616085627777345,True,0.5357142857142858,False,0,4.698514182590708,122.49223095821344,,0.1163938570336531,0.9019607843137256
ARAMIS20,ECOD,11918,MAPLE,1.5119285195531649,False,1.280309624981153,0.9047619047475436,0.8091029171564219,-0.8623841489483401,4.7359229757685615,3.493377690758852,True,0.9369749612033816,False,2,18.31059828509633,880.9234855981877,,0.5894835901665669,0.0
ARAMIS20,ECOD,11918,SHAP,1.5171242881591664,False,1.9082529487074888,0.9047619047475436,-0.7445066058388805,0.6342864833813341,6.811404474070352,2.6092011263163126,True,0.0,False,0,3.3262258371547837,71.39796905913808,,0.1554768527958583,0.925925925925926
ARAMIS20,ECOD,11919,LIME,0.892732373989932,False,1.93338040053087,0.9047619047475436,-0.2059059215255061,-0.1100199545569073,15.632096858466545,1.6544607896506998,True,-0.3571428571428572,False,0,5.554628080494939,5612.495085535253,,0.0859671542451644,0.903846153846154
ARAMIS20,ECOD,11919,MAPLE,5.293826135633526,False,1.3944932430974089,0.9047619047475436,0.1040959400586313,0.1843676115390341,4.180968360926601,9.854072427659792,True,0.1801874925391118,False,2,62.46559669837198,44093.29411464937,,0.5150742866776595,0.0
ARAMIS20,ECOD,11919,SHAP,1.430793106089985,False,1.8144968388689424,0.9047619047475436,-0.448645518211695,0.2075953720396038,5.818578636199591,2.5129053848021563,True,0.1071428571428571,False,0,10.160218474884251,25209.24468638523,,0.2755852894052552,1.0
ARAMIS20,ECOD,11923,LIME,0.7522970355627621,False,1.920872234713916,0.9047619047475436,0.0237687116384082,-0.0376297649608294,17.556301477565338,1.3846092048582257,True,0.8214285714285715,False,1,,272.179954467228,,0.124458968093087,0.9069767441860463
ARAMIS20,ECOD,11923,MAPLE,0.67734565444957,False,1.3820253989466065,0.9047619047475436,0.5333666295382392,-0.1426211050681719,3.269861748008197,1.523352525955794,True,0.6847124716486249,False,3,,,,0.5507309828300476,0.0
ARAMIS20,ECOD,11923,SHAP,1.821366229542213,False,1.556750569968657,0.9047619047475436,-0.4492172868079297,0.2893183382707521,7.480457586413935,3.374802040804709,True,-0.1071428571428571,False,1,26.439475854546806,1584.7662614322896,,0.468835872400122,1.0
ARAMIS20,ECOD,11938,LIME,0.4755123956098689,False,1.9004679951233496,0.9047619047475436,-0.3231925281576088,-0.1407628385651017,7.772959147365335,1.149840585413986,True,0.1071428571428571,False,1,,,,0.1622233047671151,0.8958333333333334
ARAMIS20,ECOD,11938,MAPLE,0.8400442243797949,False,1.3288077339074438,0.9047619047475436,-0.1105351428104896,-0.6728604120969399,2.240545502371151,1.6828482348875915,True,-0.2342437403008453,False,1,,,,0.5561295390331309,0.0
ARAMIS20,ECOD,11938,SHAP,0.900151955994822,False,1.5781086968847728,0.9047619047475436,-0.528473748408473,0.1113948365128311,4.112634788887428,1.6535138793520752,True,0.1428571428571428,False,1,,,,0.4323813554210892,0.9230769230769232
ARAMIS20,ECOD,18919,LIME,0.8255489313927988,False,1.8957819267603384,0.9047619047475436,-0.4830332845569423,0.3623943218047301,13.21099576923014,1.4486204460677583,True,0.3214285714285715,False,1,,,,0.1758106080383547,0.896551724137931
ARAMIS20,ECOD,18919,MAPLE,0.5147500107667465,False,1.2172116168537284,0.9047619047475436,0.4636146654361236,-0.4593634421995787,5.051967619847173,1.2231793560081778,True,0.0720749970156447,False,1,,,,0.6161312710074568,0.0
ARAMIS20,ECOD,18919,SHAP,0.8781956007157712,False,1.823945456096008,0.9047619047475436,-0.8282369000460065,0.763042517563937,5.542087640477354,1.3679507632584689,True,0.1428571428571428,False,1,,,,0.2673864583969585,0.9761904761904762
ARAMIS20,ECOD,18920,LIME,0.6627047470355504,False,1.8973805720206245,0.9047619047475436,0.1243684211186274,-0.155845714799744,13.726151582570935,1.4831396387327254,True,0.642857142857143,False,1,,,,0.1733790063300937,0.9107142857142856
ARAMIS20,ECOD,18920,MAPLE,0.785793278690151,False,1.3475190503077146,0.9047619047475436,0.7900537409831158,-0.5780051905299891,3.99191609001148,1.7820421487582634,True,0.4144312328399571,False,1,,,,0.5540510827208925,0.0
ARAMIS20,ECOD,18920,SHAP,1.536354386848414,False,1.618647082356385,0.9047619047475436,-0.5960327382611633,0.4005127974697612,7.809529492469449,2.6035388345072388,True,-0.3571428571428572,False,1,,,,0.4415431162447352,1.0
ARAMIS20,ECOD,18923,LIME,0.8450419858710876,False,1.889678352953517,0.9047619047475436,-0.1192261021185977,0.0685648557038727,14.141586661744114,1.5270578128481571,True,0.4285714285714286,False,1,,,,0.1884146113194059,0.8958333333333334
ARAMIS20,ECOD,18923,MAPLE,0.7021231484318713,False,0.938910064351136,0.9047619047475436,0.316467258304125,-0.4062882666767078,4.1841909263315165,1.575045853949958,True,-0.3243374865704013,False,1,,,,0.7081411936018559,0.0
ARAMIS20,ECOD,18923,SHAP,0.8315797949682182,False,1.2887876546828096,0.9047619047475436,-0.7354463878090903,0.6485016508865946,5.732075707970761,1.518658149351479,True,0.1428571428571428,False,1,,,,0.605891259980439,1.0
ARAMIS20,ECOD,18958,LIME,0.8678303709767984,False,1.8792545949103203,0.9047619047475436,-0.4658800043756472,0.399036240681889,12.887080248397975,1.556364313574923,True,0.2142857142857143,False,1,,,,0.1963377089936883,0.9148936170212766
ARAMIS20,ECOD,18958,MAPLE,0.4557716903154719,False,1.040496269874294,0.9047619047475436,0.3741170162277618,-0.4871965440480978,4.145823210291215,1.22851298225687,True,0.0540562477617335,False,1,,,,0.6854392004984272,0.0
ARAMIS20,ECOD,18958,SHAP,0.7562575898861273,False,1.7827496519197137,0.9047619047475436,-0.8423842906669843,0.783787212905898,9.03842917542342,1.5101974264028564,True,0.6071428571428572,False,1,,,,0.3086462710726857,0.9583333333333334
ARAMIS20,ECOD,20951,LIME,1.3544721191528284,False,1.915077341673571,0.9047619047475436,-0.7901391796218142,0.6944583512106031,12.866613189199512,1.885966957414303,True,0.1071428571428571,False,0,5.306064668041395,192.56181714080927,,0.1391585680468515,0.9166666666666666
ARAMIS20,ECOD,20951,MAPLE,2.067933477052184,False,1.3370770283977382,0.9047619047475436,0.7446955738147991,-0.8310972934827648,5.039787187089966,3.64960846221046,True,0.6306562238868914,False,2,12.042446856058373,645.5880241556405,,0.5624299926505723,0.0
ARAMIS20,ECOD,20951,SHAP,1.3504248581283644,False,1.873913610292245,0.9047619047475436,-0.7796452369208856,0.6564119782456835,6.118811373533573,2.340026463112696,True,-0.1785714285714286,False,0,4.4410488325048805,310.3905005860258,,0.2011251904040601,0.9411764705882352
ARAMIS20,ECOD,20990,LIME,0.4478911375157872,False,1.8944335615349768,0.9047619047475436,-0.3572693275280463,0.1691567470075275,7.2742967762595505,1.2087337758018153,True,0.2142857142857143,False,1,,,,0.1775574426541143,0.9074074074074074
ARAMIS20,ECOD,20990,MAPLE,0.8131926980828623,False,1.2923804601121691,0.9047619047475436,-0.1970621059063046,-0.3927108886006945,2.182108952804411,1.6010289853037052,True,-0.0360374985078223,False,1,,,,0.5938058602324778,0.0
ARAMIS20,ECOD,20990,SHAP,0.8128024160879757,False,1.560394473063512,0.9047619047475436,-0.7087236142268363,0.3938298223598012,5.722369188858004,1.353148782266994,True,0.1071428571428571,False,1,,,,0.4586402522752981,0.9333333333333332
ARAMIS20,ECOD,271817,LIME,0.4561772382070462,False,1.9119293500955936,0.9047619047475436,-0.0715764514252203,-0.1482325029708487,7.933292216808462,1.1530837401625176,True,0.4285714285714286,False,0,,,,0.1438489043701885,0.9074074074074074
ARAMIS20,ECOD,271817,MAPLE,0.3235399409465803,False,1.3683203719655437,0.9047619047475436,-0.8117135341295992,-0.895854039032487,1.7975750302760996,1.5680031066829527,True,0.30631873731649,False,2,,,,0.5498642364200662,0.0
ARAMIS20,ECOD,271817,SHAP,0.6472032790689275,False,1.4500259357196854,0.9047619047475436,-0.7917715087283337,-0.8165867755885495,5.9746213798871,1.3524959021148957,True,0.642857142857143,False,0,,,,0.5279699703227251,0.9230769230769232
ARAMIS20,ECOD,272788,LIME,0.4235465023200748,False,1.8866500419971524,0.0793650793638196,0.2930370390731533,0.039321065498416,5.39180224779273,1.1267513886495752,True,-0.4642857142857144,True,1,0.0041356921590804,4.303410428160123,,0.1898765147099498,0.0754716981132075
ARAMIS20,ECOD,272788,MAPLE,0.4968788298828724,False,1.2986629315032978,0.0793650793638196,0.4359356896864969,0.3921478433673981,1.895824401379197,2.0323385216262926,True,-0.5225437283634242,True,1,0.0104308304735322,1.2097751243215262,,0.5912166028046401,0.0
ARAMIS20,ECOD,272788,SHAP,0.845464163884114,False,1.7594664868370065,0.0793650793638196,0.7814829507747753,-0.2914067116692981,11.47623224326786,1.2433054226666265,True,-0.1785714285714286,True,1,0.1167542180325191,10.361779578666834,,0.3293867869108381,0.125
ARAMIS20,ECOD,307641,LIME,0.9605687417845352,False,1.9257358517528145,0.9047619047475436,-0.719559638985491,-0.7222114150509097,9.322378729342743,1.692445114835062,True,0.3571428571428572,False,0,,,,0.1139614751527078,0.9375
ARAMIS20,ECOD,307641,MAPLE,0.4892375432662779,False,1.4682689924154395,0.9047619047475436,0.3850790790859062,0.4148351817372563,7.799955555615162,3.5431731229509045,True,0.3423562358243124,False,2,,,,0.4910910240776764,0.0
ARAMIS20,ECOD,307641,SHAP,0.8981657374431091,False,1.7831122961232595,0.9047619047475436,-0.9519517568524632,-0.9317445779620186,9.25170577310357,1.7928870841356166,True,0.6785714285714287,False,0,,,,0.2815690107696786,0.9
ARAMIS20,ECOD,308756,LIME,0.5401032439472803,False,1.8917653271615475,0.9047619047475436,-0.5221576811847403,0.3637280008273528,8.493331225854401,1.1170846643535564,True,0.2142857142857143,False,1,,,,0.1791952303262829,0.8636363636363636
ARAMIS20,ECOD,308756,MAPLE,0.5170420286439487,False,1.3828122935640492,0.9047619047475436,-0.7396728058318545,0.8810042337175141,3.039325510038631,1.9721643382298613,True,0.4144312328399571,False,1,,,,0.5421318745111342,0.0
ARAMIS20,ECOD,308756,SHAP,0.7307076722830829,False,1.4659662499075514,0.9047619047475436,-0.8314221891223726,0.7023851266791086,4.776308200865654,1.595872558937348,True,0.3214285714285715,False,1,,,,0.5192109953347205,0.9230769230769232
ARAMIS20,ECOD,309426,LIME,0.881062489361617,False,1.9147492720632449,0.9047619047475436,-0.5209251157749437,-0.023201747956689,11.913376883282202,1.6779619064446298,True,-0.0357142857142857,False,0,,,,0.1362630923430488,0.902439024390244
ARAMIS20,ECOD,309426,MAPLE,0.5455326138825919,False,0.7721312518736995,0.9047619047475436,0.0021923022314363,0.7626470506301227,9.107272182704492,2.410794259813712,True,0.0360374985078223,False,2,,,,0.7431057052236997,0.0
ARAMIS20,ECOD,309426,SHAP,1.4100863342283645,False,1.4603541211114734,0.9047619047475436,-0.9184119418804944,-0.3925195342810724,9.465764592453327,2.2786305426077327,True,0.4642857142857144,False,0,,,,0.5182379919476209,0.9761904761904762
ARAMIS20,ECOD,309757,LIME,0.2434954853860109,False,1.8959050539907107,0.0793650793638196,0.7399823445708549,0.704399617367447,5.768220914891434,0.943645324363404,True,0.8571428571428573,False,0,,,,0.1747170774011414,0.074074074074074
ARAMIS20,ECOD,309757,MAPLE,0.5160482792191358,False,1.412892585844548,0.0793650793638196,0.00955475969205,0.2402345220250388,2.8772478870635774,2.718265018043334,True,0.8648999641877367,False,2,,,,0.5274227442247172,0.0
ARAMIS20,ECOD,309757,SHAP,0.3938847412187904,False,1.689693888684856,0.0793650793638196,0.946780707180169,0.943092016184588,4.311652499107401,0.8043159573207449,True,0.7500000000000002,True,0,,,,0.3805432148090306,0.1538461538461538
ARAMIS20,ECOD,310719,LIME,0.5715020016575452,False,1.9116987926894533,0.9047619047475436,-0.2618545890794992,-0.0335467776496077,11.835457862730896,1.4099547173302178,True,0.2857142857142857,False,0,,,,0.1393874433764157,0.8979591836734694
ARAMIS20,ECOD,310719,MAPLE,0.8473808757229939,False,1.409150424151566,0.9047619047475436,0.7367893581135072,0.86256772422954,5.077935612803953,1.769846536014415,True,0.198206241793023,False,2,,,,0.529427861505683,0.0
ARAMIS20,ECOD,310719,SHAP,0.9807332312742442,False,1.665293706177202,0.9047619047475436,-0.619964899493699,-0.4592869626562226,4.573012317253966,1.7304716260315949,True,0.4285714285714286,False,0,,,,0.4040572009242553,1.0
ARAMIS20,ECOD,316611,LIME,0.5339829482442504,False,1.911131967018035,0.0793650793638196,-0.3884552085635589,0.2107147072804552,8.071640642750594,1.1517465477962583,True,-0.1071428571428571,True,1,,,,0.1440052974920935,0.081081081081081
ARAMIS20,ECOD,316611,MAPLE,0.945872403987885,False,1.2190516134284874,0.0793650793638196,-0.4630630305696619,0.1999456330817891,2.5053838966045423,2.016741728302525,True,-0.30631873731649,True,1,,,,0.6141410530914273,0.0
ARAMIS20,ECOD,316611,SHAP,0.8737130752252038,False,1.7689984612873468,0.0793650793638196,0.7261686902547831,-0.7146206238331267,8.462170633950914,1.3377426707278322,True,0.5714285714285715,True,1,,,,0.3267294654729765,0.0476190476190476
ARAMIS20,ECOD,318513,LIME,0.4011046524155615,False,1.902080677468305,0.9047619047475436,-0.5547877374787332,0.3955599804709199,9.791817145065856,1.1377841247495062,True,0.1785714285714286,False,1,,,,0.1631135187224916,0.9107142857142856
ARAMIS20,ECOD,318513,MAPLE,0.9083446589184904,False,1.3698614218137697,0.9047619047475436,-0.237831637395707,0.042690112162767,1.919765843707817,1.8803011874432003,True,0.0,False,1,,,,0.541739633062225,0.0
ARAMIS20,ECOD,318513,SHAP,0.7982832641693531,False,1.8647972311955687,0.9047619047475436,-0.6893142811046091,0.5247814582803629,4.83817647276214,1.2066394408621932,True,0.3214285714285715,False,1,,,,0.2234785115322225,0.896551724137931
ARAMIS20,ECOD,318558,LIME,0.2964248502807782,False,1.906424519563654,0.0793650793638196,0.6985204349671522,0.572753778200485,5.555023503502285,1.011914424365955,True,0.6785714285714287,True,1,,,,0.158680134261095,0.074074074074074
ARAMIS20,ECOD,318558,MAPLE,0.5242035151735226,False,1.4230210221298685,0.0793650793638196,0.5627723404076254,0.7474291489491365,2.7341055313035194,2.3767688742531514,True,0.30631873731649,True,1,,,,0.5171907157772933,0.0
ARAMIS20,ECOD,318558,SHAP,0.591085236135502,False,1.653556137744061,0.0793650793638196,0.88337784774764,0.8296125928013103,5.92209579571864,1.049058513798499,True,0.9285714285714288,True,1,,,,0.3912268223875267,0.1071428571428571
ARAMIS20,ECOD,340491,LIME,0.7584027545201905,False,1.8968140380662384,0.9047619047475436,-0.3736476728431855,0.2717364492811908,17.206663395261778,1.451911424901163,True,-0.0357142857142857,False,0,,,,0.1709175922969643,0.90625
ARAMIS20,ECOD,340491,MAPLE,0.4095813972284822,False,0.965557137160168,0.9047619047475436,0.6880662014047891,-0.6847093118087089,3.5018429613212634,1.195939692946884,True,-0.2702812388086677,False,2,,,,0.7037873482441974,0.0
ARAMIS20,ECOD,340491,SHAP,0.8770829271116622,False,1.7695060337933637,0.9047619047475436,-0.9016145407757568,0.8461174977125185,6.746148942276212,1.5242763085682527,True,0.7857142857142859,False,0,,,,0.3253232041380056,1.0
ARAMIS20,ECOD,340531,LIME,1.362185329544732,False,1.9012329149284344,0.9047619047475436,-0.6526971026064096,0.703466080865221,13.126343341590545,1.8924047091368168,True,0.3571428571428572,False,1,,,,0.1593272579917854,0.9
ARAMIS20,ECOD,340531,MAPLE,0.8700585644306267,False,1.3523949685417729,0.9047619047475436,0.5459781354944645,-0.8028714800865004,11.584634892832048,3.921689392844617,True,0.7207499701564473,False,3,,,,0.5507446180175646,0.0
ARAMIS20,ECOD,340531,SHAP,1.4820750625922958,False,1.869832646689173,0.9047619047475436,-0.7497519068161803,0.6160160020746633,7.526636630183716,2.773727318182633,True,0.0714285714285714,False,1,,,,0.2133463447910619,0.9423076923076924
ARAMIS20,ECOD,35906,LIME,1.0010560913048432,False,1.8884479776997023,0.9047619047475436,-0.2506125113921558,0.3878564304980813,12.72181766871642,1.7016920753454583,True,0.25,False,1,,,,0.1874955875782243,0.9166666666666666
ARAMIS20,ECOD,35906,MAPLE,0.4164334296949616,False,1.2327933233866673,0.9047619047475436,0.8354109065556283,-0.9250972178438556,2.9352632857405005,1.1874187797637044,True,0.3243374865704013,False,1,,,,0.6059159551999729,0.0
ARAMIS20,ECOD,35906,SHAP,1.0558622566589209,False,1.6987029782902283,0.9047619047475436,-0.7869316522456145,0.7465668276894415,7.621449649933187,1.628713030749018,True,0.8214285714285715,False,1,,,,0.3843148865421962,1.0
ARAMIS20,ECOD,35911,LIME,0.9167262001842258,False,1.8998906412470236,0.9047619047475436,-0.0997658079633331,0.0634048792983449,12.22123973810062,1.6947783708566917,True,0.5714285714285715,False,1,,,,0.1656317095967978,0.9019607843137256
ARAMIS20,ECOD,35911,MAPLE,0.481682225220711,False,1.1698914121552866,0.9047619047475436,0.5756146840748497,-0.6681592206964623,4.255012941656534,1.1464828879552993,True,0.594618725379069,False,1,,,,0.6451341031024164,0.0
ARAMIS20,ECOD,35911,SHAP,1.4209431662877454,False,1.8740570137310175,0.9047619047475436,-0.4193140124221213,0.3397845232899881,8.202534847829348,2.709795919898916,True,0.642857142857143,False,1,,,,0.212061181727177,0.9464285714285714
ARAMIS20,ECOD,35919,LIME,1.414130645299676,False,1.91344693960524,0.9047619047475436,-0.8388319239780015,0.7513733383528683,14.832485609369284,2.0809402540281825,True,0.642857142857143,False,1,,,,0.1415226293578288,0.8909090909090909
ARAMIS20,ECOD,35919,MAPLE,0.7088307342230101,False,1.3618276131184153,0.9047619047475436,0.7059683315141221,-0.8105828796577547,4.079189901502508,3.1014924874177288,True,0.7207499701564473,False,3,,,,0.5544842411696633,0.0
ARAMIS20,ECOD,35919,SHAP,1.7914599239383362,False,1.8186874842477216,0.9047619047475436,-0.5428084353764839,0.5899151175662822,8.40005882003195,3.183282079244487,True,0.4285714285714286,False,1,,,,0.2602876233874442,0.9622641509433962
ARAMIS20,ECOD,385204,LIME,1.250324777077159,False,1.920108848489616,0.9047619047475436,-0.7270329467109466,-0.599550158087665,16.462571072755967,1.775713222418225,True,0.3928571428571429,False,0,,,,0.1290949935670649,0.8979591836734694
ARAMIS20,ECOD,385204,MAPLE,1.72991765371853,False,1.3542697819634353,0.9047619047475436,0.5725538745265979,0.7064653267126619,4.80812471353202,3.1276300147088625,True,0.4865062298556019,False,2,,,,0.5592828411002608,0.0
ARAMIS20,ECOD,385204,SHAP,1.2373097411440883,False,1.7627299908626433,0.9047619047475436,-0.88641181030667,-0.7860295516054769,8.322336516827566,2.1045737502604736,True,0.2142857142857143,False,0,,,,0.3266654991633478,0.9736842105263158
ARAMIS20,ECOD,385224,LIME,0.7760571302239765,False,1.90230574838312,0.9047619047475436,-0.3496574065123788,-0.3906016200599781,9.298982248205062,1.5176929872944462,True,-0.0714285714285714,False,1,,,,0.1523584428142677,0.9090909090909092
ARAMIS20,ECOD,385224,MAPLE,0.5303234870687955,False,1.288265664532673,0.9047619047475436,0.3997396376056992,0.3020313562073856,3.3753645955848586,1.2718788730961963,True,-0.2882999880625789,False,1,,,,0.5953756669627863,0.0
ARAMIS20,ECOD,385224,SHAP,0.9739145511012092,False,1.6707773990203176,0.9047619047475436,-0.82657566116588,-0.7966536716673388,9.916082366318212,1.8188249243449532,True,0.5714285714285715,False,1,,,,0.4070030214004618,0.9565217391304348
ARAMIS20,ECOD,385353,LIME,1.351247650953205,False,1.919857481557072,0.9047619047475436,0.2960953116764344,0.1422331753339107,20.92735874251788,1.7731171575132476,True,0.7142857142857144,False,1,,,,0.1236389144761835,0.9074074074074074
ARAMIS20,ECOD,385353,MAPLE,1.333020690624813,False,1.1272758820344615,0.9047619047475436,-0.4567639501637664,-0.4108027653266637,12.10988213252086,2.162420781820396,True,0.6666937223947136,False,3,,,,0.6586374035689799,0.0
ARAMIS20,ECOD,385353,SHAP,1.7784150666088383,False,1.734643790274585,0.9047619047475436,-0.254495919737671,-0.2026602243063093,7.730757520227108,2.645338385520271,True,-0.3214285714285715,False,1,,,,0.3362091689944398,0.9777777777777776
ARAMIS20,ECOD,385508,LIME,1.273466324336497,False,1.933620282586005,0.9047619047475436,-0.903812948738464,-0.9340547287703924,15.52350536000981,1.7475647344566616,True,0.6071428571428572,False,1,0.1814747689384007,746.3571396916764,,0.0885764033012058,0.9069767441860463
ARAMIS20,ECOD,385508,MAPLE,2.364562007066813,False,1.3083834449113132,0.9047619047475436,0.0665556672808683,0.1940763909131141,9.969235911059537,5.242976699023488,True,-0.0360374985078223,False,1,7.863655525196505,12884.784108052045,,0.5521158310779751,0.0
ARAMIS20,ECOD,385508,SHAP,1.295578066257426,False,1.879940193682357,0.9047619047475436,-0.9272565514560756,-0.9534588353537624,9.718753498741128,1.8659079288178244,True,0.642857142857143,False,1,0.1526057534910911,3491.531846567711,,0.1715008835707542,0.95
ARAMIS20,ECOD,385527,LIME,1.6448613315888516,False,1.9096339534012092,0.9047619047475436,-0.8503084773483787,-0.8341451272116882,16.0386397483484,2.0993359668376907,True,0.7142857142857144,False,1,,,,0.1497582750488675,0.9473684210526316
ARAMIS20,ECOD,385527,MAPLE,2.681321846811416,False,1.4787779230918512,0.9047619047475436,0.7757737743236366,0.6564910667058967,9.813151064007917,10.221235489783489,True,0.1801874925391118,False,3,,,,0.460253712000053,0.0
ARAMIS20,ECOD,385527,SHAP,2.1743134995473503,False,1.8613227310190708,0.9047619047475436,-0.930969420602304,-0.945371270331478,8.961132346600447,3.613061497690821,True,0.3214285714285715,False,1,,,,0.2147837328804742,0.9433962264150944
ARAMIS20,ECOD,385564,LIME,1.3176652572301522,False,1.9255796359446409,0.9047619047475436,-0.8833683326823346,-0.9154539698169272,15.91817634569102,1.809710394967582,True,0.6071428571428572,False,1,,,,0.1122917062064469,0.9130434782608696
ARAMIS20,ECOD,385564,MAPLE,0.9871709282771066,False,1.354043469092261,0.9047619047475436,-0.0661972146800855,-0.2687938517047019,6.84562923145798,2.623421832863273,True,0.0,False,1,,,,0.5431197340692839,0.0
ARAMIS20,ECOD,385564,SHAP,1.336559586919808,False,1.8172761348272524,0.9047619047475436,-0.904959966315241,-0.9255950253806866,7.984671845498181,2.24872343069728,True,-0.1071428571428571,False,1,,,,0.2505816307064826,0.9444444444444444
ARAMIS20,ECOD,386255,LIME,0.7355544253442983,False,1.909761770277688,0.9047619047475436,0.4029702423769027,0.1460618934680649,10.66768494471809,1.5518369034309318,True,-0.0714285714285714,False,1,,,,0.1465482379290879,0.9090909090909092
ARAMIS20,ECOD,386255,MAPLE,0.8265886308632843,False,1.3471587957844882,0.9047619047475436,0.6418675013549474,0.0581225964867985,2.302533606087316,1.6360393867947722,True,-0.1801874925391118,False,1,,,,0.5545388498307343,0.0
ARAMIS20,ECOD,386255,SHAP,1.2675178634613196,False,1.7104637126332525,0.9047619047475436,-0.3853863848786963,-0.3045446883999481,6.413364920073588,2.061556787427432,True,0.3571428571428572,False,1,,,,0.3781457275503225,0.94
ARAMIS20,ECOD,392256,LIME,0.3565267457846836,False,1.899674986616061,0.9047619047475436,-0.4514978894120703,-0.3614264085680493,6.449432130103935,1.0711619072009264,True,-0.4285714285714286,False,0,,,,0.1655273778665839,0.8913043478260869
ARAMIS20,ECOD,392256,MAPLE,0.9457965431261808,False,1.377840216595057,0.9047619047475436,-0.2525322870943821,-0.1773692839460576,2.2300492769617977,2.0586983106966987,True,-0.30631873731649,False,2,,,,0.539709279459969,0.0
ARAMIS20,ECOD,392256,SHAP,0.7242718074398894,False,1.821808661011041,0.9047619047475436,-0.7634724141080153,-0.6666450294333081,5.898065514490586,1.0746044699462065,True,0.1071428571428571,False,0,,,,0.271482792733181,0.9166666666666666
ARAMIS20,ECOD,429198,LIME,0.4248498206490921,False,1.879055550600842,0.0793650793638196,0.2072709744143718,0.200584992242142,6.149488514259265,1.115910616274978,True,-0.1071428571428571,True,1,0.1787643272120938,4.745534703788912,,0.1990118916422883,0.0625
ARAMIS20,ECOD,429198,MAPLE,0.5021789108243988,False,1.258525980274804,0.0793650793638196,0.3162513471138229,0.5803906702264869,2.4404096085249014,1.4242209860410977,True,-0.2162249910469341,True,1,0.0352768921901423,0.9010075923292808,,0.6052218871306155,0.0
ARAMIS20,ECOD,429198,SHAP,0.7800876843522664,False,1.8542506036506567,0.0793650793638196,0.715921510923056,-0.1841006627450162,8.147324797662588,1.1101932925956224,True,0.4642857142857144,True,1,0.1610568883804803,4.731930344962446,,0.2224424197675041,0.0909090909090909
ARAMIS20,ECOD,429724,LIME,0.60502183071376,False,1.8985233947506732,0.0793650793638196,0.3268731483867657,-0.4301670282534761,15.356150049058526,1.616243584082465,True,0.0,True,0,1.5803091683094963,6.550982420577304,,0.1720064998550081,0.0
ARAMIS20,ECOD,429724,MAPLE,0.2461492707313347,False,1.1593772379631662,0.0793650793638196,0.2719500937852145,0.0276942719858678,4.564713683006762,0.7732923599060754,True,0.2522624895547565,True,2,0.8739153703513899,10.218559374615824,,0.6291076234984998,0.0
ARAMIS20,ECOD,429724,SHAP,0.8764239505424262,False,1.5136943824731397,0.0793650793638196,0.950756057591286,-0.8708398449061835,7.960052668853155,1.5139336096087368,True,0.9642857142857144,True,0,4.364173849413832,31.136435685214305,,0.5013190194397817,0.0909090909090909
ARAMIS20,ECOD,432034,LIME,0.6734854635639905,False,1.884138391411556,0.9047619047475436,-0.1966986681814279,-0.0058221926721008,11.491193918748644,1.4257981813245215,True,0.7142857142857144,False,0,,,,0.1959407786794763,0.92
ARAMIS20,ECOD,432034,MAPLE,0.812547749663499,False,1.0819292289539604,0.9047619047475436,0.7173534413492696,0.8524982918156822,3.446246059484132,2.263035558146596,True,0.7748062179181807,False,2,,,,0.6663456140096549,0.0
ARAMIS20,ECOD,432034,SHAP,1.0210024246098903,False,1.7826596146026887,0.9047619047475436,-0.5234739614420393,-0.3653163724492055,4.590767433127449,1.8873272988787,True,0.2857142857142857,False,0,,,,0.3069089167318878,0.9787234042553192
ARAMIS20,ECOD,434986,LIME,0.5975713733792866,False,1.9034250385479148,0.9047619047475436,0.094165838864244,-0.0055138850035943,21.006685986330776,1.286062403936085,True,-0.1428571428571428,False,0,,,,0.1619692415270443,0.9245283018867924
ARAMIS20,ECOD,434986,MAPLE,0.6526015929433516,False,1.4308744895220529,0.9047619047475436,0.3188991945334952,0.0962505532155188,8.97582680076317,1.513291435666187,True,0.108112495523467,False,2,,,,0.5104487620934587,0.0
ARAMIS20,ECOD,434986,SHAP,0.9347208326790938,False,1.6369538920432054,0.9047619047475436,-0.868582222170371,-0.8684726422438435,6.863709065273036,1.4986924747098338,True,0.6071428571428572,False,0,,,,0.3974705074501298,0.8888888888888888
ARAMIS20,ECOD,435209,LIME,0.5076541126049594,False,1.88939921497454,0.9047619047475436,-0.5063077401287216,0.371812063146799,8.034005176691192,1.2897773715864678,True,0.1785714285714286,False,0,,,,0.1858058713605508,0.9210526315789472
ARAMIS20,ECOD,435209,MAPLE,0.67226918096784,False,1.352764673175347,0.9047619047475436,-0.7967409107063534,0.9170287536202204,2.800347902419486,2.0631244441548877,True,0.6126374746329801,False,2,,,,0.5541940695303431,0.0
ARAMIS20,ECOD,435209,SHAP,0.8248234305431593,False,1.6073872170476622,0.9047619047475436,-0.7792674902505969,0.6590423370766946,7.167460366555601,1.3985223370875015,True,0.5,False,0,,,,0.4399485585501655,0.9230769230769232
ARAMIS20,ECOD,438253,LIME,0.7162252611249285,False,1.9004342301359591,0.9047619047475436,-0.5674077026573461,0.5987179338104065,9.814089091138769,1.2842819927342572,True,0.7142857142857144,False,1,,,,0.1683835247254237,0.8888888888888888
ARAMIS20,ECOD,438253,MAPLE,0.8257074939701691,False,1.3358419565080384,0.9047619047475436,-0.6258297678724974,0.290335599519926,3.781859303128019,2.802406203647136,True,0.6306562238868914,False,1,,,,0.5725837903656845,0.0
ARAMIS20,ECOD,438253,SHAP,0.7108310801347167,False,1.5046725803417318,0.9047619047475436,-0.9086363346853618,0.8360909278106465,4.925243577561194,1.5394374141538252,True,0.7142857142857144,False,1,,,,0.5056279272263009,0.9347826086956522
ARAMIS20,ECOD,446138,LIME,0.8816530687156319,False,1.916817840341804,0.9047619047475436,-0.2426236441879862,-0.3515066405386541,10.748899177124503,1.5708702014004028,True,0.3214285714285715,False,1,,,,0.1336877338338858,1.0
ARAMIS20,ECOD,446138,MAPLE,0.5250647689116067,False,1.201275468245481,0.9047619047475436,0.7044766585735515,0.9031598930081812,10.960102636798904,1.1962973638245322,True,0.6126374746329801,False,3,,,,0.6204445492067936,0.0
ARAMIS20,ECOD,446138,SHAP,1.700930094203849,False,1.8537097913855003,0.9047619047475436,-0.763863339066362,-0.766782515465341,7.335789501695245,2.9207825759213164,True,0.0714285714285714,False,1,,,,0.2355270240711185,0.98
ARAMIS20,ECOD,446166,LIME,1.08849729392792,False,1.9236069928681256,0.9047619047475436,-0.0804410218127246,-0.0852939732986578,13.47752462065954,1.680423731481909,True,-0.5,False,1,,,,0.1160849666217357,0.9545454545454546
ARAMIS20,ECOD,446166,MAPLE,1.9463788695734896,False,0.9763709926660694,0.9047619047475436,0.041675900297584,0.0195266204380617,3.2196702825961085,3.2350743026557014,True,-0.2522624895547565,False,1,,,,0.7053991260278005,0.0
ARAMIS20,ECOD,446166,SHAP,1.340118330767541,False,1.4813251054669534,0.9047619047475436,-0.8295244975014961,-0.818478225869964,7.629374559627942,2.1889633763980005,True,0.2142857142857143,False,1,,,,0.5151810117796708,0.96875
ARAMIS20,ECOD,446267,LIME,1.6293004443500465,False,1.9122166329083483,0.9047619047475436,-0.7950202922783212,-0.7362548629509096,19.257301014116333,2.099424144086696,True,0.4285714285714286,False,1,,,,0.1452790010122489,0.9152542372881356
ARAMIS20,ECOD,446267,MAPLE,1.2250195492265423,False,1.3177255351833466,0.9047619047475436,0.625543291799933,0.585365497567622,15.526414464356645,3.6273041276742783,True,0.5585812268712466,False,3,,,,0.5800345801688697,0.0
ARAMIS20,ECOD,446267,SHAP,2.32621406423304,False,1.9037730832024136,0.9047619047475436,-0.8043468377107519,-0.8745470275566012,9.34500381618676,4.049932585262654,True,0.642857142857143,False,1,,,,0.1591301226814415,0.9803921568627452
ARAMIS20,ECOD,446395,LIME,0.823440295586923,False,1.9065595896135863,0.9047619047475436,-0.1397919493770952,0.2817133300987451,11.241481847763056,1.7787938349118606,True,0.2857142857142857,False,0,,,,0.1581489397376887,0.9411764705882352
ARAMIS20,ECOD,446395,MAPLE,0.583691802401299,False,1.208025682565435,0.9047619047475436,-0.5162596080457337,0.3523067690287889,4.716227402616144,2.631349490276707,True,0.5765999761251578,False,2,,,,0.617573020299323,0.0
ARAMIS20,ECOD,446395,SHAP,2.088388833474901,False,1.819141077002139,0.9047619047475436,-0.4452059180512531,0.1304897002841876,8.059530664820226,3.4253341255092384,True,-0.4642857142857144,False,0,,,,0.249066337166855,1.0
ARAMIS20,ECOD,446396,LIME,1.5930435615881968,False,1.9144829101334853,0.9047619047475436,-0.7541350815045572,-0.6531512322468567,17.80148530545354,1.9707125911287329,True,0.5357142857142858,False,1,,,,0.1360696964083464,0.9016393442622952
ARAMIS20,ECOD,446396,MAPLE,1.175795966485999,False,1.3078306612543895,0.9047619047475436,0.9353947028287308,0.8268403217892053,11.55719298697808,3.483957486123835,True,0.504524979109513,False,1,,,,0.5768107444704695,0.0
ARAMIS20,ECOD,446396,SHAP,2.165886335560449,False,1.6988827814913194,0.9047619047475436,-0.6400621738503242,-0.5730271189423314,9.222003185724873,3.721108524512088,True,0.5,False,1,,,,0.289541281728173,0.9591836734693876
ARAMIS20,ECOD,447150,LIME,0.6578398176058361,False,1.8968559606425912,0.9047619047475436,-0.6381669708783948,0.5604773138605731,9.961228870406408,1.471045644133275,True,0.1785714285714286,False,1,,,,0.1750424004443486,0.9148936170212766
ARAMIS20,ECOD,447150,MAPLE,0.7612236859761731,False,1.2043245639568525,0.9047619047475436,-0.7018067209687141,0.8074829822198689,2.830157330436051,2.296393102936604,True,-0.1801874925391118,False,1,,,,0.6151781171826691,0.0
ARAMIS20,ECOD,447150,SHAP,0.7150604436400563,False,1.6188698376879946,0.9047619047475436,-0.8749014481196908,0.8204892008657618,6.064585577352855,1.295292367156858,True,0.5714285714285715,False,1,,,,0.4366875022599068,0.9166666666666666
ARAMIS20,ECOD,447164,LIME,0.4017712682792904,False,1.889328067810392,0.9047619047475436,0.1315507866264538,-0.5551468383248728,8.024997686347175,1.4746775449891494,True,-0.2857142857142857,False,1,,,,0.185038342793639,0.90625
ARAMIS20,ECOD,447164,MAPLE,0.644844824091453,False,1.270217112003572,0.9047619047475436,-0.7598347123114908,-0.0791117115037439,3.173568951523021,1.9010414634603168,True,0.1261312447773782,False,1,,,,0.5939614527668,0.0
ARAMIS20,ECOD,447164,SHAP,1.0456739757794675,False,1.6427498596785373,0.9047619047475436,-0.583686270401126,-0.0891633830148208,6.683070879852177,1.5897421956433866,True,-0.1428571428571428,False,1,,,,0.4140754621593558,0.9148936170212766
ARAMIS20,ECOD,447193,LIME,0.3902902960157439,False,1.8861913862098716,0.9047619047475436,-0.8769784036262115,0.7641567510716064,6.752487271339281,1.1182762104601272,True,0.5,False,1,,,,0.1944979259092273,0.9056603773584906
ARAMIS20,ECOD,447193,MAPLE,0.668074960663843,False,1.242894236173402,0.9047619047475436,-0.5455689078532707,0.7707137982295021,2.96421436246207,2.08076175012627,True,0.2882999880625789,False,1,,,,0.60607839464591,0.0
ARAMIS20,ECOD,447193,SHAP,0.6466084846482748,False,1.8458096212430588,0.9047619047475436,-0.9483880574927565,0.8588360568413933,4.9075452074128565,0.9617444583913184,True,0.9285714285714288,False,1,,,,0.2439627952643981,0.868421052631579
ARAMIS20,ECOD,447197,LIME,0.4630681351985637,False,1.8790399085019949,0.9047619047475436,-0.9626830119665826,0.8729914827350299,8.389518448112007,0.8475409527062052,True,0.7500000000000002,False,0,,,,0.2045217892318329,0.85
ARAMIS20,ECOD,447197,MAPLE,0.3562690676658004,False,1.3158626570520704,0.9047619047475436,-0.7487569306657017,0.3913822989050229,3.151404404189268,1.0392220954359952,True,0.3423562358243124,False,2,,,,0.5829041140805348,0.0
ARAMIS20,ECOD,447197,SHAP,0.5239223107660468,False,1.7567722542161173,0.9047619047475436,-0.9769641717454984,0.8877134030409988,8.417803197595013,1.0798331588972094,True,0.5357142857142858,False,0,,,,0.3218766419807877,0.8181818181818182
ARAMIS20,ECOD,44855,LIME,0.3681054116154004,False,1.906380840310284,0.9047619047475436,-0.4443498587064364,-0.0410575345979539,11.74720401356332,0.9915938759320686,True,-0.1071428571428571,False,1,,,,0.1515495833528796,0.913793103448276
ARAMIS20,ECOD,44855,MAPLE,0.6126539497790605,False,1.338347704809626,0.9047619047475436,0.0911493860003638,-0.7443701832925892,2.4223054179517574,1.5292440395033031,True,-0.5225437283634242,False,1,,,,0.5630603384566114,0.0
ARAMIS20,ECOD,44855,SHAP,0.9945994056729276,False,1.7658073485316104,0.9047619047475436,-0.6041411959002013,0.207484826204926,5.842305410011617,1.496999200045827,True,-0.0714285714285714,False,1,,,,0.3215627291979694,0.9423076923076924
ARAMIS20,ECOD,45782,LIME,0.5995975556108888,False,1.8946534982977743,0.9047619047475436,-0.5862282954588841,-0.1307665158870019,11.386035751211462,1.2124513561114418,True,0.6071428571428572,False,1,,,,0.1768155273189932,0.9074074074074074
ARAMIS20,ECOD,45782,MAPLE,0.4644175883027251,False,1.101585228880436,0.9047619047475436,0.1563998631792413,-0.5796909640620989,2.523876783844968,0.9956887420994176,True,0.2342437403008453,False,1,,,,0.666406910088167,0.0
ARAMIS20,ECOD,45782,SHAP,1.0338948463381252,False,1.693262546104063,0.9047619047475436,-0.6481546857481074,0.2116266554507228,6.992565949631105,1.941377992960711,True,0.0,False,1,,,,0.3863108586306794,0.979591836734694
ARAMIS20,ECOD,45816,LIME,0.6960028075851988,False,1.9027208286289767,0.9047619047475436,-0.0553920468707647,-0.0739289225335904,13.664906353180678,1.4183142294225115,True,0.8214285714285715,False,1,3.919735678672677,977.0887814083952,,0.1612945032454638,0.9666666666666668
ARAMIS20,ECOD,45816,MAPLE,0.7979850211520482,False,1.5157493879853656,0.9047619047475436,0.7427814932851857,-0.7953526824191194,4.6762691189328125,1.6308460915347964,True,0.7748062179181807,False,3,2.794328937694583,18740.34371643844,,0.4501369641696657,0.0
ARAMIS20,ECOD,45816,SHAP,0.8979469916024153,False,1.870750388201065,0.9047619047475436,-0.4441030866525201,0.2975543555412412,5.279963038529031,1.961691502454444,True,-0.1785714285714286,False,1,5.402461813483306,1671.521113215358,,0.2101447875096525,0.9791666666666666
ARAMIS20,ECOD,513442,LIME,1.5663385614346013,False,1.922890787291412,0.9047619047475436,-0.7467642602193773,-0.6819270652595171,24.58142806377036,2.072665829747821,True,0.5357142857142858,False,1,,,,0.1187106223121731,0.9047619047619048
ARAMIS20,ECOD,513442,MAPLE,1.4424078284179882,False,1.307901100910195,0.9047619047475436,-0.7442903750449706,-0.8606414681557458,9.358583415831191,5.086469545748116,True,0.4144312328399571,False,1,,,,0.5787909877336987,0.0
ARAMIS20,ECOD,513442,SHAP,2.391845127135362,False,1.801777570225996,0.9047619047475436,-0.697663080495739,-0.6325596335155391,8.459459067962378,3.867192646930101,True,0.2142857142857143,False,1,,,,0.250423776245264,0.9591836734693876
ARAMIS20,ECOD,513454,LIME,1.5449228783554994,False,1.917557333154108,0.9047619047475436,-0.6428687040189309,-0.5984657441338803,17.392245509822157,1.9247722295051108,True,0.642857142857143,False,1,,,,0.1322789710730821,0.8928571428571429
ARAMIS20,ECOD,513454,MAPLE,0.9847078710987572,False,1.1218763376409973,0.9047619047475436,0.9453563505934596,0.6826690551991457,10.96803102871108,2.3194879520857565,True,0.6666937223947136,False,3,,,,0.6427738510533744,0.0
ARAMIS20,ECOD,513454,SHAP,2.022186601110681,False,1.8623978575744515,0.9047619047475436,-0.4393161173936573,-0.5057843139628683,8.737476120081475,3.2876912868731902,True,0.1785714285714286,False,1,,,,0.2144960363116917,0.9591836734693876
ARAMIS20,ECOD,513587,LIME,1.5488609624522096,False,1.9094357296510385,0.9047619047475436,-0.7821240141251253,-0.7723072465035702,16.010220179912817,1.9589645393263904,True,0.7857142857142859,False,1,,,,0.1495428413777511,0.926829268292683
ARAMIS20,ECOD,513587,MAPLE,0.7022740484019203,False,1.0869158142052011,0.9047619047475436,0.132600982164693,0.0691319782044122,9.317132521886496,4.266226287527298,True,-0.108112495523467,False,1,,,,0.6557412513361617,0.0
ARAMIS20,ECOD,513587,SHAP,1.117548586834453,False,1.6575901741485493,0.9047619047475436,-0.9382927207817836,-0.9234379645429172,10.14108193950686,1.7439746500820044,True,0.3214285714285715,False,1,,,,0.3591004889118165,0.9090909090909092
ARAMIS20,ECOD,513775,LIME,1.2708939782200068,False,1.9143873523406136,0.9047619047475436,-0.5869309055664935,-0.6289953907129797,23.3540761923446,1.8985925927892,True,0.7500000000000002,False,1,4.523226154328969,3137.827304428053,,0.1385628867975748,0.9056603773584906
ARAMIS20,ECOD,513775,MAPLE,1.8684352826069195,False,1.57581865020213,0.9047619047475436,0.6904803378023512,0.5502145264450585,6.392291666240786,9.25544428736389,True,0.0900937462695559,False,1,5.964954138905581,20742.525753494305,,0.3894114656166836,0.0
ARAMIS20,ECOD,513775,SHAP,2.129120606261024,False,1.8176385138843327,0.9047619047475436,-0.8081895117585023,-0.8532153283273345,8.74438705879592,3.497998132872406,True,0.8571428571428573,False,1,5.222558232887877,7532.425117946856,,0.2666369717060272,0.9782608695652174
ARAMIS20,ECOD,513792,LIME,1.3959329445709543,False,1.8909708016190256,0.9047619047475436,-0.6535579421183644,-0.839702394054948,16.842580649623617,1.937735161937955,True,0.4285714285714286,False,1,,,,0.185523238872265,0.8958333333333334
ARAMIS20,ECOD,513792,MAPLE,0.7175281575654998,False,1.341731525404552,0.9047619047475436,0.4917089875727649,0.8349808445723288,7.648312683343084,1.7662278993836664,True,0.6666937223947136,False,3,,,,0.5610302938071996,0.0
ARAMIS20,ECOD,513792,SHAP,3.2396956525423404,False,1.6464263582955818,0.9047619047475436,-0.7580514182222162,-0.7448070618190098,9.744154497804775,5.344890860834564,True,0.4285714285714286,False,1,,,,0.4148566292767307,1.0
ARAMIS20,ECOD,513839,LIME,1.308341364017376,False,1.9045619929739348,0.9047619047475436,-0.7294443324721418,-0.8383212781579923,12.725373250390282,1.932227552546524,True,0.2857142857142857,False,1,,,,0.1608674823370017,0.8979591836734694
ARAMIS20,ECOD,513839,MAPLE,0.7796758909188871,False,1.2201476016833106,0.9047619047475436,0.4251934417433757,0.7099435943593039,4.2691234897794565,1.821545517066325,True,0.3423562358243124,False,1,,,,0.6185724812122054,0.0
ARAMIS20,ECOD,513839,SHAP,1.3222525397579437,False,1.6502575674674227,0.9047619047475436,-0.9283318208557808,-0.8780459711347384,6.857011835647654,2.0656599418275907,True,0.5357142857142858,False,1,,,,0.4018218828610146,1.0
ARAMIS20,ECOD,590810,LIME,0.5667933970305016,False,1.8738866291552192,0.9047619047475436,-0.1865112007380298,-0.2073355402542815,10.198688615907052,1.305616995134878,True,0.1785714285714286,False,1,,,,0.2065884912230375,0.9333333333333332
ARAMIS20,ECOD,590810,MAPLE,0.8211709526338395,False,1.235405425265384,0.9047619047475436,-0.0193595449722619,-0.3257122532537266,2.129523330106311,1.8334435661897133,True,-0.0900937462695559,False,1,,,,0.6118998042310146,0.0
ARAMIS20,ECOD,590810,SHAP,0.8403317788052334,False,1.6177065278344411,0.9047619047475436,-0.8667379395516278,0.5397310860609598,6.765655277412331,1.3004310253412323,True,0.3928571428571429,False,1,,,,0.4374708669018901,1.0
ARAMIS20,ECOD,591850,LIME,0.5365368780247891,False,1.8900971474928412,0.9047619047475436,-0.1229701921393692,0.3401532964943182,9.046218529788977,1.1436344257798592,True,-0.2142857142857143,False,1,,,,0.1835638305984027,0.9090909090909092
ARAMIS20,ECOD,591850,MAPLE,0.7104061466326692,False,1.3090819935281963,0.9047619047475436,-0.5904422513806773,0.3541648054074472,2.140703291076824,2.072810590678661,True,-0.0720749970156447,False,1,,,,0.5760089928203748,0.0
ARAMIS20,ECOD,591850,SHAP,0.7387473840135057,False,1.650410466371952,0.9047619047475436,-0.6289800074056805,-0.1160070234422421,5.67043080763021,1.1701171402897954,True,0.0,False,1,,,,0.4073183504098667,0.9215686274509804
ARAMIS20,ECOD,592874,LIME,0.511878402119315,False,1.899404417363812,0.9047619047475436,-0.7253966025438422,-0.6918515775523357,7.61664928323089,1.0888198067204111,True,0.1428571428571428,False,1,,,,0.1645699561350627,0.9090909090909092
ARAMIS20,ECOD,592874,MAPLE,0.7860324637338566,False,1.3629762417016609,0.9047619047475436,-0.193211377217237,-0.4581771416540117,2.199297460300064,1.3683820542202485,True,-0.3783937343321348,False,1,,,,0.535123413622094,0.0
ARAMIS20,ECOD,592874,SHAP,1.1503552883646075,False,1.756802767042703,0.9047619047475436,-0.6526867930633846,-0.4801443492537373,6.514750428025039,1.833327798739,True,-0.7500000000000002,False,1,,,,0.3281195872386793,0.9629629629629628
ARAMIS20,ECOD,593815,LIME,0.5311953998757792,False,1.904338891165837,0.9047619047475436,0.115206689381179,-0.4519438071022866,6.529070525829216,1.2167159489508617,True,-0.3214285714285715,False,1,,,,0.1550908259567672,0.8717948717948718
ARAMIS20,ECOD,593815,MAPLE,0.8166529664131345,False,1.3700915307158534,0.9047619047475436,-0.2959584635092446,-0.3388211999590816,2.500331722190306,2.4062695873856224,True,-0.6666937223947136,False,1,,,,0.5513871903322642,0.0
ARAMIS20,ECOD,593815,SHAP,0.9003129089826954,False,1.6385400194385762,0.9047619047475436,-0.6923226421329843,0.3803011842841004,6.698914658709688,1.4474293271851484,True,0.0714285714285714,False,1,,,,0.4194839285610456,0.90625
ARAMIS20,ECOD,593866,LIME,0.549203027845247,False,1.88565451334664,0.9047619047475436,-0.5578853710137184,0.4176043984389413,7.5643872627679025,1.444062063871901,True,0.4285714285714286,False,1,,,,0.1856055511130393,0.913793103448276
ARAMIS20,ECOD,593866,MAPLE,0.8388327021436254,False,1.1940456266909545,0.9047619047475436,-0.7359057349274136,0.8524748736452034,2.4268499840187547,2.4832099682598865,True,0.396412483586046,False,1,,,,0.6265350355156386,0.0
ARAMIS20,ECOD,593866,SHAP,0.7712390432448298,False,1.509357389225826,0.9047619047475436,-0.8342181568939978,0.7040927113045811,5.830966231856009,1.6230787086457974,True,0.4285714285714286,False,1,,,,0.4976640268107301,0.926829268292683
ARAMIS20,ECOD,631817,LIME,0.6642815675492115,False,1.898577273748152,0.9047619047475436,-0.4651128830052886,0.0618116038885459,12.284413408580956,1.105842052395264,True,0.3571428571428572,False,1,,,,0.1634379988536282,0.913793103448276
ARAMIS20,ECOD,631817,MAPLE,0.3662467881588677,False,0.8179372381506292,0.9047619047475436,0.089647560980074,-0.3133853040604371,3.790152637141793,0.8977473695703393,True,0.0720749970156447,False,1,,,,0.7440937041971775,0.0
ARAMIS20,ECOD,631817,SHAP,0.8673184364935547,False,1.6964070820219035,0.9047619047475436,-0.8478503231138581,0.6146939426371655,8.376526598134754,1.6627159129730509,True,-0.0357142857142857,False,1,,,,0.38314527475602,0.926829268292683
ARAMIS20,ECOD,631820,LIME,0.8157538575416879,False,1.9089222160544703,0.39999999992,-0.1874598205180772,-0.2311194494947233,14.629502604853606,1.577003180371623,True,0.7500000000000002,False,1,,,,0.1446121283378788,1.0
ARAMIS20,ECOD,631820,MAPLE,0.4867791474097264,False,1.092885516594008,0.39999999992,0.3910433826296635,-0.65683812247795,4.030421601962852,1.2607018199201316,True,0.6306562238868914,False,1,,,,0.6716110282909117,0.0
ARAMIS20,ECOD,631820,SHAP,1.071995620924116,False,1.6841460520762974,0.39999999992,-0.6895560016903614,0.3719303383973131,8.31457627952602,2.1389388521663637,True,0.0714285714285714,False,1,,,,0.3945063404507203,1.0
ARAMIS20,ECOD,631822,LIME,0.7964773037081678,False,1.8958912190873487,0.39999999992,-0.2710486756676665,0.0398945619880031,12.202259355300082,1.5651678801420916,True,0.6071428571428572,False,1,,,,0.1671203645767542,1.0
ARAMIS20,ECOD,631822,MAPLE,0.4758415202449846,False,0.9988529171260964,0.39999999992,0.3601212203963103,-0.5519190595430042,4.18630606039403,1.3283456187688478,True,0.504524979109513,False,1,,,,0.6968671238025556,0.0
ARAMIS20,ECOD,631822,SHAP,1.1665256979220753,False,1.4482244613892914,0.39999999992,-0.7120859851807486,0.6067932854812579,7.716187890887776,2.0585412217355925,True,0.2857142857142857,False,1,,,,0.5220730297313895,1.0
ARAMIS20,ECOD,646702,LIME,0.975876772048078,False,1.9113947063555328,0.39999999992,0.6238849200762374,-0.618970212256748,11.059816571426335,1.77309193291055,True,-0.7142857142857144,True,1,0.0720235078683543,75.62268294691188,,0.1471388049882112,0.0
ARAMIS20,ECOD,646702,MAPLE,0.6418598783226863,False,1.1528798263404272,0.39999999992,-0.5702705796383409,0.5641115404046709,5.4040278180986645,1.6340228001620234,True,-0.504524979109513,False,3,0.1381965568450814,60.93770404435142,,0.6424646463604623,0.0
ARAMIS20,ECOD,646702,SHAP,0.7497617112468479,False,1.7811411784140296,0.39999999992,0.9082622737683204,-0.8681558994271831,10.021094512860854,1.2730996071486664,True,0.7500000000000002,True,1,0.113505424092128,53.24294671641634,,0.3029677647990266,0.0
ARAMIS20,ECOD,647568,LIME,1.2032491310846032,False,1.894748537327728,0.39999999992,0.3981485423796421,-0.2627796863946745,15.570078506028787,1.7497404603480955,True,0.2857142857142857,False,1,7.773194143822823,5.341753455186529,,0.1724451565383307,0.0
ARAMIS20,ECOD,647568,MAPLE,0.6381458051144875,False,1.0655175498199143,0.39999999992,-0.3490019928377684,0.6250827680339301,7.671637760480841,1.2097383197639184,True,0.1801874925391118,False,3,14.232657869086138,9.048398069015152,,0.6799899117817227,0.0
ARAMIS20,ECOD,647568,SHAP,1.1124051115812277,False,1.7058053028766191,0.39999999992,0.9204405134866276,-0.8840275884457187,11.191808724136632,1.816188288230922,True,0.2857142857142857,False,1,18.726482849609404,15.2449130388098,,0.3799344434011227,0.0
ARAMIS20,ECOD,647733,LIME,0.4457913687730139,False,1.8838733044152451,0.39999999992,0.3056434171328689,-0.2357381238141116,7.891092674336397,1.470265180027836,True,0.5357142857142858,False,1,2.5854122641691086,29.435744821107143,,0.1915847090553104,0.0
ARAMIS20,ECOD,647733,MAPLE,0.380992960473439,False,0.9577502211130428,0.39999999992,-0.4302166850139004,0.4963574853406336,3.239166557263341,1.7779134013380695,True,0.2702812388086677,False,3,7.576712308666955,126.6189931671626,,0.711606351160229,0.0
ARAMIS20,ECOD,647733,SHAP,0.5703896001944831,False,1.6598646796883765,0.39999999992,0.848143573767265,-0.8114672339249402,6.38996368182681,1.0413392575953675,True,0.9642857142857144,False,1,14.556958636247415,105.24005814457855,,0.3909006253193601,0.0
ARAMIS20,ECOD,647859,LIME,0.5147334872266619,False,1.9128735618968096,0.39999999992,0.3498876928987937,0.1006646856593069,10.116260373262064,1.3311046577598402,True,-0.3214285714285715,False,1,,,,0.1377896894752692,1.0
ARAMIS20,ECOD,647859,MAPLE,0.7167595076364267,False,1.3781557326492195,0.39999999992,-0.4217878403020088,-0.7390346141762141,4.302182461703698,2.2224638143808484,True,-0.1261312447773782,False,1,,,,0.5356273624098467,0.0
ARAMIS20,ECOD,647859,SHAP,1.019039774310304,False,1.6345345418105053,0.39999999992,-0.5637662716467394,-0.6525397675487458,5.974239420147637,1.5314193648348784,True,0.5714285714285715,False,1,,,,0.3910128720330837,0.0
ARAMIS20,HBOS,11917,LIME,0.5531387544064119,False,1.6208688427482494,0.4920634920556815,-0.4793813576875627,-0.176852379005234,10.225215955131352,1.1326218111993815,True,0.2857142857142857,False,1,,,,0.4283236102828415,0.6041666666666666
ARAMIS20,HBOS,11917,MAPLE,0.926023206656773,False,1.1978293165571017,0.4920634920556815,-0.2179142078088587,-0.2432059271839846,4.259659259797718,1.7887983697487249,True,0.4642857142857144,False,1,,,,0.6247861274658957,0.5166666666666667
ARAMIS20,HBOS,11917,SHAP,0.782153493797962,False,1.598649495173795,0.4920634920556815,0.4599858382596002,0.7019674331277026,3.291952292712814,1.7181731213249696,True,-0.3214285714285715,False,1,,,,0.4455226758692469,0.4576271186440678
ARAMIS20,HBOS,11918,LIME,1.2708698656699458,False,1.6490490681419725,0.4920634920556815,-0.7561023058852602,0.7623761628916551,14.591460302438064,2.2320606915259367,True,0.9285714285714288,False,1,,,,0.4204547303587673,0.4666666666666667
ARAMIS20,HBOS,11918,MAPLE,0.6108386320554342,False,1.2391818907153942,0.4920634920556815,0.2298492969051857,-0.204042402278306,5.024754172471669,1.7117276674510296,True,0.25,False,1,,,,0.6069956772129981,0.4666666666666667
ARAMIS20,HBOS,11918,SHAP,1.0456874476759244,False,1.6409464977205868,0.4920634920556815,-0.6367214200455064,0.6427093851353862,4.592069217628664,2.098426603330668,True,0.6785714285714287,False,1,,,,0.427099941383825,0.5344827586206896
ARAMIS20,HBOS,11919,LIME,0.6734360641368801,False,1.4043752924505448,0.4920634920556815,-0.411239992277455,0.2694904496830518,9.473179277482185,1.7471161590516355,True,-0.1071428571428571,False,1,,,,0.5384075677065392,0.6470588235294118
ARAMIS20,HBOS,11919,MAPLE,0.575290029725475,False,1.0415934091231502,0.4920634920556815,0.0299824376136935,0.1005862593124729,4.290804009126652,1.73248161860536,True,-0.4285714285714286,False,1,,,,0.6633335794429213,0.4666666666666667
ARAMIS20,HBOS,11919,SHAP,1.1293296868983165,False,1.562600084901654,0.4920634920556815,-0.5364023846862547,0.4036121215189601,5.9606310773388165,2.297193421545374,True,-0.1071428571428571,False,1,,,,0.4533283639915766,0.5535714285714286
ARAMIS20,HBOS,11923,LIME,0.5280642282741247,False,1.486403296826326,0.4920634920556815,-0.5699366890561934,0.4792398208000945,10.133223749256407,1.106249699731987,True,-0.2857142857142857,False,1,,,,0.4982041591606937,0.6190476190476191
ARAMIS20,HBOS,11923,MAPLE,0.5289477417388938,False,1.3545653018704755,0.4920634920556815,0.1555189272781362,-0.0385753930641862,3.338944043053362,1.276464710401636,True,0.4285714285714286,False,1,,,,0.5431360514898063,0.4838709677419355
ARAMIS20,HBOS,11923,SHAP,0.940108931810178,False,1.457500274830167,0.4920634920556815,-0.5883542936933703,0.4682677518878473,5.59756611451907,2.0384189751878026,True,-0.0714285714285714,False,1,,,,0.5243074600913614,0.5555555555555556
ARAMIS20,HBOS,11938,LIME,0.1638873026070987,False,1.519158715517655,0.4920634920556815,0.7052708507706525,0.3961729847570399,3.111394603144485,0.3918895521238386,True,0.0714285714285714,True,1,3.4431360353964937,687.9187579262368,,0.4843441714245967,0.6486486486486487
ARAMIS20,HBOS,11938,MAPLE,0.529433656608558,False,1.5013312526293778,0.4920634920556815,0.369171635302036,-0.1383282542367825,2.466172501421443,1.2524717314710112,True,-0.3214285714285715,False,1,1.626878117418669,83.64417897106311,,0.5084450560299294,0.5344827586206896
ARAMIS20,HBOS,11938,SHAP,0.3865661198863858,False,1.5472050962453292,0.4920634920556815,0.7573406239637387,0.4969014557108645,2.9239266565572386,0.7899342800996473,True,0.2142857142857143,True,1,2.37570652184242,113.21269800177456,,0.4762224055701794,0.4909090909090909
ARAMIS20,HBOS,18919,LIME,0.584402984851038,False,1.718054956968882,0.4920634920556815,0.0946780235308024,-0.2431567611107327,12.341915242618978,1.258778453586495,True,0.4285714285714286,False,1,,,,0.3686650484228903,0.4615384615384615
ARAMIS20,HBOS,18919,MAPLE,0.6714070738654238,False,1.3435062022255786,0.4920634920556815,-0.6054796241873649,-0.6373344124972651,5.066923958351891,1.0089332484943978,True,0.0357142857142857,False,1,,,,0.575994526240329,0.5166666666666667
ARAMIS20,HBOS,18919,SHAP,0.6692732470981982,False,1.7553539787622858,0.4920634920556815,0.4025388144769445,0.0628569048416313,3.702986274374932,1.079971237555927,True,0.7142857142857144,False,1,,,,0.3434599517946346,0.4736842105263157
ARAMIS20,HBOS,18920,LIME,0.4425377190689677,False,1.703790699006296,0.4920634920556815,0.3014911087521564,-0.4249307079765169,14.448185043300724,1.126965670921369,True,0.1785714285714286,False,1,,,,0.3786354926151463,0.3673469387755102
ARAMIS20,HBOS,18920,MAPLE,0.5657321293901877,False,1.3415331440724056,0.4920634920556815,0.549682349093911,-0.4438231910489836,4.1907814566881445,1.0944157608986158,True,0.2142857142857143,False,1,,,,0.5750496590254454,0.4838709677419355
ARAMIS20,HBOS,18920,SHAP,0.7806262331173422,False,1.5434164529124303,0.4920634920556815,-0.5456131022300978,0.3951106027207762,3.5058928962071496,1.542053748191394,True,-0.0714285714285714,False,1,,,,0.4821021247076542,0.56
ARAMIS20,HBOS,18923,LIME,0.4125947000920061,False,1.7539669134168367,0.4920634920556815,0.3342949926970174,-0.267068039981584,8.379592563253805,1.0717840557323053,True,0.5714285714285715,False,1,2.6346526332070326,112.07151229417228,,0.3393413661594286,0.7419354838709677
ARAMIS20,HBOS,18923,MAPLE,0.7804552386543453,False,1.3910574990411784,0.4920634920556815,-0.1578635757795312,-0.7081702119000061,4.278418129358189,1.7186340567651204,True,0.3571428571428572,False,1,9.479593368171654,67.28229341711197,,0.5368376846362807,0.5081967213114754
ARAMIS20,HBOS,18923,SHAP,0.5893795618318464,False,1.383465089080384,0.4920634920556815,0.5371404342627761,-0.2185046318519953,3.795750504551074,1.2228158103857156,True,0.7142857142857144,False,1,41.37856905067136,169.1819559656844,,0.5313500329214308,0.4814814814814814
ARAMIS20,HBOS,18958,LIME,0.6211314068868776,False,1.615351895789943,0.4920634920556815,0.0072945536759834,0.1045267719915818,11.201036612677376,1.459682377628346,True,0.8571428571428573,False,1,,,,0.4201039962483893,0.5862068965517241
ARAMIS20,HBOS,18958,MAPLE,0.5349924823879603,False,1.3278712805190946,0.4920634920556815,0.2668500109956704,-0.2698885435894761,3.89029799859616,1.373349629835276,True,0.2857142857142857,False,1,,,,0.5684434500960577,0.4666666666666667
ARAMIS20,HBOS,18958,SHAP,0.91434481859939,False,1.5203946836834257,0.4920634920556815,-0.3642086156464649,0.4620216981607355,3.837020876799604,1.4319608557508896,True,0.9285714285714288,False,1,,,,0.4908875115159452,0.5094339622641509
ARAMIS20,HBOS,20951,LIME,1.074573756907496,False,1.7239342962698274,0.4920634920556815,-0.7632560120096896,0.670728449560294,10.634434505087862,2.1371751832734764,True,0.4642857142857144,False,1,,,,0.3700603998893613,0.4634146341463415
ARAMIS20,HBOS,20951,MAPLE,0.5979549912275618,False,1.2703019178100674,0.4920634920556815,0.1962355110694217,-0.0904306974382196,5.397455393414935,1.8581948618909148,True,0.0,False,1,,,,0.5874242139932511,0.4666666666666667
ARAMIS20,HBOS,20951,SHAP,0.9362867615813064,False,1.646261878465341,0.4920634920556815,-0.6370977190586126,0.5323642613467648,5.561518055417488,2.1876298056446144,True,0.5,False,1,,,,0.4240112962031783,0.5344827586206896
ARAMIS20,HBOS,20990,LIME,0.249207691294692,False,1.6484225038785467,0.4920634920556815,0.7642458503448325,0.4845472730242488,6.088815447515456,0.9847321369430576,True,0.0714285714285714,True,1,0.0828433826156486,18.160539279227333,,0.4158474584111691,0.6511627906976745
ARAMIS20,HBOS,20990,MAPLE,0.4788325455477309,False,1.3893621153838511,0.4920634920556815,0.4838990335898983,-0.0907169330934882,2.9377096736966983,1.001686301934748,True,-0.1428571428571428,False,1,0.4990826802850882,40.96635768561444,,0.5580226593548979,0.5344827586206896
ARAMIS20,HBOS,20990,SHAP,0.4782300486476866,False,1.5122707032636438,0.4920634920556815,0.7888469515963179,0.4627707605922158,3.5565554980127856,0.9522779500921482,True,0.4285714285714286,True,1,0.9973568561073772,280.50753971468066,,0.4985459170946684,0.4912280701754385
ARAMIS20,HBOS,271817,LIME,0.230784479483879,False,1.6392230654152022,0.4920634920556815,0.1825100630225623,-0.2117658246580995,7.09158454756635,1.0035465319266936,True,0.1071428571428571,False,1,2.494596496098573,225.8926220541593,,0.422357175658429,0.6829268292682927
ARAMIS20,HBOS,271817,MAPLE,0.3550173571369099,False,1.6023343478209084,0.4920634920556815,0.444273127751587,-0.6391151813964383,1.5603455539542217,1.2942872671693166,True,0.8214285714285715,False,1,1.8707946928377783,106.13582897820211,,0.4481751044092452,0.5081967213114754
ARAMIS20,HBOS,271817,SHAP,0.3493206913206731,False,1.4735447385326217,0.4920634920556815,0.7714480109326167,-0.7953246595542713,3.360498005340198,0.7606537935127577,True,0.4285714285714286,False,1,2.8673881350457484,224.7664978896984,,0.4839462992326215,0.9375
ARAMIS20,HBOS,272788,LIME,0.3927131319700753,False,1.6494927420119352,0.4920634920556815,0.7452717544719616,-0.7637991706020211,6.63555547291484,1.2471366526051806,True,0.0,False,1,0.0127683611673937,11.22789649507993,,0.4124569618219523,0.7297297297297297
ARAMIS20,HBOS,272788,MAPLE,0.3396971711465704,False,1.5280608017382264,0.4920634920556815,0.6541804359401339,-0.3809708206218489,2.6721629424126494,1.222392900722598,True,-0.5714285714285715,False,1,0.0082230757823847,3.697613286036681,,0.4961787723833328,0.5081967213114754
ARAMIS20,HBOS,272788,SHAP,0.6438844134959276,False,1.5629782875976206,0.4920634920556815,0.8192070614041314,-0.6791946627116068,5.256367024234451,1.0224649955584155,True,-0.1428571428571428,False,1,0.2807312900059393,152.320929219359,,0.4609179950067553,0.5357142857142857
ARAMIS20,HBOS,307641,LIME,1.0303607884935475,False,1.5848754057555594,0.4920634920556815,-0.7429951039188945,-0.7411516247637538,6.1836311838461855,2.347670285803727,True,0.4285714285714286,False,1,,,,0.4480191492369568,0.8095238095238095
ARAMIS20,HBOS,307641,MAPLE,0.5938260610674775,False,1.4450921328935131,0.4920634920556815,0.0082066027465022,0.0750217563799026,6.033587960977095,1.483178804573147,True,0.3571428571428572,False,1,,,,0.5322327283767835,0.6
ARAMIS20,HBOS,307641,SHAP,1.272497628659304,False,1.472897921069836,0.4920634920556815,-0.1455229711613595,-0.0861208019088106,6.697643423288955,2.009789016052173,True,0.0,False,1,,,,0.5198227366016218,0.5178571428571429
ARAMIS20,HBOS,308756,LIME,0.2583898340615894,False,1.5466953098539096,0.4920634920556815,0.4138799386339769,0.2466857798823371,5.284166652256278,1.032639283099161,True,0.2142857142857143,True,1,3.6901052163892607,1219.3477620054175,,0.467845156475736,0.6585365853658537
ARAMIS20,HBOS,308756,MAPLE,0.5830039539193955,False,1.4679700226590269,0.4920634920556815,0.4083209957259687,0.1208406145302823,2.4044006297412803,1.6811479112542302,True,0.4285714285714286,False,1,16.316879100652653,11620.21262561854,,0.5043374068377349,0.5166666666666667
ARAMIS20,HBOS,308756,SHAP,0.3811940317164762,False,1.5241257109103616,0.4920634920556815,0.7014826542159568,0.5185841035103824,3.7475661262440254,0.8267196532233847,True,0.642857142857143,False,1,8.48506686304885,20872.504664334247,,0.4690789949764105,0.6521739130434783
ARAMIS20,HBOS,309426,LIME,0.9746547066609588,False,1.7179984935380286,0.4920634920556815,-0.6898745511627615,-0.356338000761304,5.509991280239239,1.760764438438196,True,-0.2142857142857143,False,1,,,,0.36176860754064,0.75
ARAMIS20,HBOS,309426,MAPLE,0.8449526435445276,False,1.649992655544498,0.4920634920556815,-0.81261832924189,-0.1880220538176047,5.777042612952301,1.8253124092244668,True,0.3214285714285715,False,1,,,,0.4021894774816688,0.6086956521739131
ARAMIS20,HBOS,309426,SHAP,1.4823057651725466,False,1.4308636778188313,0.4920634920556815,-0.3554311260509387,-0.0529292006865413,5.10587714773768,2.4829430424506507,True,0.0714285714285714,False,1,,,,0.5188482897854254,0.575
ARAMIS20,HBOS,309757,LIME,0.0957026960939979,False,1.6287702195572709,0.4920634920556815,0.3392700505430647,0.2552028196572056,1.652432489856055,0.2095963947857095,True,0.4285714285714286,False,1,8.45420752170945,1120.7915206022406,,0.4203293003096893,0.675
ARAMIS20,HBOS,309757,MAPLE,0.4963749776026677,False,1.6697094230583458,0.4920634920556815,0.2008098920822976,0.3045639181997272,1.838037116636027,1.779485646194666,True,0.7500000000000002,False,1,0.3050024769504212,272.0843542448517,,0.4041556904833042,0.5166666666666667
ARAMIS20,HBOS,309757,SHAP,0.282126733313153,False,1.5772181001035008,0.4920634920556815,0.8223319272742695,0.7551693426193167,5.902127650151583,0.5261085604103074,True,0.6785714285714287,False,1,1.019635255109004,3163.9722598076546,,0.445069185876432,1.0
ARAMIS20,HBOS,310719,LIME,0.4410043502660112,False,1.6978388792098875,0.4920634920556815,-0.6320114345328072,0.6273951590618176,10.971628390398386,1.0834872094191508,True,0.3214285714285715,False,2,1.2644697327259924,7.176377807754389,,0.3824879768835782,0.6666666666666666
ARAMIS20,HBOS,310719,MAPLE,0.7603335380100213,False,1.3696881180584457,0.4920634920556815,-0.8028007801932459,0.8664256964226181,3.52735107622205,1.4043010992444045,True,0.2857142857142857,False,2,5.866803726739247,25.9538208793528,,0.5506838237446624,0.5166666666666667
ARAMIS20,HBOS,310719,SHAP,0.6822126868937801,False,1.6744986330603808,0.4920634920556815,-0.214734785324932,0.2170375116077229,3.2315082811515614,1.333908402936783,True,0.7857142857142859,False,2,51.6903024329069,136.20494379616275,,0.385740708088601,0.4655172413793103
ARAMIS20,HBOS,316611,LIME,0.3030610304793178,False,1.6794507511949694,0.4920634920556815,0.5182326864783473,-0.3201836622757194,6.298988843389097,1.069712328725867,True,-0.1428571428571428,False,1,0.0687674023874187,19.81558741521504,,0.3966145416832552,0.7777777777777778
ARAMIS20,HBOS,316611,MAPLE,0.7047106956891989,False,1.488436927797996,0.4920634920556815,-0.0727527485939921,0.039041408893948,3.47158266003216,1.7397774631796157,True,0.2142857142857143,False,1,0.0606504786552374,27.331910085063225,,0.5016239678200773,0.543859649122807
ARAMIS20,HBOS,316611,SHAP,0.702310185288786,False,1.7286818419770202,0.4920634920556815,0.5899644366751388,-0.4209218065893291,4.391525665322591,1.2417574260778514,True,-0.1785714285714286,False,1,0.0555891143597992,12.507296544152672,,0.3624623724154997,0.5094339622641509
ARAMIS20,HBOS,318513,LIME,0.1703008209069438,False,1.6001206695630008,0.4920634920556815,0.6304083567183709,0.4709140569262942,4.623529762961507,0.4361075475388064,True,0.1428571428571428,False,1,0.7481173317986446,100.57603650684692,,0.4348428922835375,0.7142857142857143
ARAMIS20,HBOS,318513,MAPLE,0.4839050774039569,False,1.428615158086675,0.4920634920556815,0.3199774797179862,0.0136833511102857,1.8737709385236745,1.27410724987166,True,-0.0357142857142857,False,1,1.4717364201944307,57.68242163099777,,0.5465426420496976,0.5344827586206896
ARAMIS20,HBOS,318513,SHAP,0.4338626486315709,False,1.5043358261588056,0.4920634920556815,0.7460007716290827,0.5543823143900448,3.5828736622756088,0.7171146539669492,True,0.3571428571428572,False,1,5.322958942614633,453.4871486006508,,0.4888430157454808,0.5263157894736842
ARAMIS20,HBOS,318558,LIME,0.1519718043722396,False,1.757589950408981,0.4920634920556815,0.391798282157368,0.2989400976144269,2.422814956301808,0.338372055874245,True,0.1071428571428571,False,1,0.3479275525028278,22.616521878474845,,0.336557380266799,0.696969696969697
ARAMIS20,HBOS,318558,MAPLE,0.5730327679153475,False,1.6637268344642115,0.4920634920556815,0.2732033161055654,0.3412251781575747,1.8143899646072663,1.6630079525912758,True,0.3214285714285715,False,1,1.0346760287043109,35.98502720890698,,0.3903503778774002,0.5081967213114754
ARAMIS20,HBOS,318558,SHAP,0.3437025846075141,False,1.69116484482098,0.4920634920556815,0.7982159231283764,0.7336502495563071,4.08043096722514,0.6367043577365399,True,0.642857142857143,False,1,0.70017958105948,53.5287709957075,,0.3859932597686691,0.92
ARAMIS20,HBOS,340491,LIME,0.6418307492247733,False,1.7375330515879857,0.4920634920556815,0.0872065083732128,-0.2584496541407834,10.703669448500902,1.4725146746755329,True,0.642857142857143,False,2,,,,0.3546292987035354,0.5238095238095238
ARAMIS20,HBOS,340491,MAPLE,0.7595095073667175,False,1.631581726867147,0.4920634920556815,0.39386429371879,-0.2706190739141003,7.597273126444114,1.5313396350921282,True,-0.1428571428571428,True,2,,,,0.4306531305791372,0.4754098360655737
ARAMIS20,HBOS,340491,SHAP,1.115918901985378,False,1.559512204039859,0.4920634920556815,-0.5916584987547949,0.4384734433171155,5.232866936955493,1.8201096477521532,True,-0.0357142857142857,False,2,,,,0.4697874181742784,0.575
ARAMIS20,HBOS,340531,LIME,1.2127949801101223,False,1.6748290182268586,0.4920634920556815,-0.6379275256275059,0.8529302350656116,9.773470219013287,2.524023260515415,True,0.642857142857143,False,1,,,,0.3848880724026917,0.631578947368421
ARAMIS20,HBOS,340531,MAPLE,1.207402592173927,False,1.4790799131598815,0.4920634920556815,-0.5881851643300108,0.698954247953019,5.543678589415091,2.199005928369522,True,0.7500000000000002,False,1,,,,0.5129875749322834,0.4655172413793103
ARAMIS20,HBOS,340531,SHAP,1.5193743487485392,False,1.5887413298206818,0.4920634920556815,-0.4743436055188573,0.7695403713792998,6.114826654967643,2.9185393673765323,True,0.0,False,1,,,,0.4253036187499976,0.5283018867924528
ARAMIS20,HBOS,35906,LIME,0.5927670018773804,False,1.6218368727135393,0.4920634920556815,-0.5207830899011914,0.4113319513157434,9.285887359962196,1.357025843249657,True,0.8571428571428573,False,1,,,,0.4321552723678043,0.2926829268292683
ARAMIS20,HBOS,35906,MAPLE,0.4919088065570953,False,1.2943248353131298,0.4920634920556815,-0.1199387281229443,-0.1178818280311144,5.377143350832288,1.6220433920874409,True,0.3571428571428572,False,1,,,,0.5903629077192215,0.4576271186440678
ARAMIS20,HBOS,35906,SHAP,1.07885491733771,False,1.65997181775692,0.4920634920556815,-0.5877862180536111,0.6058768413628232,5.63343719528363,1.6566265086939962,True,0.8571428571428573,False,1,,,,0.4083726097171488,0.490566037735849
ARAMIS20,HBOS,35911,LIME,0.6441271343365135,False,1.6446655302277835,0.4920634920556815,-0.2549995981934434,0.1838424899880306,10.72076852917634,1.348444743044599,True,0.3928571428571429,False,1,,,,0.4241093848532547,0.4528301886792453
ARAMIS20,HBOS,35911,MAPLE,0.6182041847524379,False,1.336488509494131,0.4920634920556815,0.0683937642246978,-0.3664901347226691,5.331306873577936,1.7171352753252715,True,0.6785714285714287,False,1,,,,0.5715028044682282,0.4666666666666667
ARAMIS20,HBOS,35911,SHAP,0.733661374729007,False,1.4965137364774963,0.4920634920556815,-0.3617649396478266,0.4062924198366168,3.75961415131835,1.28258062677418,True,-0.0714285714285714,False,1,,,,0.5083187441046492,0.5094339622641509
ARAMIS20,HBOS,35919,LIME,1.2900468243973802,False,1.7113736262585106,0.4920634920556815,-0.749559736141987,0.781302109664863,12.539072851612358,2.2379008685537687,True,0.4642857142857144,False,1,,,,0.3750382425198545,0.52
ARAMIS20,HBOS,35919,MAPLE,1.2084028437011165,False,1.5069285750959147,0.4920634920556815,-0.3186397259594077,0.0996806991370506,5.761070318813824,2.354248001917628,True,0.2857142857142857,False,1,,,,0.5009577397942472,0.4576271186440678
ARAMIS20,HBOS,35919,SHAP,1.2681941519837234,False,1.5434485090653172,0.4920634920556815,-0.692469814504845,0.7915284181743689,4.544823283061601,2.585222090482689,True,0.0357142857142857,False,1,,,,0.4735020742458886,0.5283018867924528
ARAMIS20,HBOS,385204,LIME,0.9587926042065082,False,1.5953803773086692,0.4920634920556815,-0.7367757501639742,-0.6336742882722327,10.204058986778309,1.805404217697473,True,-0.3214285714285715,False,1,,,,0.4434451449435868,0.425531914893617
ARAMIS20,HBOS,385204,MAPLE,0.6723307878960121,False,1.283363715590662,0.4920634920556815,0.1235152416124332,0.0111887226401982,5.140738990084894,1.890220750965684,True,0.1785714285714286,False,1,,,,0.5755905062426679,0.4838709677419355
ARAMIS20,HBOS,385204,SHAP,1.0731194171511418,False,1.505851862616029,0.4920634920556815,-0.6341345781882722,-0.5227963078614821,5.790224635113983,2.181720416810797,True,-0.3214285714285715,False,1,,,,0.4960709516112791,0.5094339622641509
ARAMIS20,HBOS,385224,LIME,0.6029923341389362,False,1.6854654294773668,0.4920634920556815,0.5632201287709717,-0.3250179294738399,9.348314786551638,1.4575824917824487,True,0.3214285714285715,False,1,,,,0.3938319111794046,0.1818181818181818
ARAMIS20,HBOS,385224,MAPLE,0.522128054855549,False,1.2700609222848775,0.4920634920556815,0.175398751187922,-0.0055584541448564,4.790815594430413,2.2880610242211694,True,0.2142857142857143,False,1,,,,0.6035263651088648,0.5084745762711864
ARAMIS20,HBOS,385224,SHAP,0.7993393431505568,False,1.4485692269270145,0.4920634920556815,0.6537115737477897,-0.398686521737415,5.187309173152848,1.5254946893285235,True,0.25,False,1,,,,0.5212841587088014,0.55
ARAMIS20,HBOS,385353,LIME,1.4370616134212304,False,1.4896350807405203,0.4920634920556815,-0.728356638011308,-0.3394313101576829,11.5438291003846,1.9374886008868455,True,0.1785714285714286,False,1,,,,0.4953437117382729,0.7777777777777778
ARAMIS20,HBOS,385353,MAPLE,1.2147923814905808,False,1.4431999938600206,0.4920634920556815,0.0592797591957503,-0.1317849132901536,13.707356350030055,2.3626230174008724,True,0.25,False,1,,,,0.5258248847503636,0.4821428571428571
ARAMIS20,HBOS,385353,SHAP,2.2803587876058544,False,1.7390931041371342,0.4920634920556815,-0.8276752328502092,-0.5836248173157759,7.838090125450633,3.764521951044252,True,0.2142857142857143,False,1,,,,0.3326460940074037,0.5454545454545454
ARAMIS20,HBOS,385508,LIME,1.6694845852151536,False,1.6975789095943514,0.4920634920556815,-0.8125783356339997,-0.8121693664020859,16.68686092516791,2.2446809046137397,True,0.3571428571428572,False,1,,,,0.3866832203217065,1.0
ARAMIS20,HBOS,385508,MAPLE,1.0960945269888394,False,1.5500502324897472,0.4920634920556815,0.2535217159719896,0.1395563446996912,5.872249551573443,2.243211704246369,True,0.7857142857142859,False,1,,,,0.4744035297892776,0.4666666666666667
ARAMIS20,HBOS,385508,SHAP,2.37546537277329,False,1.7683444992358113,0.4920634920556815,-0.7888465232672455,-0.7612082194386096,6.691420079190445,3.9261727433019256,True,0.6071428571428572,False,1,,,,0.2759344921413608,0.5535714285714286
ARAMIS20,HBOS,385527,LIME,1.8131240276159444,False,1.6237217715728318,0.4920634920556815,-0.8198102750895294,-0.8072037593768452,18.75169725900515,2.336936311410207,True,0.8571428571428573,False,2,,,,0.4091776998912182,1.0
ARAMIS20,HBOS,385527,MAPLE,1.868878893414028,False,1.5805150203146048,0.4920634920556815,0.8004133606202255,0.8184996608509536,14.57870989083556,4.129304315877644,True,0.5357142857142858,False,2,,,,0.4456754275740731,0.4666666666666667
ARAMIS20,HBOS,385527,SHAP,2.640309030635264,False,1.6490574191598864,0.4920634920556815,-0.8602111558429651,-0.8362661186190686,4.740014205848803,4.484202962651415,True,0.9285714285714288,False,2,,,,0.4076739686129532,0.54
ARAMIS20,HBOS,385564,LIME,1.7016410435295746,False,1.654972159027985,0.4920634920556815,-0.8241517965191193,-0.8094843363395533,12.925605133316234,2.37979627545569,True,0.642857142857143,False,1,,,,0.417836385332816,0.8888888888888888
ARAMIS20,HBOS,385564,MAPLE,1.4288033697616418,False,1.3933527442858862,0.4920634920556815,-0.3426851275711459,-0.4429284917423887,7.883924294415366,2.472399159062236,True,0.5357142857142858,False,1,,,,0.5566065054207475,0.4482758620689655
ARAMIS20,HBOS,385564,SHAP,3.1651345255867254,False,1.6517801010582245,0.4920634920556815,-0.6238819776979807,-0.5868511347201927,6.721564438657784,5.030378134309561,True,0.8214285714285715,False,1,,,,0.3945146576687859,0.62
ARAMIS20,HBOS,386255,LIME,0.355415358621942,False,1.668191875238469,0.4920634920556815,0.3818011926787201,-0.0201835111330426,6.347158704138379,1.12824184497539,True,-0.2142857142857143,False,1,3.403810171301856,27.521668376220468,,0.4047244126382869,0.6923076923076923
ARAMIS20,HBOS,386255,MAPLE,0.9224057089823408,False,1.347196730046662,0.4920634920556815,-0.1728037551880815,0.0146709592698709,3.508887070101042,1.9883816481361456,True,-0.9285714285714288,False,1,118.34749578455038,389.9089294112717,,0.5741058063643417,0.5254237288135594
ARAMIS20,HBOS,386255,SHAP,0.7913720745286678,False,1.4642364611934129,0.4920634920556815,0.2178001868752931,0.1905048755459045,5.4967151021652665,1.2905685857401934,True,-0.3214285714285715,False,1,6.02835302420962,28.341682024343275,,0.5074008706954295,0.4727272727272727
ARAMIS20,HBOS,392256,LIME,0.1413590998957654,False,1.55946413572387,0.4920634920556815,0.3245076923031827,-0.1414159185326982,2.393025927740671,0.4282074512420559,True,0.0,False,2,0.353000877424086,47.5057358689931,,0.4646583204698807,0.7297297297297297
ARAMIS20,HBOS,392256,MAPLE,0.4971383572124614,False,1.3799700109192978,0.4920634920556815,0.3691583492326547,-0.1159232211406141,1.9706689051555304,1.1499146955794453,True,-0.7857142857142859,False,2,0.2778581318790091,63.44283235639471,,0.5607157668428279,0.543859649122807
ARAMIS20,HBOS,392256,SHAP,0.5436880637744271,False,1.5942088335023714,0.4920634920556815,0.6916051192193753,-0.524506710133599,3.367827862755591,0.7394349833580098,True,0.0,False,2,0.2236967474099697,21.68524103099337,,0.4462768816545317,0.509090909090909
ARAMIS20,HBOS,429198,LIME,0.2915689811133315,False,1.6439963134850255,0.4920634920556815,0.7618773826773767,-0.8310123960808175,5.242327842303237,0.8366992981663645,True,0.0,False,1,0.066402804669782,8.740345581243895,,0.4166597626893054,0.5576923076923077
ARAMIS20,HBOS,429198,MAPLE,0.2517714080124172,False,1.5274457140073996,0.4920634920556815,0.6703225855953784,-0.4086142994732725,2.022332407199693,1.0882748232860426,True,0.0357142857142857,False,1,0.0277167840790926,3.1980611352951915,,0.4916110548735449,0.5081967213114754
ARAMIS20,HBOS,429198,SHAP,0.6264006707605214,False,1.7438847781126865,0.4920634920556815,0.8334125455770618,-0.6387501153199259,4.64757770922052,0.8752660593455516,True,0.0714285714285714,False,1,0.2229911970696563,9.840294751914708,,0.3494281869882569,0.7333333333333333
ARAMIS20,HBOS,429724,LIME,0.4761075678714828,False,1.4812919927357333,0.4920634920556815,0.2786350708237112,-0.6664249199928529,7.4325909680305084,1.4138032615202636,True,0.2142857142857143,False,1,,,,0.498977886217574,0.391304347826087
ARAMIS20,HBOS,429724,MAPLE,0.4798324672479043,False,1.5129891533993838,0.4920634920556815,0.7993017734937009,-0.3180103327606665,5.951920461396297,1.8115266676348376,True,0.9642857142857144,False,1,,,,0.494729052930673,0.5
ARAMIS20,HBOS,429724,SHAP,0.6645638494916335,False,1.653247692052687,0.4920634920556815,0.8436126515972282,-0.6359107757922894,8.712625553836352,1.1117443181210358,True,0.2857142857142857,False,1,,,,0.41147809471185,0.7
ARAMIS20,HBOS,432034,LIME,0.449843446335824,False,1.6291058724281464,0.4920634920556815,-0.3208370780532626,0.4021349199725864,9.925821956784077,1.0636023244827826,True,0.7857142857142859,False,1,4.9670405933005854,811.3983419667335,,0.4228801055556965,0.5333333333333333
ARAMIS20,HBOS,432034,MAPLE,0.5122708441624919,False,1.2098823830613434,0.4920634920556815,-0.7192437657137012,0.7770698583218982,4.713853920060719,1.4008405691002712,True,0.2142857142857143,False,1,37.15529465416488,45573.08527330209,,0.6095307411225038,0.5849056603773585
ARAMIS20,HBOS,432034,SHAP,0.7219250385292925,False,1.5348330124491811,0.4920634920556815,0.1562132423367663,-0.0753989481832663,3.872088729850823,1.5175018043607675,True,0.9285714285714288,False,1,12.21388930088143,22256.655465191787,,0.4742723897385371,0.4642857142857143
ARAMIS20,HBOS,434986,LIME,0.4626466280690567,False,1.4767369833591415,0.4920634920556815,0.4717562380076992,0.576075506254368,11.39148781216445,1.086059340610172,True,0.642857142857143,False,1,,,,0.500957343952935,0.3888888888888889
ARAMIS20,HBOS,434986,MAPLE,0.6326050345659664,False,1.4027993775483043,0.4920634920556815,0.6284883449887226,0.5238671283297647,6.734641068345844,1.113232472450893,True,0.5357142857142858,False,1,,,,0.5504625690019239,0.3548387096774194
ARAMIS20,HBOS,434986,SHAP,1.288711295325669,False,1.4033605223477492,0.4920634920556815,-0.5094133624606731,-0.3686234467823602,6.931101037084336,2.2983884815972964,True,0.1428571428571428,False,1,,,,0.5347766324903415,0.5306122448979592
ARAMIS20,HBOS,435209,LIME,0.2644712873969798,False,1.569919250398808,0.4920634920556815,0.3364045967865166,0.1784918795161245,7.658687412234779,1.0947157628737296,True,0.5714285714285715,False,1,4.601076041451077,3124.378144733826,,0.4562134316165223,0.7222222222222222
ARAMIS20,HBOS,435209,MAPLE,0.5439117864070697,False,1.5466970024889988,0.4920634920556815,0.4455923409025816,0.176864294507436,2.3573047685809736,1.6249907845328735,True,0.1428571428571428,False,1,4.094706964101941,2044.2128183093,,0.4677519352598508,0.5081967213114754
ARAMIS20,HBOS,435209,SHAP,0.3765443564543638,False,1.4803775605854717,0.4920634920556815,0.6892035221284888,0.51138823174196,3.732348147201736,0.7565031589240865,True,0.8928571428571429,False,1,27.00803896026872,5873.775029025621,,0.4983065276527468,0.5769230769230769
ARAMIS20,HBOS,438253,LIME,0.3294565792623445,False,1.577159147713726,0.4920634920556815,0.6463393637069973,0.3726903010518909,4.7705589572740426,1.0911914380123606,True,0.25,True,1,7.541036619677327,1990.7241272659064,,0.4582202916470536,0.6744186046511628
ARAMIS20,HBOS,438253,MAPLE,0.4013127957266376,False,1.2254868492634026,0.4920634920556815,0.5647630586382207,-0.1221204132781348,2.5034566592157064,0.9298422664659176,True,0.2857142857142857,False,1,10.258229903175415,1276.598994286348,,0.6112613285239569,0.5344827586206896
ARAMIS20,HBOS,438253,SHAP,0.3980308945597092,False,1.5002899641036294,0.4920634920556815,0.752365174016583,0.377559666616657,2.946279771137865,0.8098101877120502,True,0.4642857142857144,False,1,11.24233966968506,2375.838307636507,,0.5049703183294226,0.5555555555555556
ARAMIS20,HBOS,446138,LIME,0.7274241978360553,False,1.5669874258960912,0.4920634920556815,-0.5458505481957245,-0.712805842155771,8.972492706483184,1.7044112367509612,True,-0.4285714285714286,False,2,,,,0.4514389239768688,0.65
ARAMIS20,HBOS,446138,MAPLE,1.3209248805139506,False,1.407043409681053,0.4920634920556815,-0.5255203837412853,-0.199136518447734,4.95669939736649,2.713405153697629,True,0.3214285714285715,False,2,,,,0.5527398407815228,0.4666666666666667
ARAMIS20,HBOS,446138,SHAP,1.3195983293510452,False,1.7184503716436277,0.4920634920556815,-0.5383573371717069,-0.6875712150405776,5.2396043536742045,2.369792787538218,True,-0.0714285714285714,False,2,,,,0.3653761794049772,0.68
ARAMIS20,HBOS,446166,LIME,0.7548746333442184,False,1.581655721231834,0.4920634920556815,-0.0384534385347938,-0.0679653669944199,12.257513007985484,1.7564409617902013,True,0.1785714285714286,False,1,,,,0.448798228853906,0.875
ARAMIS20,HBOS,446166,MAPLE,1.751542736463305,False,1.5404260622716386,0.4920634920556815,-0.099082867793182,-0.306106591047714,6.4489684877382425,2.461665869466641,True,0.5,False,1,,,,0.4750687380289243,0.4666666666666667
ARAMIS20,HBOS,446166,SHAP,1.769448567499197,False,1.5264215056303334,0.4920634920556815,-0.5713039497503285,-0.4569362134108531,6.185277112386811,3.0351229825081867,True,0.3928571428571429,False,1,,,,0.4910259735680169,0.6052631578947368
ARAMIS20,HBOS,446267,LIME,1.7308766337514525,False,1.7252649655637458,0.4920634920556815,-0.7975556690610189,-0.7832326937095573,16.28623785745383,2.3503020732289506,True,0.8571428571428573,False,2,,,,0.3586842078991698,0.6764705882352942
ARAMIS20,HBOS,446267,MAPLE,1.6228525467917183,False,1.685941592329313,0.4920634920556815,0.1782733922745445,0.1742634550277496,6.83802898740252,4.298175982127502,True,0.0714285714285714,False,2,,,,0.3521567108992568,0.4754098360655737
ARAMIS20,HBOS,446267,SHAP,2.6582134569283964,False,1.6490574191598864,0.4920634920556815,-0.8602111558429651,-0.8362661186190686,5.7981875811065215,4.594160225597762,True,0.9285714285714288,False,2,,,,0.4076739686129532,0.54
ARAMIS20,HBOS,446395,LIME,0.7903707302297696,False,1.7248496626602945,0.4920634920556815,-0.0148140761749458,0.0740152329708971,13.637996156565654,2.096047250034843,True,0.1071428571428571,False,1,,,,0.358902310918346,0.8
ARAMIS20,HBOS,446395,MAPLE,1.811319704927875,False,1.1650320138058363,0.4920634920556815,-0.1456046591743557,-0.3424177717811791,9.825678747609023,3.046198815659788,True,0.3928571428571429,False,1,,,,0.6408900834152027,0.4576271186440678
ARAMIS20,HBOS,446395,SHAP,2.3805146588067,False,1.6516396570102985,0.4920634920556815,-0.6638117902063935,-0.4485682283186035,8.015235741894623,3.782332957919922,True,0.3214285714285715,False,1,,,,0.3858580340088094,0.5909090909090909
ARAMIS20,HBOS,446396,LIME,1.4836453937637792,False,1.6821948117827097,0.4920634920556815,-0.8215369900719373,-0.5514453963979251,15.790573209596388,2.159858448370067,True,0.2857142857142857,False,1,,,,0.3724985194950453,0.5517241379310345
ARAMIS20,HBOS,446396,MAPLE,1.4617191006210384,False,1.677614604807267,0.4920634920556815,0.3100292117584635,0.4094535124278423,9.272893563415607,2.744843931298603,True,0.3928571428571429,False,1,,,,0.3705226849528387,0.4833333333333333
ARAMIS20,HBOS,446396,SHAP,2.6737990615475087,False,1.6312638122329393,0.4920634920556815,-0.8568079665625282,-0.7495469292626373,5.012208405638203,4.516945033100925,True,0.6071428571428572,False,1,,,,0.4298420220813563,0.5306122448979592
ARAMIS20,HBOS,447150,LIME,0.2985091669365052,False,1.721274926438351,0.4920634920556815,0.5650362435554394,0.4028366658290968,6.05049707987528,1.1717813997149489,True,0.2142857142857143,False,1,0.9330742935822046,3755.118084361497,,0.3700505674103311,0.6666666666666666
ARAMIS20,HBOS,447150,MAPLE,0.5480312304887609,False,1.509308696216794,0.4920634920556815,0.5285252043528761,0.4408481994802362,2.2370604954100277,1.5022411833478149,True,0.4285714285714286,False,1,1.105550948187232,2070.137984252669,,0.4767146541821916,0.5166666666666667
ARAMIS20,HBOS,447150,SHAP,0.4444351232804415,False,1.5876714695389162,0.4920634920556815,0.7716626598576202,0.6434874018185476,4.966279487975473,0.8107319123219741,True,0.5714285714285715,False,1,0.5256728481641119,7281.816129159706,,0.4505017847192785,0.6511627906976745
ARAMIS20,HBOS,447164,LIME,0.171180139080287,False,1.5806038779432343,0.4920634920556815,0.3169735329684716,0.3745422943880134,8.70000786269425,1.0500958795331463,True,0.0,True,1,0.2180911914699893,630.9731071575542,,0.45315731425664,0.6444444444444445
ARAMIS20,HBOS,447164,MAPLE,0.5149828891563861,False,1.4906673337565253,0.4920634920556815,0.5933531962704597,-0.041360736428253,2.4751497600179246,1.3375288710026625,True,-0.2857142857142857,False,1,1.436796846030973,212.8396037058484,,0.5086466010990602,0.5254237288135594
ARAMIS20,HBOS,447164,SHAP,0.5096134346859307,False,1.6073038379213147,0.4920634920556815,0.7135645726875616,0.4270420785539465,5.395994599977412,0.7889170041612313,True,0.1428571428571428,True,1,5.669812594076499,5509.981873690172,,0.4322567442898028,0.5263157894736842
ARAMIS20,HBOS,447193,LIME,0.1828094346478553,False,1.6310545143326078,0.4920634920556815,0.4873642655635782,0.3608743989514479,3.177374931896365,0.447584600566957,True,0.7500000000000002,False,2,16.26493581789794,404.3466000758564,,0.4094788418441668,0.6486486486486487
ARAMIS20,HBOS,447193,MAPLE,0.4439337426356032,False,1.480121403261268,0.4920634920556815,0.5389844519931882,0.5845128207347289,2.030597021193872,1.3412287987299114,True,0.0357142857142857,False,2,0.6200553988606127,13.598874826852915,,0.5000642804327696,0.5166666666666667
ARAMIS20,HBOS,447193,SHAP,0.484285215376077,False,1.539460360705939,0.4920634920556815,0.807533696509835,0.7044732101512461,3.128999573487764,0.7136348673417495,True,0.7500000000000002,False,2,0.7836270191555075,22.88591839067508,,0.4852743116962961,0.5957446808510638
ARAMIS20,HBOS,447197,LIME,0.3824780835320908,False,1.542649676054647,0.4920634920556815,0.6573790674224199,0.6447675925621208,4.317661151963285,0.6268264179470046,True,0.5714285714285715,True,1,7.363675853205565,4570.835190202908,,0.4689164589522116,0.5405405405405406
ARAMIS20,HBOS,447197,MAPLE,0.3365293510590614,False,1.6727749506770806,0.4920634920556815,0.6896801672933853,0.2332546364361461,2.0272676400091165,1.1250492244250807,True,0.5714285714285715,True,1,0.3900476208842564,1192.8414623970052,,0.3969911168751029,0.5166666666666667
ARAMIS20,HBOS,447197,SHAP,0.3800785333213584,False,1.33449728138319,0.4920634920556815,0.8164777351745865,0.6680928248636099,5.039875953682209,0.7026778138812146,True,0.5357142857142858,True,1,35.120845663260546,3676.175390175695,,0.5604440038889316,0.8
ARAMIS20,HBOS,44855,LIME,0.1853248455761636,False,1.4910657772142963,0.4920634920556815,0.8521475069090807,0.5256093301872845,2.703943913471801,0.4417292117804379,True,0.0,False,1,10.339212538298456,137.13623543781196,,0.4929479013767467,0.6857142857142857
ARAMIS20,HBOS,44855,MAPLE,0.4907578289273775,False,1.1494474002099109,0.4920634920556815,0.3645508320527683,-0.1792242581209089,1.4369120318033612,1.1033094642042012,True,-0.5714285714285715,False,1,105.06661817098076,679.9100439108853,,0.6551198614065408,0.543859649122807
ARAMIS20,HBOS,44855,SHAP,0.4622118157642349,False,1.5793343116620189,0.4920634920556815,0.8495632878627463,0.5731225420190388,3.0368784293153204,0.8440455263399724,True,0.25,False,1,6.521495653089533,26.18573314339485,,0.4593153092060738,0.4909090909090909
ARAMIS20,HBOS,45782,LIME,0.357388702447082,False,1.5002680481267272,0.4920634920556815,0.6221907549826964,0.1350071760892271,4.951571814478146,0.8245351643994011,True,-0.3571428571428572,False,1,,,,0.5064901324414366,0.7058823529411765
ARAMIS20,HBOS,45782,MAPLE,0.3065586299816378,False,1.319990194958653,0.4920634920556815,0.6336631146683869,0.2388723869726606,2.6894515872301925,0.6554542003062874,True,-0.6785714285714287,False,1,,,,0.5678205422251308,0.5344827586206896
ARAMIS20,HBOS,45782,SHAP,0.5996531986557702,False,1.3655016900861503,0.4920634920556815,0.7316600939512397,0.4218452993448898,3.434949824054668,1.115447757405777,True,-0.4642857142857144,False,1,,4802.631935366823,,0.5712436412247565,0.4655172413793103
ARAMIS20,HBOS,45816,LIME,0.5632280020857228,False,1.4970895939742908,0.4920634920556815,0.4860756573820732,-0.4728335333433165,12.8213207601196,1.4045732625722946,True,0.8571428571428573,False,2,,,,0.5114421500739432,0.4102564102564102
ARAMIS20,HBOS,45816,MAPLE,1.0418908736368473,False,1.579605692502739,0.4920634920556815,0.6033468041125724,-0.5984631838423724,5.686834400697623,1.731445884314504,True,0.4642857142857144,False,2,,,,0.4528483882073296,0.4666666666666667
ARAMIS20,HBOS,45816,SHAP,0.9263172787688272,False,1.342563851256368,0.4920634920556815,-0.4320516864906105,0.4404824752841399,3.6344246282696018,2.0170107737854166,True,0.3571428571428572,False,2,,,,0.5833711621743347,0.5454545454545454
ARAMIS20,HBOS,513442,LIME,1.4473343813702515,False,1.6491791488163017,0.4920634920556815,-0.8363180973428987,-0.8177394083656029,13.443248435197225,1.9750961330707573,True,0.7500000000000002,False,1,,,,0.4074159247157257,0.5
ARAMIS20,HBOS,513442,MAPLE,0.9911657168311704,False,1.634909856510149,0.4920634920556815,-0.2191215315353016,-0.2624870024394499,12.979112324320994,1.898490031468131,True,-0.0714285714285714,False,1,,,,0.3921262671577607,0.5151515151515151
ARAMIS20,HBOS,513442,SHAP,2.5006679391643214,False,1.6400085804175002,0.4920634920556815,-0.859844786004314,-0.83849486866323,7.263910891956485,3.9577377596263914,True,0.7857142857142859,False,1,,,,0.402352599319827,0.5283018867924528
ARAMIS20,HBOS,513454,LIME,1.524379871453186,False,1.6515781236848286,0.4920634920556815,-0.8996075978717003,-0.7291078614179268,15.69602844035553,2.1551187258923896,True,0.6785714285714287,False,1,,,,0.4081440202663065,0.5789473684210527
ARAMIS20,HBOS,513454,MAPLE,0.9177524331491078,False,1.5264829400572166,0.4920634920556815,0.2022372715255437,0.729525171935119,13.130674999719671,1.7082971242818743,True,0.5714285714285715,False,1,,,,0.4945880353738891,1.0
ARAMIS20,HBOS,513454,SHAP,2.434124896258732,False,1.7273380767479154,0.4920634920556815,-0.8789455174479067,-0.7758475447053708,7.256546671506186,3.8568886302419423,True,0.5714285714285715,False,1,,,,0.3559216673177033,0.5510204081632653
ARAMIS20,HBOS,513587,LIME,1.4059391731431554,False,1.6670644247883364,0.4920634920556815,-0.8808503179188664,-0.8182483966000355,15.001258736917784,2.013590303820301,True,0.6785714285714287,False,1,,,,0.3838049985504504,0.6666666666666666
ARAMIS20,HBOS,513587,MAPLE,1.3110515857773672,False,1.5157704054370995,0.4920634920556815,-0.2901559536787226,-0.3301561004209924,17.14871096325208,2.2705634257122,True,0.0,False,1,,,,0.4920531091749252,0.0
ARAMIS20,HBOS,513587,SHAP,2.2165995331990604,False,1.7539297629736197,0.4920634920556815,-0.7389951051692855,-0.7051889648362075,6.310805923699021,3.54569784869228,True,0.5714285714285715,False,1,,,,0.302181074686374,0.5918367346938775
ARAMIS20,HBOS,513775,LIME,1.1005272120586802,False,1.6776061616042,0.4920634920556815,-0.6998579821916681,-0.6402491973460643,10.629109992256044,2.279112377803972,True,0.5714285714285715,False,1,,,,0.393869281409438,0.8571428571428571
ARAMIS20,HBOS,513775,MAPLE,0.8875997686922067,False,1.5557963270398063,0.4920634920556815,0.2171437708509804,0.1264430177432276,5.756533200781591,1.9087642747344555,True,0.0714285714285714,False,1,,,,0.4654368854031197,0.4754098360655737
ARAMIS20,HBOS,513775,SHAP,1.5556632246719724,False,1.6425615012054795,0.4920634920556815,-0.6402255987595019,-0.5492205368064024,6.488319239489241,3.143790068296298,True,0.3928571428571429,False,1,,,,0.3750824973356215,0.5454545454545454
ARAMIS20,HBOS,513792,LIME,0.99562847090788,False,1.6720909791751597,0.4920634920556815,-0.2685110573676245,-0.2069460894566162,12.118249339691962,1.8336034878839755,True,0.4642857142857144,False,1,,,,0.3929598136246877,0.5714285714285714
ARAMIS20,HBOS,513792,MAPLE,1.3184248926820954,False,1.571802243668755,0.4920634920556815,0.0231714225031965,0.3545415400331602,11.189317483867148,2.9277804672842214,True,0.642857142857143,False,1,,,,0.457163338340626,0.4745762711864407
ARAMIS20,HBOS,513792,SHAP,2.724731703765485,False,1.5294639590547956,0.4920634920556815,-0.8860063146908979,-0.7323243029150991,6.604363386283668,4.507206428855056,True,0.7857142857142859,False,1,,,,0.4881936765905462,0.625
ARAMIS20,HBOS,513839,LIME,1.2703540151725077,False,1.7349538492458632,0.4920634920556815,-0.655202751335615,-0.7987768179650415,12.554898897292782,2.2139030040055063,True,0.0714285714285714,False,1,,,,0.3218555057705482,0.6666666666666666
ARAMIS20,HBOS,513839,MAPLE,1.2332735780233344,False,1.238843583257086,0.4920634920556815,-0.4006294381446226,-0.4003212088690798,6.714023949469103,2.9927715323703943,True,0.0,False,1,,,,0.6088824810004001,0.4655172413793103
ARAMIS20,HBOS,513839,SHAP,1.2330468980879423,False,1.612319337133839,0.4920634920556815,-0.4332125708887774,-0.431265101656872,3.957623253560278,2.326704206251488,True,-0.3571428571428572,False,1,,,,0.4365260345544193,0.7142857142857143
ARAMIS20,HBOS,590810,LIME,0.374876515058435,False,1.5081178791505188,0.4920634920556815,-0.4409646691537728,0.0977358697928937,12.467163663711045,1.1187681054097298,True,-0.2857142857142857,False,1,,,,0.4934237390619534,0.2647058823529412
ARAMIS20,HBOS,590810,MAPLE,0.3453305008026085,False,1.040390690038016,0.4920634920556815,-0.599433323434922,0.4297142117177648,3.3792514753239797,0.8425957153500188,True,-0.6071428571428572,False,1,,,,0.6754375979831546,0.4259259259259259
ARAMIS20,HBOS,590810,SHAP,0.7015011996330592,False,1.599366232269924,0.4920634920556815,-0.8057735155834514,0.5402389499127789,5.072174660217427,1.095282587078211,True,-1.0,False,1,,,,0.4221439431706345,0.5
ARAMIS20,HBOS,591850,LIME,0.1357314942175576,False,1.602032477570421,0.4920634920556815,0.5933302793101404,-0.4317017360633571,4.143049784939491,0.4246968299322246,True,-0.2702812388086677,True,1,0.2356570174249039,57.149671673610335,,0.4410431646224767,0.7
ARAMIS20,HBOS,591850,MAPLE,0.5417314983839778,False,1.3382961323033031,0.4920634920556815,0.3772063243531048,0.2053874016406713,1.574096248102268,1.129261723025673,True,-0.0360374985078223,False,1,8.51498269337163,35429.4230028753,,0.5851898791919218,0.5344827586206896
ARAMIS20,HBOS,591850,SHAP,0.467890662632034,False,1.6453473192996615,0.4920634920556815,0.7122494601066374,-0.4543251570527752,3.5761406528993827,0.7309773010752975,True,-0.0900937462695559,True,1,2.0666867057663327,2239.1316062270075,,0.418109271605295,0.5254237288135594
ARAMIS20,HBOS,592874,LIME,0.2090601970818432,False,1.5689769110865757,0.4920634920556815,0.6288224705478949,-0.4265335274418632,2.5985013466350746,0.4601213567915462,True,0.1785714285714286,False,1,10.478975997092926,141.7909047982467,,0.4503030699477391,0.7586206896551724
ARAMIS20,HBOS,592874,MAPLE,0.4406309362911242,False,1.087658886111041,0.4920634920556815,0.4804860888814178,-0.3366573988823949,1.7813999613852805,0.8726383257569055,True,-0.3214285714285715,False,1,20.96014578736198,129.55602273385728,,0.6671866352706116,0.5535714285714286
ARAMIS20,HBOS,592874,SHAP,0.4638849327110281,False,1.4317730789392509,0.4920634920556815,0.7653598722056353,-0.5457177622095084,3.01351023135688,0.8815366793986074,True,0.3928571428571429,False,1,5.229881628830129,26.419039174752363,,0.5398368767647769,0.4727272727272727
ARAMIS20,HBOS,593815,LIME,0.2376532430731989,False,1.5714068335480316,0.4920634920556815,0.5050556780675822,0.3847626313454106,5.426555830962785,0.994431597902958,True,-0.4865062298556019,False,1,0.0154116023373903,406.01728788305024,,0.4579096186716958,0.7647058823529411
ARAMIS20,HBOS,593815,MAPLE,0.531343471698533,False,1.3420170381847618,0.4920634920556815,0.4264651348539598,-0.139641463687794,2.587139251800946,1.080523640904183,True,0.0720749970156447,False,1,0.3690311932567101,12790.373544426711,,0.5807952388565619,0.5344827586206896
ARAMIS20,HBOS,593815,SHAP,0.5150490270233246,False,1.6235000784827918,0.4920634920556815,0.6929579839907699,0.406691507867053,4.398608426182035,0.9038163930078305,True,-0.2342437403008453,True,1,0.1220452930368791,240.0224991865984,,0.4351445698153501,0.5081967213114754
ARAMIS20,HBOS,593866,LIME,0.3109161986419612,False,1.6032984089713818,0.4920634920556815,0.6721462505553483,0.4648262824960054,5.268208162525157,1.0503611127498438,True,0.2142857142857143,True,1,4.468576007031084,967.7945531765836,,0.4450705882906904,0.6444444444444445
ARAMIS20,HBOS,593866,MAPLE,0.6639455793841877,False,1.461745638670379,0.4920634920556815,0.6161923478847757,0.2145292652404083,1.9700905002428972,1.760908715616489,True,0.4285714285714286,False,1,14.327068436083511,28225.095453087037,,0.5185743305548133,0.5166666666666667
ARAMIS20,HBOS,593866,SHAP,0.4119496800831312,False,1.4519830351963714,0.4920634920556815,0.7398176694803101,0.4739929300640713,3.5194919855569946,0.8029429104520801,True,0.4285714285714286,False,1,32.04983694036328,4759.130601073448,,0.5194277545145626,0.58
ARAMIS20,HBOS,631817,LIME,0.4580989743326944,False,1.441748457878962,0.4920634920556815,0.8567058875193109,0.4325272634438207,5.3696058952658605,0.7396327307780584,True,0.1428571428571428,False,1,,1245.262974378561,,0.527624138252877,0.6857142857142857
ARAMIS20,HBOS,631817,MAPLE,0.2118384457373202,False,1.1272628812404475,0.4920634920556815,0.6184436472126129,0.3018946967391066,2.0306451377103025,0.559603656462587,True,-0.6071428571428572,False,1,171.89361368442235,619.6328127589875,,0.6444220516154257,0.5263157894736842
ARAMIS20,HBOS,631817,SHAP,0.5488760597175704,False,1.1491785417615603,0.4920634920556815,0.7548898112621293,0.5731115725120487,4.071499869380699,1.083964557128694,True,-0.3214285714285715,False,1,41.86712713779609,323.7346422746842,,0.6447132219903425,0.5106382978723404
ARAMIS20,HBOS,631820,LIME,0.6237098361947738,False,1.5589379261943697,0.39999999992,-0.2653917809188291,-0.1424992079580064,8.317083928110527,1.3367159807448734,True,0.7142857142857144,False,1,,,,0.4749574165712416,0.0
ARAMIS20,HBOS,631820,MAPLE,0.5715709853946791,False,1.3224770127484449,0.39999999992,0.08002196680022,-0.2943305539128085,7.754501765313932,1.513948676070012,True,0.2142857142857143,False,1,,,,0.5764769163605216,0.0
ARAMIS20,HBOS,631820,SHAP,1.0317224869971422,False,1.3628156038681494,0.39999999992,-0.2388656026378998,0.2445227300334373,4.242103898833586,1.6190866074067256,True,0.2142857142857143,False,1,,,,0.5652843082164772,0.5
ARAMIS20,HBOS,631822,LIME,0.573058980804432,False,1.5724373592839176,0.39999999992,0.6354435242255411,0.3007269331887109,10.055878627748104,1.318021436483833,True,0.7500000000000002,False,1,,2571.8214600177907,,0.4611181906674167,0.0
ARAMIS20,HBOS,631822,MAPLE,0.5446804149407992,False,1.3456429788064557,0.39999999992,0.3024516536795325,-0.0304682247137727,5.5968908624055045,1.3139486067521005,True,0.3571428571428572,False,1,4.585010017122597,,,0.5554439201709148,0.5
ARAMIS20,HBOS,631822,SHAP,0.7200907844046998,False,1.1548186040483168,0.39999999992,0.4341026881615711,0.4286378149529383,5.427603106040691,1.4061735361964205,True,0.7142857142857144,False,1,,1734.3298121304772,,0.6292887776016063,0.0
ARAMIS20,HBOS,646702,LIME,0.6701473588730691,False,1.4663530958400557,0.39999999992,-0.3929147682156091,-0.3712329715461283,5.965764511309984,1.6113438336024168,True,0.4642857142857144,False,1,,,,0.5124958804115012,1.0
ARAMIS20,HBOS,646702,MAPLE,0.976488781624422,False,1.4288123021846082,0.39999999992,-0.0072337785099842,-0.106235583531732,5.7299576836247255,2.3310772815882697,True,0.3214285714285715,False,1,,,,0.5067326195866176,0.0
ARAMIS20,HBOS,646702,SHAP,1.229496284569337,False,1.6597783436070142,0.39999999992,-0.4593931595797405,-0.2867166215249233,6.086257169123895,1.7536735624868418,True,0.7142857142857144,False,1,,,,0.3976002482089044,1.0
ARAMIS20,HBOS,647568,LIME,1.2095082332988962,False,1.7217620182867108,0.39999999992,-0.7655248773852616,-0.4927751509240771,12.210476616326304,2.3053013613288624,True,0.0,False,1,,,,0.35648269943292,1.0
ARAMIS20,HBOS,647568,MAPLE,1.1723280738821522,False,1.450037751909218,0.39999999992,-0.6089558580929938,-0.2541643930857846,8.467417146770243,1.8617165492187744,True,-0.1785714285714286,False,1,,,,0.5187717805838041,0.0
ARAMIS20,HBOS,647568,SHAP,1.500425421193169,False,1.6382310427320583,0.39999999992,-0.6251824283617736,-0.4473023902626666,5.876974477180563,2.4949270343644514,True,-0.1785714285714286,False,1,,,,0.4221654450543106,1.0
ARAMIS20,HBOS,647733,LIME,0.2539047074871138,False,1.627171001833121,0.39999999992,-0.0439648620352004,0.2014507481156729,7.046461702129946,1.0668029097650615,True,-0.3571428571428572,False,2,2.347938137772541,3062.073884293616,,0.4291845575055356,0.0
ARAMIS20,HBOS,647733,MAPLE,0.3227689326450756,False,1.037681775555646,0.39999999992,-0.4930623132589257,0.6488602554601833,4.0701466463258695,1.3441983516135323,True,0.5714285714285715,False,2,9.005711653618905,25155.55958789006,,0.6812140746109476,1.0
ARAMIS20,HBOS,647733,SHAP,0.6593486263319854,False,1.7961170033816043,0.39999999992,0.5517076050629057,-0.3898040964372842,4.954754012356069,1.0106010258352456,True,0.5357142857142858,False,2,2.5036771222292957,1483.176763554327,,0.2873040702250947,1.0
ARAMIS20,HBOS,647859,LIME,0.3496428542274932,False,1.70462727230797,0.39999999992,0.2516364614534687,-0.1393597853096972,6.823298931862378,1.0942926970448732,True,-0.2857142857142857,False,1,0.7504404911403794,40.74162036242281,,0.3771517805242628,0.0
ARAMIS20,HBOS,647859,MAPLE,0.6853991976736269,False,1.4424524081655032,0.39999999992,0.0347697507911775,-0.1031146872709531,4.1801426582272345,1.6319342173559954,True,-0.5357142857142858,False,1,3.540024931006815,370.99689694657786,,0.5338113110295144,0.0
ARAMIS20,HBOS,647859,SHAP,0.5723711871549296,False,1.6919925597929462,0.39999999992,0.648551172861237,-0.5638109285620464,4.997450728437076,1.0022987953442322,True,-0.0714285714285714,False,1,0.4351227299194374,22.017095893994444,,0.3592682632611614,1.0
ARAMIS20,IForest,11917,LIME,0.8040423078350324,False,1.7462781810580308,0.9047619047475436,0.4663520590626355,-0.5227049685191207,18.937095254887907,1.534415707933476,True,0.5714285714285715,False,1,,,,0.2893565311645166,0.9285714285714286
ARAMIS20,IForest,11917,MAPLE,1.0103762434076378,False,1.3376159324596046,0.9047619047475436,-0.1934944577321811,-0.0826528541806455,3.1977400447516957,2.017537617801017,True,0.4285714285714286,False,1,,,,0.5750445660860841,0.9
ARAMIS20,IForest,11917,SHAP,1.2819858991293307,False,1.5831464100177195,0.9047619047475436,-0.0860906929332615,0.2618500173494867,3.8044093576324416,2.0537379070987063,True,0.2857142857142857,False,1,,,,0.4484749581683307,0.9642857142857144
ARAMIS20,IForest,11918,LIME,1.0114688293374516,False,1.8848391634531263,0.9047619047475436,-0.3472241691804265,0.2501431220144389,10.528514860814248,1.5916709064181882,True,0.3928571428571429,False,1,,,,0.1875040337372087,0.9666666666666668
ARAMIS20,IForest,11918,MAPLE,0.8163614901701851,False,1.3202791165557972,0.9047619047475436,0.3173023767140746,-0.2581533828848948,2.753128909676032,2.25302023573228,True,0.4285714285714286,False,1,,,,0.5901804893458005,0.9
ARAMIS20,IForest,11918,SHAP,1.255631458461239,False,1.5600571776538823,0.9047619047475436,-0.4394169235254391,0.4475262280034738,4.190108875182971,2.227630803496333,True,-0.1071428571428571,False,1,,,,0.4695846617980025,0.9615384615384616
ARAMIS20,IForest,11919,LIME,0.7789996074593922,False,1.8637708781419624,0.9047619047475436,-0.1711484352362065,-0.1478535837948068,10.146774672136909,1.3244960979935458,True,-0.7142857142857144,False,1,,,,0.1857985123782333,0.9545454545454546
ARAMIS20,IForest,11919,MAPLE,0.6560888185158608,False,1.2300846445235876,0.9047619047475436,-0.3892780628435527,0.5819901861416521,3.2447292418402,2.227999042610135,True,0.0714285714285714,False,1,,,,0.6187201332075979,0.9
ARAMIS20,IForest,11919,SHAP,1.0911507025242952,False,1.7171036253160503,0.9047619047475436,-0.0899630698829568,0.0588057787203881,3.6528748690909008,1.822845906611164,True,0.0,False,1,,,,0.3745877047785452,0.9444444444444444
ARAMIS20,IForest,11923,LIME,0.7876945816715373,False,1.7026081588376711,0.9047619047475436,0.5328224382568488,-0.3604928996672519,8.527714714187193,1.3865008300228758,True,0.0357142857142857,False,1,,,,0.3428161677265536,0.9047619047619048
ARAMIS20,IForest,11923,MAPLE,0.537984939402948,False,1.1062732205038308,0.9047619047475436,-0.5169036131016114,0.1654271477075092,3.543521976166765,1.561808421159637,True,0.8928571428571429,False,1,,,,0.6611046349780227,0.9
ARAMIS20,IForest,11923,SHAP,1.0299978616525314,False,1.8265085847000904,0.9047619047475436,0.2489883571939908,-0.2830723744315789,3.836238483555157,1.7594957897998338,True,0.0,False,1,,,,0.2693882177564567,0.9482758620689656
ARAMIS20,IForest,11938,LIME,0.3785967876739047,False,1.866393300216928,0.9047619047475436,0.3962681524440024,-0.2827170420506474,6.062881453883958,0.7815568371224294,True,0.4285714285714286,False,1,,,,0.2192310829336401,0.925925925925926
ARAMIS20,IForest,11938,MAPLE,0.3996943820361536,False,1.2964497041029748,0.9047619047475436,0.1638964062217804,-0.0610076814986159,2.0430622389049766,0.8917790389607281,True,0.3928571428571429,False,1,,,,0.5840353546657197,0.8983050847457628
ARAMIS20,IForest,11938,SHAP,1.1006691759886733,False,1.7000525722616924,0.9047619047475436,0.0132405725892354,-0.0738018468793051,2.886957373579345,1.8781793465368817,True,0.0714285714285714,False,1,,,,0.3409942577528463,0.9473684210526316
ARAMIS20,IForest,18919,LIME,0.8598037170208886,False,1.707654250552016,0.9047619047475436,0.690831105402748,-0.6971792526428446,11.632862659942608,1.5475084860577848,True,0.5357142857142858,False,1,,,,0.3555335862349688,0.9565217391304348
ARAMIS20,IForest,18919,MAPLE,0.7176710961258804,False,1.2619155983922992,0.9047619047475436,0.4983587401628745,-0.6071097093737808,2.714638094169896,1.428404584809053,True,0.2142857142857143,False,1,,,,0.5874604680098018,0.9
ARAMIS20,IForest,18919,SHAP,0.9888727692573646,False,1.6015029461051573,0.9047619047475436,0.1672803616983209,-0.2549637910352968,2.545852221341532,1.6544631212803975,True,0.5357142857142858,False,1,,,,0.4389296374708534,0.9583333333333334
ARAMIS20,IForest,18920,LIME,0.6523853432161327,False,1.7029666066991405,0.9047619047475436,0.5441738913441042,-0.3606286025945134,12.897419059823852,1.3276595236237203,True,0.3571428571428572,False,1,,,,0.368415133625122,0.9090909090909092
ARAMIS20,IForest,18920,MAPLE,0.9636801675428636,False,1.1914359999824726,0.9047619047475436,-0.5079317891924845,0.1826010597115697,4.419702225043595,2.1951286404619776,True,0.642857142857143,False,1,,,,0.6158593454487262,0.9
ARAMIS20,IForest,18920,SHAP,1.2342722015811582,False,1.687486701805889,0.9047619047475436,0.2078526214793383,-0.0889986510088517,2.8829735934582708,2.2516250132360747,True,0.0357142857142857,False,1,,,,0.3790100544230844,0.9491525423728814
ARAMIS20,IForest,18923,LIME,0.7341058349468456,False,1.6927189895223609,0.9047619047475436,0.102661935874726,-0.0232859254710114,10.687896861329296,1.4135747597974324,True,0.1071428571428571,False,1,,,,0.3546932329592941,0.8846153846153846
ARAMIS20,IForest,18923,MAPLE,0.7510662197837498,False,1.4300613719665916,0.9047619047475436,-0.0620812629600271,-0.1107628605140452,4.554622631600646,1.5770393397883766,True,0.8928571428571429,False,1,,,,0.5107882943970631,0.9
ARAMIS20,IForest,18923,SHAP,1.5554762534552182,False,1.6022912710238273,0.9047619047475436,0.5678111963654963,-0.6095907910318923,3.4079526570402825,2.311000072658832,True,-0.1071428571428571,False,1,,,,0.4437251479362397,0.9642857142857144
ARAMIS20,IForest,18958,LIME,0.9507862774481898,False,1.640484300896511,0.9047619047475436,0.1372571036989025,-0.4189057888592225,9.504633318203547,1.8056261287274,True,0.3928571428571429,False,1,,,,0.4184170064190752,1.0
ARAMIS20,IForest,18958,MAPLE,0.5697618324825734,False,1.0649725548238165,0.9047619047475436,-0.0225457285707291,-0.5626999434615387,3.7568730348589,1.367932022531013,True,0.6071428571428572,False,1,,,,0.668172651653518,0.9
ARAMIS20,IForest,18958,SHAP,0.975713258910226,False,1.550192255741921,0.9047619047475436,0.3342752941771499,-0.1179378337931998,2.847848344645554,1.5516261129660338,True,0.4642857142857144,False,1,,,,0.482058798431967,1.0
ARAMIS20,IForest,20951,LIME,1.1071499270472969,False,1.865085586977386,0.9047619047475436,-0.3669487339629696,0.1504711610088511,11.827836239094465,1.7989562469140308,True,0.3571428571428572,False,1,,,,0.2043892694630471,0.9722222222222222
ARAMIS20,IForest,20951,MAPLE,0.900916844112771,False,1.2651966313201863,0.9047619047475436,0.1197842283214389,0.1366692431597103,3.0574321715749204,2.4733116732046394,True,0.25,False,1,,,,0.5790655805222203,0.9
ARAMIS20,IForest,20951,SHAP,1.1729433815846242,False,1.5465909333021903,0.9047619047475436,-0.4582967141269775,0.3355728704809343,4.145739821805458,2.306483091656361,True,-0.0357142857142857,False,1,,,,0.4778358958888006,0.9574468085106383
ARAMIS20,IForest,20990,LIME,0.3375946424840038,False,1.6614856540181004,0.9047619047475436,0.4455322672852153,-0.2677896681673806,5.533489909118177,0.8109691901988632,True,0.1071428571428571,False,1,,,,0.3851333034544532,0.9565217391304348
ARAMIS20,IForest,20990,MAPLE,0.4304378371263718,False,1.2624055460573451,0.9047619047475436,0.191992639724289,0.163725414597795,1.929949557427244,0.8824980303166686,True,0.3214285714285715,False,1,,,,0.5824983195287035,0.9
ARAMIS20,IForest,20990,SHAP,1.0949998550575994,False,1.5698605902800016,0.9047619047475436,0.1832873997290073,0.0120947707553469,2.18390405044774,1.7604603546093358,True,0.2142857142857143,False,1,,,,0.4588247659864749,0.9454545454545454
ARAMIS20,IForest,271817,LIME,0.4035469654473095,False,1.846543403141411,0.0793650793638196,-0.0037974457774649,-0.1907700516129393,6.737873017137764,1.1094645450755307,True,-0.0357142857142857,False,1,2.209163841665959,41.100210777610926,,0.2281835868633669,0.1176470588235294
ARAMIS20,IForest,271817,MAPLE,0.3899845954689244,False,1.6394967926882948,0.0793650793638196,-0.7449902653840553,0.90690121155644,1.9937860477018563,1.5099168577011404,True,0.7500000000000002,False,1,0.9463022778085628,12.52258897425532,,0.4083484363940416,0.0833333333333333
ARAMIS20,IForest,271817,SHAP,0.4839486139238378,False,1.815103540950133,0.0793650793638196,0.1384503590648809,0.2420972556947295,3.90417957930342,0.9033627175903371,True,0.3214285714285715,False,1,1.1923100659635972,17.840711884373064,,0.2775036198910809,0.6
ARAMIS20,IForest,272788,LIME,0.2857387028972386,False,1.560863604167518,0.9047619047475436,0.597861349493883,0.678502391309228,4.756061160819043,0.8397582099175956,True,0.25,False,1,,,,0.4562543855165465,0.9444444444444444
ARAMIS20,IForest,272788,MAPLE,0.3308185795338823,False,1.3308757877429014,0.9047619047475436,-0.2050694556227904,-0.0390748677036239,1.8695640437030727,1.3296386815505514,True,0.5714285714285715,False,1,,,,0.5565060929840898,0.9
ARAMIS20,IForest,272788,SHAP,0.8526084607721713,False,1.7495134736740487,0.9047619047475436,0.2728714977770269,0.3152660654570031,2.2335990680387137,1.5823420270418571,True,0.0714285714285714,False,1,,,,0.3006232440427689,0.8974358974358975
ARAMIS20,IForest,307641,LIME,0.9654900078138264,False,1.687332996137189,0.9047619047475436,-0.0491165073007048,-0.4792208929223405,9.538265136685077,1.878929691151772,True,0.0357142857142857,False,1,,,,0.3784292218614333,0.8095238095238095
ARAMIS20,IForest,307641,MAPLE,0.6619199698888998,False,1.2256970386514796,0.9047619047475436,0.1795589113144607,0.5420314247817736,8.704870420732451,1.6810467106764253,True,0.3928571428571429,False,1,,,,0.6184773976345268,0.9032258064516128
ARAMIS20,IForest,307641,SHAP,0.9486427651039838,False,1.5022304296460454,0.9047619047475436,-0.1019711974489648,-0.0904022008288887,5.613254311013884,1.504612954256026,True,-0.1071428571428571,False,1,,,,0.5100217990547495,0.9423076923076924
ARAMIS20,IForest,308756,LIME,0.4502786322989526,False,1.7468848476760843,0.9047619047475436,0.5002947351862925,-0.0357223778267136,7.444609689974131,0.9722062978819516,True,0.3214285714285715,False,1,,,,0.3227337265996328,0.8695652173913043
ARAMIS20,IForest,308756,MAPLE,0.6407452023084892,False,1.569639078177495,0.9047619047475436,0.4444076450401114,-0.2394020844565398,2.4419803544714016,1.5069930863112588,True,0.5,False,1,,,,0.4408344988682823,0.9
ARAMIS20,IForest,308756,SHAP,1.0571280864945274,False,1.6827786671687972,0.9047619047475436,0.3640900636842801,0.1814476793848117,2.5984466634580032,1.8333907927601083,True,-0.0357142857142857,False,1,,,,0.3942133055464163,0.9166666666666666
ARAMIS20,IForest,309426,LIME,1.0268493071353657,False,1.648698365909033,0.9047619047475436,-0.6429726014805991,-0.353622202930612,7.30755620860605,2.2802404306305157,True,-0.7142857142857144,False,1,,,,0.3995706919291872,0.9333333333333332
ARAMIS20,IForest,309426,MAPLE,0.67746233105479,False,1.3647994056829402,0.9047619047475436,-0.6297250454747342,0.0780121920084683,5.889643242292651,2.3607282682521795,True,0.1428571428571428,False,1,,,,0.5709837974757729,0.8983050847457628
ARAMIS20,IForest,309426,SHAP,1.1186607013288157,False,1.4410507034901956,0.9047619047475436,-0.0534637516383681,0.451861867439497,7.132257240724719,1.846102567163388,True,0.1071428571428571,False,1,,,,0.518538454294034,0.9230769230769232
ARAMIS20,IForest,309757,LIME,0.2430043847778387,False,1.7026567335634115,0.0793650793638196,-0.4940195211974723,-0.377807350461728,4.425405426223392,0.7496300986262285,True,0.2142857142857143,False,1,41.5803809981166,524.8979398551518,,0.343880269104647,0.2
ARAMIS20,IForest,309757,MAPLE,0.5015944051079602,False,1.677061480405871,0.0793650793638196,-0.339530296918512,-0.3909868416046618,2.4339362264080364,1.4049824746930055,True,0.1428571428571428,False,1,0.1168846584196848,2.881651196689477,,0.3658190655406572,0.0833333333333333
ARAMIS20,IForest,309757,SHAP,0.6436120710038867,False,1.6044903653751352,0.0793650793638196,-0.6891041628682438,-0.5767922702277041,2.0220563457438594,1.1450521776875755,True,0.2857142857142857,False,1,22.681355853427057,181.56639251066815,,0.4282432384717324,0.0869565217391304
ARAMIS20,IForest,310719,LIME,0.5248437325635459,False,1.8542930832442408,0.9047619047475436,0.6440239819432423,0.7038928529044425,8.39110758292359,1.1311592590533135,True,0.6071428571428572,False,1,,,,0.2242936334260409,0.8571428571428571
ARAMIS20,IForest,310719,MAPLE,0.9941118794701972,False,1.2066458979229604,0.9047619047475436,0.0625289199955028,0.5490884477637363,3.90912416255896,2.0827008551786736,True,0.4285714285714286,False,1,,,,0.5903906310855963,0.9
ARAMIS20,IForest,310719,SHAP,1.7631814356921212,False,1.5461763528521106,0.9047619047475436,0.4205353564437735,0.4064941567918684,3.223784787421543,2.7865381980469275,True,0.5357142857142858,False,1,,,,0.4598475385535914,0.9636363636363636
ARAMIS20,IForest,316611,LIME,0.394798343071651,False,1.8392079931341452,0.9047619047475436,-0.021105262096662,-0.3615225949966951,6.634714342906865,1.3249975009089612,True,-0.2857142857142857,False,1,,,,0.2484681818026017,0.8888888888888888
ARAMIS20,IForest,316611,MAPLE,0.6446006074406911,False,1.309470549611332,0.9047619047475436,-0.2971793502696628,-0.2148281578758515,2.5826215317539933,1.537315540629051,True,-0.0357142857142857,False,1,,,,0.5754199134664291,0.9
ARAMIS20,IForest,316611,SHAP,1.876646665052316,False,1.7502715696493645,0.9047619047475436,-0.2415331813826758,-0.3190888760926244,3.3893797737837623,2.899361569584753,True,-0.4642857142857144,False,1,,,,0.3473118500013215,0.9444444444444444
ARAMIS20,IForest,318513,LIME,0.2890230476817057,False,1.816622860592691,0.9047619047475436,0.6437425918569294,-0.3222830940632514,4.828385001093808,0.6759297148061105,True,0.3214285714285715,False,1,,,,0.2747000775830129,0.8974358974358975
ARAMIS20,IForest,318513,MAPLE,0.4388893224375072,False,1.1941302457708778,0.9047619047475436,0.3037646955572909,0.1363943164087589,2.325727563244402,0.885712041404173,True,0.4285714285714286,False,1,,,,0.6302987966858071,0.8983050847457628
ARAMIS20,IForest,318513,SHAP,1.0642449965121723,False,1.4805649867305375,0.9047619047475436,0.0763090100392742,0.1563709649339188,2.714278790307298,1.8146609797500208,True,0.1071428571428571,False,1,,,,0.4890666524773858,0.9423076923076924
ARAMIS20,IForest,318558,LIME,0.2912699435075547,False,1.7302679031162738,0.0793650793638196,0.0546598358446138,0.142410633129976,5.590969290320462,0.8264671408311649,True,0.25,False,1,1.3009260358126642,20.31152444109223,,0.32698895882567,0.1739130434782608
ARAMIS20,IForest,318558,MAPLE,0.5504217805851224,False,1.700882831454542,0.0793650793638196,-0.5770699580268197,-0.6930984301324445,2.6618483854639123,1.445670424700896,True,0.3928571428571429,False,1,0.3607754971703518,3.6744897140310657,,0.3578686871380869,0.0833333333333333
ARAMIS20,IForest,318558,SHAP,0.7387105813740983,False,1.6599707283140164,0.0793650793638196,0.0246749397566749,0.0219604026817264,2.692322598912958,1.4087441419862352,True,0.1428571428571428,False,1,7.348339111908251,59.49512049412483,,0.349812359339051,0.108695652173913
ARAMIS20,IForest,340491,LIME,0.6921495386430426,False,1.7823254568231763,0.9047619047475436,-0.3303435942058387,0.7565350735363862,15.353200150942586,1.3303809528499349,True,-0.8214285714285715,False,1,,,,0.3136158665968293,0.8333333333333334
ARAMIS20,IForest,340491,MAPLE,0.7716950439414215,False,1.628224931816256,0.9047619047475436,-0.412758693478154,0.0506669473622749,4.570487963138208,1.4314728500816654,True,-0.8571428571428573,False,1,,,,0.4162453238068055,0.9016393442622952
ARAMIS20,IForest,340491,SHAP,1.2707309715674888,False,1.2428007488871848,0.9047619047475436,0.5040370118150103,0.3245620810380599,3.31222563603815,1.9449771750091476,True,-0.3214285714285715,False,1,,,,0.6174634563150156,0.9565217391304348
ARAMIS20,IForest,340531,LIME,1.417682467331829,False,1.7331421455255758,0.9047619047475436,-0.5119670163340487,0.6701670992311046,12.58196713017989,2.2212250823653745,True,0.642857142857143,False,1,,,,0.3542417151729007,1.0
ARAMIS20,IForest,340531,MAPLE,0.830083491636336,False,1.5284311074759949,0.9047619047475436,0.4234952771454041,-0.6108702271560827,5.5144857498876565,2.4022058028614386,True,0.1428571428571428,False,1,,,,0.4647908703008014,0.9016393442622952
ARAMIS20,IForest,340531,SHAP,1.064525030241173,False,1.4491930603675347,0.9047619047475436,-0.8164708215060589,0.7438809580673126,4.507519813751412,1.9430139156819084,True,-0.7142857142857144,False,1,,,,0.5270821760614927,1.0
ARAMIS20,IForest,35906,LIME,0.7440108029871426,False,1.617359776453887,0.9047619047475436,0.3821126931137836,-0.3060541039613796,10.077627108701511,1.5054248840143096,True,0.7142857142857144,False,1,,,,0.4265140949758871,1.0
ARAMIS20,IForest,35906,MAPLE,0.6508913514740786,False,1.2417447591947308,0.9047619047475436,-0.2320106797204849,-0.3377646686077191,3.953246542746749,1.583229845334114,True,0.9285714285714288,False,1,,,,0.6002919031791955,0.9
ARAMIS20,IForest,35906,SHAP,0.9064887027390712,False,1.6455315591478277,0.9047619047475436,0.3346679062842335,0.3311620343221401,2.727639433844858,1.401531906586979,True,-0.3571428571428572,False,1,,,,0.4018870431454993,0.9807692307692308
ARAMIS20,IForest,35911,LIME,0.9360717034709778,False,1.7001475469903768,0.9047619047475436,0.5020030375450538,-0.6200962284807197,9.042126754741696,1.6522542098250796,True,0.25,False,1,,,,0.3509583219138374,0.8888888888888888
ARAMIS20,IForest,35911,MAPLE,0.5621538520278252,False,1.2217861996895234,0.9047619047475436,0.5101095176242889,-0.9109977349487134,3.5044855921494538,1.343925941007544,True,0.2857142857142857,False,1,,,,0.6176826202941715,0.9
ARAMIS20,IForest,35911,SHAP,0.7281863870188809,False,1.6970340007679208,0.9047619047475436,-0.4162766935198264,0.4457642515116032,3.0450006094044677,1.3056498593325916,True,-0.642857142857143,False,1,,,,0.3854431174044065,0.9743589743589745
ARAMIS20,IForest,35919,LIME,1.5604123029758206,False,1.7080100048985023,0.9047619047475436,-0.5685727141276006,0.6876116966295708,17.50779096068351,2.2239702876534637,True,0.4285714285714286,False,1,,,,0.3200527400803337,0.9411764705882352
ARAMIS20,IForest,35919,MAPLE,0.9740452152674568,False,1.466694181022122,0.9047619047475436,0.0497754268165458,-0.3676377795382981,3.578569834286877,2.512698623450172,True,0.1071428571428571,False,1,,,,0.5113896887816406,0.9
ARAMIS20,IForest,35919,SHAP,0.9062185953001842,False,1.6564052597211198,0.9047619047475436,-0.785752562003058,0.8474400807618828,3.321444938700273,2.0891638085343507,True,-0.6785714285714287,False,1,,,,0.394324474941687,1.0
ARAMIS20,IForest,385204,LIME,0.9612449523879604,False,1.9033552053438867,0.9047619047475436,-0.5521812465877096,-0.2881856847698311,14.33503463574578,1.6185019234941154,True,0.2857142857142857,False,1,,,,0.1445875794441871,1.0
ARAMIS20,IForest,385204,MAPLE,0.973157963606742,False,1.3127047124695264,0.9047619047475436,-0.2704620340838662,-0.6374601492872783,3.739651162024965,2.716456897071355,True,0.0357142857142857,False,1,,,,0.5925026682357549,0.9
ARAMIS20,IForest,385204,SHAP,1.3202562574355017,False,1.5094757551875213,0.9047619047475436,-0.4578287560777883,-0.2746757183763859,3.4774090606074872,2.206603385289119,True,-0.0714285714285714,False,1,,,,0.4930644306118977,0.9428571428571428
ARAMIS20,IForest,385224,LIME,0.5761871347906339,False,1.7731161626636442,0.9047619047475436,-0.3048348412699301,-0.7960012530529409,8.875574571227194,1.4340940331152487,True,-0.8571428571428573,False,1,,,,0.3046087116223825,0.9130434782608696
ARAMIS20,IForest,385224,MAPLE,0.6032395637053888,False,1.0933115404862457,0.9047619047475436,-0.9062943864111002,-0.6688918627131707,4.336858934584188,1.991602293351786,True,-0.2142857142857143,False,1,,,,0.6366569149588455,0.9
ARAMIS20,IForest,385224,SHAP,1.611243725576513,False,1.510484596488009,0.9047619047475436,0.1560215797683882,-0.227585875203981,3.918344938109549,2.402363594615658,True,-0.3928571428571429,False,1,,,,0.5027634839851034,0.9298245614035088
ARAMIS20,IForest,385353,LIME,1.4277593678193548,False,1.7850664978914934,0.9047619047475436,0.387046449424394,0.4922962915387077,13.05850403963096,1.916370902862952,True,-0.1071428571428571,False,1,,,,0.3026386436048065,1.0
ARAMIS20,IForest,385353,MAPLE,1.415380920469973,False,1.5498925001098312,0.9047619047475436,-0.3841181803435345,-0.7279334088475405,12.54096901201742,2.081638602242028,True,0.6785714285714287,False,1,,,,0.4576475825417462,0.9032258064516128
ARAMIS20,IForest,385353,SHAP,3.3030805411260253,False,1.8773464494200705,0.9047619047475436,-0.3304715085030935,-0.1348409607763546,4.683581240211248,4.776134468470825,True,-0.7857142857142859,True,1,,,,0.2072533792895521,0.9821428571428572
ARAMIS20,IForest,385508,LIME,1.0356648575923686,False,1.8693219554928528,0.9047619047475436,0.7633595227804881,-0.0540324268091683,14.019065462616307,1.5049764746647714,True,0.4285714285714286,False,1,,,,0.2210990648666451,0.9523809523809524
ARAMIS20,IForest,385508,MAPLE,0.7442923846559971,False,1.4824905888965587,0.9047619047475436,0.6155813296748551,-0.2087809337461794,8.067102054030597,1.3671659213222287,True,0.0357142857142857,False,1,,,,0.5133949842387705,0.8928571428571429
ARAMIS20,IForest,385508,SHAP,2.9985058064258565,False,1.7198824144937968,0.9047619047475436,0.8437406441739741,0.3375385930131236,5.744929877052295,4.41439947074197,True,0.0,False,1,,,,0.3344419744283313,1.0
ARAMIS20,IForest,385527,LIME,1.8048297008796768,False,1.7484888845932394,0.9047619047475436,-0.15327827428222,-0.4504084723453789,16.850116348233957,2.424551761642174,True,0.642857142857143,False,1,,,,0.3024912474395615,0.9090909090909092
ARAMIS20,IForest,385527,MAPLE,1.9298377202287076,False,1.649561842290018,0.9047619047475436,-0.4837874705104987,-0.8804170432323315,7.153149699848814,3.3992172108353063,True,0.3214285714285715,False,1,,,,0.4207927127741061,0.9032258064516128
ARAMIS20,IForest,385527,SHAP,4.304961393381496,False,1.762985727414197,0.9047619047475436,-0.4064973236857296,-0.4063962535702474,4.560521397578299,5.974076527974325,True,0.4285714285714286,False,1,,,,0.2739089661071236,0.9636363636363636
ARAMIS20,IForest,385564,LIME,1.0615656947732584,False,1.8752161115814177,0.9047619047475436,0.6707956570972742,-0.2209902511177258,12.023137656206853,1.665215318902698,True,-0.0714285714285714,False,1,,,,0.2031791197956477,0.9375
ARAMIS20,IForest,385564,MAPLE,0.8621845143690716,False,1.5772343173667318,0.9047619047475436,0.4151072379122679,-0.362576349415747,11.78208639956485,1.3979438601664278,True,0.5,False,1,,,,0.4622393900656328,1.0
ARAMIS20,IForest,385564,SHAP,2.889244942288645,False,1.646348334252414,0.9047619047475436,0.897214426667283,0.3479789762147214,5.286759892719259,4.42222202518662,True,0.0714285714285714,False,1,,,,0.4152707290849514,1.0
ARAMIS20,IForest,386255,LIME,0.6119079859035872,False,1.823321614721056,0.9047619047475436,-0.0033307900367967,-0.3302211069962611,10.217555599168309,1.334929261127596,True,-0.4285714285714286,False,1,,,,0.2603892591089334,0.8518518518518519
ARAMIS20,IForest,386255,MAPLE,1.0019564100001466,False,1.3798884296687532,0.9047619047475436,-0.2769550754817548,-0.2703862992468537,2.950796685495423,2.0621495443076534,True,-0.2142857142857143,False,1,,,,0.5331759346953817,0.9
ARAMIS20,IForest,386255,SHAP,1.379732423603499,False,1.5995750720264923,0.9047619047475436,-0.0131813094779783,-0.1556809637810091,3.358844440252107,2.286184435771992,True,-0.2857142857142857,False,1,,,,0.4436595154884417,0.9615384615384616
ARAMIS20,IForest,392256,LIME,0.3284038941483457,False,1.829570772055637,0.9047619047475436,0.6769713903954001,0.2853599497125019,5.253246480742934,0.893040991066299,True,-0.1785714285714286,False,1,,,,0.2685038314376625,0.92
ARAMIS20,IForest,392256,MAPLE,0.4545800280173742,False,1.2278608891997544,0.9047619047475436,0.1071253997149744,-0.2812891352156168,1.8797406295727723,1.0408020566681488,True,0.0357142857142857,False,1,,,,0.6140655847926134,0.8983050847457628
ARAMIS20,IForest,392256,SHAP,1.0169989483683644,False,1.6506814650013697,0.9047619047475436,-0.0355488696179974,-0.2863447598594407,2.637359457933029,1.623115681799561,True,-0.25,False,1,,,,0.4170996342253177,0.9387755102040816
ARAMIS20,IForest,429198,LIME,0.2425284675389122,False,1.6182585858458285,0.9047619047475436,0.5662966608996355,0.7202598560449278,4.207976526031503,0.9399483981760208,True,0.4285714285714286,False,1,,,,0.4317528353970236,0.9523809523809524
ARAMIS20,IForest,429198,MAPLE,0.2868008745879999,False,1.256524100681999,0.9047619047475436,-0.2241093871992821,0.0281041156108803,1.5924968825845327,1.0361924426739966,True,0.5714285714285715,False,1,,,,0.5971212680791199,0.9
ARAMIS20,IForest,429198,SHAP,0.9784395202804614,False,1.8468603892438105,0.9047619047475436,0.0497782073710446,0.3251341647209076,2.4270364978294414,1.654135367460104,True,0.4285714285714286,False,1,,,,0.2028316296611087,0.8983050847457628
ARAMIS20,IForest,429724,LIME,0.5140829365311488,False,1.6795490092372014,0.0793650793638196,0.6062814113127538,-0.6453285301483157,7.30398042047578,1.457433092609136,True,-0.0714285714285714,False,1,,2340.7523087515538,,0.4023610054737981,0.0769230769230769
ARAMIS20,IForest,429724,MAPLE,0.4401226060398622,False,1.459944060290952,0.0793650793638196,0.4019670908118973,-0.3799258911289139,6.44095792867526,2.128666392460669,True,0.0357142857142857,False,1,,,,0.4910209541810637,0.0833333333333333
ARAMIS20,IForest,429724,SHAP,0.648206849483907,False,1.7470865266529447,0.0793650793638196,0.3939688465096847,-0.0275307244451861,5.658804018218969,1.0610497451961785,True,0.0357142857142857,False,1,1.6375706809219206,,,0.3485929443350264,0.4166666666666667
ARAMIS20,IForest,432034,LIME,0.5769422750496458,False,1.815638504933844,0.9047619047475436,0.5696215874430276,0.4280053955800169,10.551289142695532,1.2206100624866707,True,0.4285714285714286,False,1,,,,0.2444014745096535,0.8461538461538461
ARAMIS20,IForest,432034,MAPLE,1.1971952868116265,False,1.2284472874646235,0.9047619047475436,-0.3293662106885119,0.651731603597644,5.09492702764655,2.189309155433033,True,0.5714285714285715,False,1,,,,0.6132344487604247,0.9
ARAMIS20,IForest,432034,SHAP,1.6057440032735897,False,1.527344726626686,0.9047619047475436,0.9360573055899828,-0.0260231234325009,3.365192688243689,2.3345966718116986,True,-0.4285714285714286,False,1,,,,0.4853811968440636,0.9473684210526316
ARAMIS20,IForest,434986,LIME,0.4990993170216311,False,1.8932898342615525,0.9047619047475436,0.5325717479571955,0.0021687485794717,9.985987416318654,1.136131215941805,True,0.0357142857142857,False,1,,,,0.1795756520593271,0.9130434782608696
ARAMIS20,IForest,434986,MAPLE,1.0264029357626838,False,1.7086295592392218,0.9047619047475436,0.1814237880654653,0.4263470557050699,4.29616002054917,1.8785536169056127,True,-0.1071428571428571,False,1,,,,0.3807404839021888,0.9016393442622952
ARAMIS20,IForest,434986,SHAP,2.180811665611111,False,1.811612826204326,0.9047619047475436,-0.071924104503549,-0.8054657830763985,3.499544918307608,3.063769755256009,True,-0.3214285714285715,False,1,,,,0.2792583620010201,0.9333333333333332
ARAMIS20,IForest,435209,LIME,0.384710542854942,False,1.709165084947632,0.9047619047475436,0.428265188319446,-0.0019871907171098,6.1584362559278025,1.0695213529821797,True,-0.0357142857142857,False,1,,,,0.3451670131500252,0.8571428571428571
ARAMIS20,IForest,435209,MAPLE,0.6252396298607364,False,1.6398516365426543,0.9047619047475436,0.4082208778150119,-0.162880374106552,2.919796146103233,1.5510585200460445,True,0.1785714285714286,False,1,,,,0.3850139674653375,0.9
ARAMIS20,IForest,435209,SHAP,1.0403620262150846,False,1.6663547235199383,0.9047619047475436,0.0431089444732679,0.3389935033098017,2.222657213854176,1.8044226757812016,True,-0.4642857142857144,False,1,,,,0.3875479788423283,0.9107142857142856
ARAMIS20,IForest,438253,LIME,0.5721875397207113,False,1.7286981336122276,0.9047619047475436,0.3581291354098895,-0.232904786101989,7.549469133315469,1.2207611274280277,True,0.2142857142857143,False,1,,,,0.3349421374718732,0.8181818181818182
ARAMIS20,IForest,438253,MAPLE,0.4404801736870605,False,1.3859547624837014,0.9047619047475436,0.1998988107951915,-0.0777918240725575,1.9906466309318869,0.8708621075581788,True,-0.1785714285714286,False,1,,,,0.5510016725639854,0.9
ARAMIS20,IForest,438253,SHAP,0.8200208202263434,False,1.575278060191497,0.9047619047475436,0.4230840476896064,-0.0612200549183855,3.14930736282494,1.8018311973466048,True,-0.0714285714285714,False,1,,,,0.457942515768211,0.9152542372881356
ARAMIS20,IForest,446138,LIME,0.8211984884289438,False,1.671587526680233,0.9047619047475436,0.0629463002451326,-0.1056852289503699,10.165026466189296,1.588206074558486,True,-0.8571428571428573,False,1,,,,0.3816436494966932,0.9090909090909092
ARAMIS20,IForest,446138,MAPLE,1.5476674508267732,False,1.646903713780561,0.9047619047475436,-0.2646190586659483,-0.225507966030752,4.945089017165397,3.7000861167964616,True,0.7142857142857144,False,1,,,,0.417348006194173,0.9
ARAMIS20,IForest,446138,SHAP,2.349048067015936,False,1.6259188140984493,0.9047619047475436,-0.2477121111040078,-0.2838890737612228,3.938238606644725,3.7660287928838816,True,-0.7142857142857144,False,1,,,,0.4235908699688385,0.9649122807017544
ARAMIS20,IForest,446166,LIME,0.9503972518134608,False,1.7210077190498418,0.9047619047475436,-0.3137310892986887,-0.3099779466349676,10.71063446826669,1.763442572256712,True,-0.3928571428571429,False,1,,,,0.3152121031186227,0.9375
ARAMIS20,IForest,446166,MAPLE,0.8316854396428262,False,1.4371170466965144,0.9047619047475436,-0.2208254353801896,-0.2569863901522104,3.946470368086915,2.340992795365729,True,0.3928571428571429,False,1,,,,0.4946174909152431,0.9
ARAMIS20,IForest,446166,SHAP,1.6364900400954798,False,1.3715666550403487,0.9047619047475436,-0.2975644109599332,-0.5319623120721361,4.403200913079228,2.567602357661785,True,-0.7142857142857144,False,1,,,,0.5693555455925605,1.0
ARAMIS20,IForest,446267,LIME,1.7641949260514715,False,1.808932807618116,0.9047619047475436,-0.0624168820385816,-0.3321938754406877,16.437732270663524,2.452469804022566,True,0.3928571428571429,False,1,,,,0.2807341247722372,0.8636363636363636
ARAMIS20,IForest,446267,MAPLE,1.0953564339638109,False,1.483903363403751,0.9047619047475436,0.1262414677298824,-0.1328678778416453,11.4121217381141,2.1282246578557684,True,0.642857142857143,False,1,,,,0.5074312885263763,0.8983050847457628
ARAMIS20,IForest,446267,SHAP,4.475859869104461,False,1.718872221561862,0.9047619047475436,-0.2490051228876894,-0.3303902144374428,4.913930091624454,6.104244152448588,True,0.2142857142857143,False,1,,,,0.3087702971428012,0.9636363636363636
ARAMIS20,IForest,446395,LIME,0.9631143982786246,False,1.5255157489946285,0.9047619047475436,-0.2135058099185823,0.0598595423230551,9.621502366552374,2.0484821746742514,True,-0.4642857142857144,False,1,,,,0.4813885265803695,0.8333333333333334
ARAMIS20,IForest,446395,MAPLE,1.3014720041347954,False,1.7876608519744257,0.9047619047475436,-0.6464174702233023,-0.267372904737458,4.794718135698516,2.561751178012289,True,0.5714285714285715,False,1,,,,0.2826861737648488,0.9016393442622952
ARAMIS20,IForest,446395,SHAP,6.621990377660782,False,1.863325963951216,0.9047619047475436,-0.163443911815042,0.1977409840159144,5.092085898967549,10.94916909612998,True,0.0,False,1,,,,0.2237154733509458,0.9803921568627452
ARAMIS20,IForest,446396,LIME,1.381269330372455,False,1.8331816980459423,0.9047619047475436,-0.3611884917217411,-0.2652066425029529,12.463941854637843,1.864444615360785,True,0.0357142857142857,False,1,,,,0.2271340459231761,0.9411764705882352
ARAMIS20,IForest,446396,MAPLE,1.3194696068375844,False,1.600710416258474,0.9047619047475436,-0.4358392386500994,-0.5771065171798694,10.476717203633552,1.9096978428963385,True,0.0714285714285714,False,1,,,,0.4285345066161051,1.0
ARAMIS20,IForest,446396,SHAP,3.555480720659194,False,1.8961572115923253,0.9047619047475436,-0.4890940363789593,-0.3409614791872915,5.202023059915393,5.676961750976556,True,-0.7500000000000002,False,1,,,,0.1713003098939311,0.9491525423728814
ARAMIS20,IForest,447150,LIME,0.6016166473971546,False,1.80339642621391,0.0793650793638196,-0.0707554308052403,0.1210455731219827,12.673122580387217,1.2980166082277873,True,0.2142857142857143,False,1,0.4841494659564106,428.24424300290593,,0.2747461167464903,0.1142857142857142
ARAMIS20,IForest,447150,MAPLE,0.5564068030299579,False,1.3506532825748756,0.0793650793638196,-0.2194848956220666,-0.2596729407307779,3.3951805622787874,1.62773854910433,True,0.1071428571428571,False,1,1.4138790619820625,74.17960300398808,,0.5219891025985931,0.0833333333333333
ARAMIS20,IForest,447150,SHAP,0.4871371972811191,False,1.7647279851307702,0.0793650793638196,-0.2339942405784005,-0.2619296341580372,2.879882967151745,0.9256626962568796,True,0.5357142857142858,False,1,0.957180880035169,44.18513451587485,,0.2875753219792449,0.1282051282051282
ARAMIS20,IForest,447164,LIME,0.3362619573113367,False,1.689569917965421,0.9047619047475436,0.339085505723989,-0.20639770874952,5.725471979207355,1.0351934159085296,True,0.0357142857142857,False,1,,,,0.3712251840514756,0.96
ARAMIS20,IForest,447164,MAPLE,0.6473527032606597,False,1.5034363804251132,0.9047619047475436,0.2114265927062174,0.4906058800379266,3.640129885526073,1.6175392218975757,True,-0.4642857142857144,False,1,,,,0.4975742298020604,0.9
ARAMIS20,IForest,447164,SHAP,1.126700816018909,False,1.7966486661629415,0.9047619047475436,0.1943068564644204,0.1750355298970045,2.829915313789789,1.7623994050413732,True,-0.3214285714285715,False,1,,,,0.3039609184030807,0.9298245614035088
ARAMIS20,IForest,447193,LIME,0.4309957060634217,False,1.711133580045913,0.9047619047475436,0.49635493244257,-0.0057817013596329,7.746833168296797,0.9291199190593578,True,0.0357142857142857,False,1,,,,0.3448784160049347,0.7391304347826086
ARAMIS20,IForest,447193,MAPLE,0.5087005931626692,False,1.3536271983703083,0.9047619047475436,0.2584768779641771,-0.1840337647102531,2.1860686219736185,0.7946574487942877,True,-0.25,False,1,,,,0.554818706000181,0.9
ARAMIS20,IForest,447193,SHAP,0.6530190914089637,False,1.521323022107652,0.9047619047475436,-0.0100907983331702,0.254239050878117,2.8927578953105675,1.3441375839920116,True,0.1071428571428571,False,1,,,,0.4909182019930549,0.8918918918918919
ARAMIS20,IForest,447197,LIME,0.3760839487029196,False,1.6732658120536223,0.0793650793638196,-0.8433795576417609,-0.7216742140058955,5.835437763645812,0.9666669354166494,True,0.6785714285714287,False,1,29.2099293194023,95.85987539128196,,0.3943326591470179,0.2272727272727272
ARAMIS20,IForest,447197,MAPLE,0.1877479940958709,False,0.8746824353979473,0.0793650793638196,-0.4560314504272619,-0.3618295028680529,1.546393164665097,0.5328300595092925,True,0.0357142857142857,False,1,23.03096009422813,92.83612399598638,,0.7115219775118761,0.0833333333333333
ARAMIS20,IForest,447197,SHAP,0.5930597020400148,False,1.439536663234583,0.0793650793638196,-0.8714482528147935,-0.6181881525043916,3.770945345803115,1.0668676910737471,True,0.5357142857142858,False,1,9.51914141988084,25.45750903205678,,0.5304185057678349,0.2666666666666666
ARAMIS20,IForest,44855,LIME,0.2379768645470651,False,1.83650842344763,0.9047619047475436,0.4225537062576176,-0.4820856086696405,5.843574528577108,0.8062487659890079,True,0.5,False,1,,,,0.2594644038620913,0.9117647058823528
ARAMIS20,IForest,44855,MAPLE,0.4290987137923228,False,1.3802809323534468,0.9047619047475436,-0.1067057215771068,-0.0568569956540068,1.8597378669405595,1.0728674608755278,True,0.2857142857142857,False,1,,,,0.5487333858117978,0.9
ARAMIS20,IForest,44855,SHAP,1.020432199781466,False,1.7041138887537932,0.9047619047475436,-0.2785497624359432,0.1048221866718883,2.427586591128462,1.527169665735116,True,0.0714285714285714,True,1,,,,0.3653085283562762,0.9642857142857144
ARAMIS20,IForest,45782,LIME,0.3403200730986786,False,1.6552216723083402,0.9047619047475436,0.4608841626121879,-0.7942986361502381,5.579469533405299,0.8548700786870486,True,0.6785714285714287,False,1,,,,0.4033752567522572,0.925925925925926
ARAMIS20,IForest,45782,MAPLE,0.2975384079625359,False,1.3901975003851006,0.9047619047475436,-0.2843342896019094,-0.0986203908783698,2.6553411441229686,0.950734081436388,True,0.3571428571428572,False,1,,,,0.5186800831457714,0.9
ARAMIS20,IForest,45782,SHAP,1.132912519571517,False,1.7188590919868405,0.9047619047475436,0.1661346456795513,-0.2141018411371051,3.09901696475388,2.2607148581254326,True,0.4285714285714286,False,1,,,,0.3593000964591105,0.9818181818181818
ARAMIS20,IForest,45816,LIME,0.730377253945514,False,1.8108549959156448,0.9047619047475436,-0.2560864179559815,0.0625261133206064,12.872016412414528,1.2389819532983035,True,0.6785714285714287,False,1,,,,0.2826595986899748,0.8
ARAMIS20,IForest,45816,MAPLE,0.7833670500773892,False,1.533837491521564,0.9047619047475436,0.9516263944202636,-0.9443140612000984,4.496283188233099,1.5801236830050698,True,0.7857142857142859,False,1,,,,0.4674263219062815,0.9016393442622952
ARAMIS20,IForest,45816,SHAP,0.6640475098225008,False,1.2141737549989184,0.9047619047475436,-0.851803343870942,0.7964267573900247,4.009106720687201,1.4029785799244938,True,0.3214285714285715,False,1,,,,0.5958626776361564,0.9411764705882352
ARAMIS20,IForest,513442,LIME,1.8944165652087088,False,1.7773724526836012,0.9047619047475436,0.0265647135065978,-0.038308384133553,15.8460710744793,2.5747627449483104,True,0.1071428571428571,False,1,,,,0.3226828366695595,0.8709677419354839
ARAMIS20,IForest,513442,MAPLE,2.130829749810881,False,1.582533832984152,0.9047619047475436,-0.2161112380714354,-0.6193637181809045,8.033883878871135,4.020792123883769,True,-0.1428571428571428,True,1,,,,0.4196703129963045,0.8983050847457628
ARAMIS20,IForest,513442,SHAP,4.812310986224142,False,1.8298598709727016,0.9047619047475436,-0.5623979872052701,-0.43885549001009,4.953735440194563,6.895395963225451,True,0.5357142857142858,False,1,,,,0.2405804294832788,0.9629629629629628
ARAMIS20,IForest,513454,LIME,1.3649718744553347,False,1.8239589982347784,0.9047619047475436,-0.0099042602999497,-0.0865878432556379,15.003825277721894,1.8872016525209732,True,0.1428571428571428,False,1,,,,0.2316097453961927,0.9393939393939394
ARAMIS20,IForest,513454,MAPLE,1.1525731273110928,False,1.4741531235970422,0.9047619047475436,-0.2915017844071443,-0.5302641367433625,12.156219252913996,1.679240667179941,True,0.6071428571428572,False,1,,,,0.5039533148668653,1.0
ARAMIS20,IForest,513454,SHAP,3.1699499732234857,False,1.8033672600568216,0.9047619047475436,-0.4888470504527511,-0.3299121687922121,4.931456310380458,4.57714829610271,True,-0.642857142857143,False,1,,,,0.2752274017240133,0.9821428571428572
ARAMIS20,IForest,513587,LIME,1.7883748163623463,False,1.723439288577454,0.9047619047475436,-0.0922412360718174,-0.2435354259352936,13.47571639383303,2.6404376824717235,True,0.3214285714285715,False,1,,,,0.3658880939635844,0.8620689655172413
ARAMIS20,IForest,513587,MAPLE,1.1900728708675692,False,1.4683778406960115,0.9047619047475436,-0.0100060157188954,-0.1080268459847601,13.12190469264509,2.051231829780617,True,0.5357142857142858,True,1,,,,0.5087471681343116,0.9016393442622952
ARAMIS20,IForest,513587,SHAP,3.775376122489644,False,1.9139367357391648,0.9047619047475436,-0.1979835228527739,-0.2095775898689894,4.54510536662522,5.969234731244208,True,-0.0357142857142857,False,1,,,,0.1307478992506948,0.9491525423728814
ARAMIS20,IForest,513775,LIME,1.0443488363493345,False,1.7843851418455063,0.9047619047475436,0.3792238367752246,0.0587650604460266,18.526571453015706,1.7040851598653843,True,0.5714285714285715,False,1,,,,0.3094798719453063,1.0
ARAMIS20,IForest,513775,MAPLE,0.8360008664511293,False,1.531170508396462,0.9047619047475436,0.7764568372324454,0.6686878643455708,3.557149079853987,1.734874938808802,True,0.4285714285714286,False,1,,,,0.4772019589469564,0.9016393442622952
ARAMIS20,IForest,513775,SHAP,3.482456112755724,False,1.796910573736197,0.9047619047475436,0.1325132360158183,-0.1162343190378673,4.53561611878259,5.185660917583096,True,0.642857142857143,False,1,,,,0.2909303429733336,0.9814814814814816
ARAMIS20,IForest,513792,LIME,1.2022231052023078,False,1.6111579056253218,0.9047619047475436,-0.1931385425431588,-0.635137672570168,10.838216945760095,2.018552584281172,True,0.5,False,1,,,,0.405389796906722,1.0
ARAMIS20,IForest,513792,MAPLE,1.2747348105026586,False,1.5454781908074735,0.9047619047475436,-0.5831666100986053,-0.2239860127336846,5.913189224692206,2.484995560540269,True,0.1428571428571428,False,1,,,,0.4734952179068558,0.896551724137931
ARAMIS20,IForest,513792,SHAP,4.368440627772122,False,1.879107401091738,0.9047619047475436,-0.1985865266678282,-0.6413522214282139,4.870716804539014,7.3642318662657,True,0.0714285714285714,False,1,,,,0.197040813699759,0.9636363636363636
ARAMIS20,IForest,513839,LIME,1.2838973788543262,False,1.781524524258297,0.9047619047475436,-0.3027532013358902,-0.7405183594777773,12.391380382945478,2.171446099877841,True,0.5,False,1,,,,0.3124656263684856,1.0
ARAMIS20,IForest,513839,MAPLE,1.2913234945270873,False,1.6728491066110007,0.9047619047475436,-0.4080608182690423,0.2658699854744026,4.213018699842425,3.262951978606633,True,0.5714285714285715,False,1,,,,0.3942884975574418,0.9
ARAMIS20,IForest,513839,SHAP,2.957777647747817,False,1.6933608383314107,0.9047619047475436,-0.2778183556165867,-0.6423936363546021,4.181315063518254,5.174141884501725,True,-0.6071428571428572,False,1,,,,0.3922844778823131,0.9807692307692308
ARAMIS20,IForest,590810,LIME,0.4917796958940302,False,1.588933695606127,0.9047619047475436,0.2677717003558944,-0.0035092820513595,9.723440216623436,1.251170210514787,True,-0.2142857142857143,False,1,,,,0.4492851999598524,0.9615384615384616
ARAMIS20,IForest,590810,MAPLE,0.4293020373886435,False,1.2436992330452783,0.9047619047475436,-0.0528292242550134,0.5664740993787809,2.747591241949461,0.9744300048274622,True,-0.6785714285714287,False,1,,,,0.609635280212928,0.896551724137931
ARAMIS20,IForest,590810,SHAP,0.7279605846193187,False,1.4502764361792029,0.9047619047475436,0.1686229441478307,0.3891105117152407,2.525669996874785,1.3044420744898049,True,-0.2857142857142857,False,1,,,,0.5306490448095682,0.972972972972973
ARAMIS20,IForest,591850,LIME,0.3663102642970207,False,1.7140293127356772,0.9047619047475436,0.4313067637452906,0.3492950570236932,6.177011863454527,0.8205925376639602,True,0.0357142857142857,False,1,,,,0.3517700340893611,0.9523809523809524
ARAMIS20,IForest,591850,MAPLE,0.4732171832163422,False,1.2059737253913172,0.9047619047475436,0.1693553657986371,-0.0607910086916861,1.8395712136834048,0.9413080073258904,True,-0.1071428571428571,False,1,,,,0.6231585713544738,0.8983050847457628
ARAMIS20,IForest,591850,SHAP,1.1074697300542595,False,1.8116673640667105,0.9047619047475436,-0.075929104706954,-0.1691260847014011,2.425242576868396,1.7388793379172969,True,-0.3571428571428572,False,1,,,,0.2905204399445276,0.9482758620689656
ARAMIS20,IForest,592874,LIME,0.3510818358616834,False,1.7284320288464203,0.9047619047475436,0.5703082303894964,0.2108289160237864,6.915611440471549,0.877879668199876,True,0.1071428571428571,False,1,,,,0.3548535378659871,0.9565217391304348
ARAMIS20,IForest,592874,MAPLE,0.3938932135708701,False,1.388078800038658,0.9047619047475436,-0.0090838481122095,-0.2908437674631162,2.5611558016438223,1.1106218357295463,True,-0.2142857142857143,False,1,,,,0.5281131422726122,0.9
ARAMIS20,IForest,592874,SHAP,0.965333163588008,False,1.6775129660427628,0.9047619047475436,-0.1118581630453597,-0.4212534026986837,2.471403759707565,1.4434916174102514,True,-0.6071428571428572,False,1,,,,0.3844888306262166,0.9444444444444444
ARAMIS20,IForest,593815,LIME,0.3722981777301735,False,1.6924027274569458,0.9047619047475436,0.4246615983147473,-0.2127276886387556,5.686947197563288,0.9819448568220748,True,0.0714285714285714,False,1,,,,0.3648225696873761,0.95
ARAMIS20,IForest,593815,MAPLE,0.5530330319638952,False,1.182100616246172,0.9047619047475436,0.1672211172712073,0.3064551606280161,1.7097696381951215,1.03451168782405,True,-0.1785714285714286,False,1,,,,0.6295278018682752,0.9
ARAMIS20,IForest,593815,SHAP,1.3978214962665114,False,1.6611668672964075,0.9047619047475436,-0.0491543379211872,0.2107059488195683,2.417286782225719,2.133692059417009,True,-0.0714285714285714,False,1,,,,0.4100131454036668,0.9444444444444444
ARAMIS20,IForest,593866,LIME,0.4359090143083166,False,1.634862079896509,0.9047619047475436,0.3126238274921504,0.0603033640942927,7.65496265423828,1.011739551938926,True,-0.2857142857142857,False,1,,,,0.3840378893394726,0.7777777777777778
ARAMIS20,IForest,593866,MAPLE,0.5597466002279742,False,1.4895679314297705,0.9047619047475436,0.2392091806481248,0.0217423955865975,2.603909073736643,1.111996887645312,True,-0.1428571428571428,False,1,,,,0.4679272341657438,0.9
ARAMIS20,IForest,593866,SHAP,1.0459710565424631,False,1.6158074303347654,0.9047619047475436,0.2020075589304827,0.2339922384839115,2.2793525228865774,2.243426314342349,True,-0.3214285714285715,False,1,,,,0.4421197692547936,0.9298245614035088
ARAMIS20,IForest,631817,LIME,0.3787118612589347,False,1.8094851219810133,0.9047619047475436,0.2282185374486203,-0.7426884565377303,6.8429729626206495,0.8649561867412395,True,0.6071428571428572,False,1,,,,0.2829068427935611,0.9444444444444444
ARAMIS20,IForest,631817,MAPLE,0.2454552154824062,False,1.4096487177147292,0.9047619047475436,-0.4371772074961852,0.0261730188694169,1.7012990684832672,0.4749466087615868,True,0.4642857142857144,False,1,,,,0.502347477730149,0.9
ARAMIS20,IForest,631817,SHAP,0.70879530704865,False,1.3948690301829898,0.9047619047475436,0.1096758890604525,-0.2068665252790207,3.124430464286142,1.1064474995825129,True,0.2857142857142857,False,1,,,,0.5526991790083187,0.9361702127659576
ARAMIS20,IForest,631820,LIME,0.627857697137289,False,1.78810571562595,0.9999999998,0.4261043108509466,-0.8928327160859866,9.10317726276658,1.2979311944538467,True,0.5,False,1,,,,0.3061810213600451,1.0
ARAMIS20,IForest,631820,MAPLE,0.6246213067657844,False,1.0951252257870767,0.9999999998,-0.2522207058975638,-0.6458766562481305,6.1747532304313895,1.4607934461954797,True,0.5357142857142858,False,1,,,,0.6448527199126796,1.0
ARAMIS20,IForest,631820,SHAP,1.1568530913226558,False,1.5103643126862043,0.9999999998,0.6214478352874458,-0.0933212021227134,4.410732596612751,1.7724261179085383,True,0.0,False,1,,,,0.4861460244436718,1.0
ARAMIS20,IForest,631822,LIME,0.5788466558622276,False,1.7470093065410852,0.9999999998,0.0851827090312963,-0.3693576343569708,11.613664030071734,1.166468221078813,True,0.1428571428571428,False,1,,,,0.340753595496051,1.0
ARAMIS20,IForest,631822,MAPLE,0.6472057844947308,False,1.133163651308426,0.9999999998,-0.3998806956152719,-0.0226492644707746,5.1412297187535945,1.719126213395094,True,0.3928571428571429,False,1,,,,0.6436598248622172,1.0
ARAMIS20,IForest,631822,SHAP,1.129769548030079,False,1.5391550068731976,0.9999999998,0.5060328655651585,-0.2255828595621099,3.802108450701349,1.7839359296827222,True,0.2857142857142857,False,1,,,,0.4542797255663822,1.0
ARAMIS20,IForest,646702,LIME,0.8207926687716331,False,1.7906142715081397,0.9999999998,-0.1584239167802702,-0.3795447224115604,8.753505964944553,1.6469582651907566,True,-0.1428571428571428,False,1,,,,0.2994014165146386,1.0
ARAMIS20,IForest,646702,MAPLE,0.6065504897003852,False,1.4267909483439734,0.9999999998,-0.1351040577509296,-0.2763726124036338,8.081816269610616,1.690371377332596,True,0.6071428571428572,False,1,,,,0.5420879709894294,1.0
ARAMIS20,IForest,646702,SHAP,1.0310229980273378,False,1.6974523239412849,0.9999999998,-0.2027706350546471,-0.1853298666242881,4.4584609304512615,1.451114715508765,True,-0.0714285714285714,False,1,,,,0.3743411724490884,0.0
ARAMIS20,IForest,647568,LIME,1.2264113767114369,False,1.7949456348179436,0.9999999998,-0.8240782271240154,-0.3443977862758998,17.945813782275945,2.280504942403064,True,0.3928571428571429,False,1,,,,0.3005164977308331,1.0
ARAMIS20,IForest,647568,MAPLE,1.647701721983735,False,1.5200421595355569,0.9999999998,-0.8034730643653097,0.3619760701896254,5.708834367970251,3.365985108388874,True,0.25,False,1,,,,0.4682031942692587,0.0
ARAMIS20,IForest,647568,SHAP,2.264053253545929,False,1.5399825385500163,0.9999999998,-0.3655328474836942,-0.7838303362489295,5.072490251176635,3.511064956681679,True,-0.25,False,1,,,,0.4649333775398447,0.0
ARAMIS20,IForest,647733,LIME,0.470822319695546,False,1.656083754758546,0.9999999998,0.1131992530214294,0.1973377424943975,7.004290292873892,1.2288696793008638,True,0.1785714285714286,False,1,,,,0.3681862241046703,1.0
ARAMIS20,IForest,647733,MAPLE,0.480786766021577,False,1.4403622097478703,0.9999999998,-0.5559092620920425,-0.1302259738679476,6.543121919410845,1.428493808544082,True,0.0,False,1,,,,0.5242327236961463,1.0
ARAMIS20,IForest,647733,SHAP,1.0693209437432754,False,1.7450453137528892,0.9999999998,0.6768810204353617,0.6668195594898528,3.968390164266632,1.810773880669089,True,0.7500000000000002,False,1,,,,0.3478056212302781,0.0
ARAMIS20,IForest,647859,LIME,0.5058090032232375,False,1.8267232665236328,0.9999999998,0.1858326028238262,-0.2362744158965048,6.804946301735903,1.128309457451769,True,-0.5714285714285715,False,1,,,,0.2585984945197764,1.0
ARAMIS20,IForest,647859,MAPLE,0.8924558655747994,False,1.4729050161514818,0.9999999998,-0.2930089911028758,0.000210824025349,5.141388757641163,2.022858640769674,True,-0.2857142857142857,False,1,,,,0.5234172333379392,1.0
ARAMIS20,IForest,647859,SHAP,0.8948680471207879,False,1.862389406470872,0.9999999998,-0.335761676920308,-0.1345117638234728,3.842493300781349,1.547576270308369,True,0.5,False,1,,,,0.224567602219537,0.0
ARAMIS20,MCD,11917,LIME,0.9268692561917932,False,1.416181197625043,0.9047619047475436,0.6414353773375238,-0.7630692956373818,10.652943658070171,1.6374199556643194,True,0.3571428571428572,False,1,13.11550065177588,16156.858375799542,,0.5439322599882901,1.0
ARAMIS20,MCD,11917,MAPLE,0.9988433467989346,False,1.454785407918532,0.9047619047475436,0.5412132876076647,-0.6957762379934515,3.341484087996001,3.178470181864643,True,0.6785714285714287,False,1,11.071019650786525,4761.155360471856,,0.5193084334102354,0.9636363636363636
ARAMIS20,MCD,11917,SHAP,2.483644079989707,False,1.6633318143764886,0.9047619047475436,-0.7088894958816684,0.7826948103121525,0.6172671491894884,6.488692193613818,True,0.5357142857142858,False,1,18.868261298075467,11534.366962485628,,0.4084788025170614,0.9824561403508772
ARAMIS20,MCD,11918,LIME,1.6027751214724748,False,1.744058726271613,0.9047619047475436,-0.6161708073276557,0.4205765647084801,10.011098702853612,3.059247689624842,True,0.4642857142857144,False,1,9.990513611875713,19468.135245131543,,0.3455127014732597,1.0
ARAMIS20,MCD,11918,MAPLE,1.387089479371582,False,1.3921834434267466,0.9047619047475436,0.7961383411654661,-0.5988410605945205,2.832851673474878,3.728668332046506,True,0.8571428571428573,False,1,149.02883666234936,232627.12902934564,,0.5526341044915962,0.9803921568627452
ARAMIS20,MCD,11918,SHAP,2.47697780404652,False,1.6447781852164196,0.9047619047475436,-0.8573148543097058,0.7661663880669393,0.5491959425299896,6.247099573548728,True,0.6071428571428572,False,1,19.41238525858485,7837.734511418936,,0.4265486368428366,0.9824561403508772
ARAMIS20,MCD,11919,LIME,1.89566495638958,False,1.800549413008146,0.9047619047475436,-0.533005315137483,0.3325195714300039,9.08086103906082,3.304415872976921,True,0.1785714285714286,False,1,10.823101780723125,124463.98969580978,,0.2410844181600684,1.0
ARAMIS20,MCD,11919,MAPLE,2.837936999656341,False,1.4918079627255605,0.9047619047475436,0.712035535305753,-0.512740652201205,3.958168419015701,8.626389280137634,True,0.6071428571428572,False,1,24.036345324757956,49267.424831064855,,0.505576643425214,1.0
ARAMIS20,MCD,11919,SHAP,2.8185225144561707,False,1.5361511801731351,0.9047619047475436,-0.8540338351603775,0.8276506702068055,0.6635133271496432,7.6998325418599265,True,0.7857142857142859,False,1,41.5801949976939,36475.35982094166,,0.4904529992704007,0.9824561403508772
ARAMIS20,MCD,11923,LIME,1.093328124549804,False,1.550625788057548,0.9047619047475436,-0.5674926124842402,0.4718404686483389,8.653929790677793,2.106821060025,True,0.1428571428571428,False,1,6.512284835615313,31546.594760989745,,0.4649957431105278,1.0
ARAMIS20,MCD,11923,MAPLE,0.5183306580707778,False,1.4309899652467155,0.9047619047475436,0.4351075622323795,0.0500543809356466,3.274311270004228,1.219351049693536,True,0.5714285714285715,False,1,6.232416015516226,53615.9497103511,,0.5292687834933889,0.95
ARAMIS20,MCD,11923,SHAP,3.0427508145646027,False,1.5706897987661326,0.9047619047475436,-0.9128884463510474,0.5001072314044083,0.6397159660316702,7.527496105703113,True,0.4285714285714286,False,1,19.065669677948183,50576.02083745781,,0.4428040495760254,1.0
ARAMIS20,MCD,11938,LIME,0.3560411236588246,False,1.5510804172151795,0.9047619047475436,-0.7179920999606056,0.0458570494204176,7.26070190968996,0.9948978757890896,True,-0.1428571428571428,False,1,0.5842968967487415,436.36993822410255,,0.4732724500027552,0.8918918918918919
ARAMIS20,MCD,11938,MAPLE,0.2349159286912593,False,1.365724082120863,0.9047619047475436,-0.8237998131740946,0.2065327978643229,2.414010608114108,0.5750470912654424,True,0.2142857142857143,False,1,8.241102780171834,8726.776190796065,,0.550916539979566,0.9344262295081968
ARAMIS20,MCD,11938,SHAP,0.8478794267829025,False,1.6152119311046438,0.9047619047475436,-0.9498672028430598,0.4337359809604741,1.4629735781992244,2.536115249535689,True,0.5357142857142858,False,1,1.7697645839731808,318.23727791802435,,0.4385421645295413,0.95
ARAMIS20,MCD,18919,LIME,0.7362306888631873,False,1.4141862827642342,0.9047619047475436,0.4346150565115756,-0.3686009833047721,8.163411726093226,1.6124296533797104,True,-0.3928571428571429,False,1,0.0669505473169374,5422.615987867804,,0.5452738738649616,1.0
ARAMIS20,MCD,18919,MAPLE,0.6322345870236604,False,1.4465174526952982,0.9047619047475436,0.2134027303369512,0.1399387163730739,2.9231260678319098,1.607799788890649,True,0.0714285714285714,False,1,0.1038225737409128,2353.017872912386,,0.5152135821857646,0.95
ARAMIS20,MCD,18919,SHAP,4.194656041361742,False,1.8755142125245583,0.9047619047475436,-0.2729250981707562,-0.0275853961097405,0.5328364903205255,10.911707805825952,True,0.0,False,1,0.5693863469596818,7219.463025008148,,0.2006467903889622,0.9824561403508772
ARAMIS20,MCD,18920,LIME,0.7205190763883756,False,1.434681449808412,0.9047619047475436,0.3225742422939304,0.0872259705409846,16.627282634964345,1.425572881135273,True,-0.2857142857142857,False,1,11.483603887691904,20868.84200485966,,0.5309480860614358,0.9117647058823528
ARAMIS20,MCD,18920,MAPLE,1.2680285677606251,False,1.4753617241314658,0.9047619047475436,0.1413354412346869,0.2845058681736226,3.9039019665686103,2.770042742281268,True,0.3571428571428572,False,1,6.562618826033308,1371.1041168342822,,0.5067944054603539,0.9491525423728814
ARAMIS20,MCD,18920,SHAP,3.50846257216853,False,1.6544095094630848,0.9047619047475436,-0.5377610093731852,0.0518499878890755,0.6279277797149507,8.163479709124715,True,0.7142857142857144,False,1,213.8778192047529,2324180.18415986,,0.4074647191546688,0.9827586206896552
ARAMIS20,MCD,18923,LIME,0.6398845614157169,False,1.4732061333973925,0.9047619047475436,-0.1470985968359985,0.1689327784783492,10.18394434111983,1.4530172130644714,True,-0.1785714285714286,False,1,3.583320387347935,22654.761063287155,,0.5180820930022758,0.9302325581395348
ARAMIS20,MCD,18923,MAPLE,0.6973971230027793,False,1.4198082816840056,0.9047619047475436,-0.4547679734677335,0.4805419916067422,3.976136900871615,1.4552349769066428,True,0.6071428571428572,False,1,8.923268163026108,28817.14896855948,,0.5262680139500903,0.95
ARAMIS20,MCD,18923,SHAP,4.278919047384204,False,1.723548548052001,0.9047619047475436,-0.845275819989535,0.7831688367802228,0.6234629990436391,11.430664037270269,True,0.1071428571428571,False,1,64.68184099705265,5456.431987147334,,0.3459797950959791,0.9827586206896552
ARAMIS20,MCD,18958,LIME,0.957097195493922,False,1.3942264072052053,0.9047619047475436,0.0693355266771471,-0.5320653708824354,9.732729091029446,1.772499637177746,True,-0.2142857142857143,False,1,0.1666594019797006,11104.207210839151,,0.5529659264069959,0.98
ARAMIS20,MCD,18958,MAPLE,0.8156674568752965,False,1.4555589669929252,0.9047619047475436,-0.2847595479499497,0.0224139574361159,3.524513861607083,1.9454731854692944,True,0.0714285714285714,False,1,0.2575074410420402,86079.99495186003,,0.5157752527246939,0.9491525423728814
ARAMIS20,MCD,18958,SHAP,3.3775291503940834,False,1.79410102912972,0.9047619047475436,0.0103416069139169,0.1245999645060459,0.9040613399628898,11.841002654658926,True,0.8928571428571429,False,1,0.6825566172838898,10479.658257052186,,0.2922768706847879,0.9827586206896552
ARAMIS20,MCD,20951,LIME,1.5087729746987688,False,1.6944962890103274,0.9047619047475436,-0.6290923224927202,0.3819616162397126,11.107334432591411,3.1820095429333013,True,0.2857142857142857,False,1,9.149347938622832,12371.12899991593,,0.3866969993869842,1.0
ARAMIS20,MCD,20951,MAPLE,1.5332868093498673,False,1.406295233766342,0.9047619047475436,0.7994183235240981,-0.515130281962358,3.587744505537354,4.017633906362049,True,0.5714285714285715,False,1,46.18676790688654,43228.22077307432,,0.5483475389416913,0.9803921568627452
ARAMIS20,MCD,20951,SHAP,2.2602579438201245,False,1.576885519810632,0.9047619047475436,-0.8561088624349361,0.7495843831390002,0.5573858918221648,6.497007548124549,True,0.5,False,1,17.59553020164828,10276.467419155058,,0.4644878116537268,0.9824561403508772
ARAMIS20,MCD,20990,LIME,0.383665776474353,False,1.4809776384373632,0.9047619047475436,-0.8803178586177954,0.4564845148520832,5.488381323389499,1.0048478088194108,True,0.1428571428571428,False,1,0.106245357462486,369.295229872161,,0.5137511262660726,0.96
ARAMIS20,MCD,20990,MAPLE,0.1496581873863588,False,1.4053922535991863,0.9047619047475436,-0.8932299328522517,0.6069137093658316,2.6757368015933287,0.416754739915554,True,0.1071428571428571,False,1,0.280751332616405,177.3631730442369,,0.5230707194048714,0.8983050847457628
ARAMIS20,MCD,20990,SHAP,0.6845354235710915,False,1.4639219887656412,0.9047619047475436,-0.9841253014136176,0.6810073765590199,1.7890818016827683,1.9294748830941135,True,0.3928571428571429,False,1,0.2648339955890043,372.0683829835481,,0.5267227708752757,0.95
ARAMIS20,MCD,271817,LIME,0.23383955170362,False,1.7200663285088882,0.0793650793638196,0.815889946676146,-0.8149162994064044,2.899604387531756,0.5416436026387874,True,0.8214285714285715,True,1,,,,0.365485315211654,0.2727272727272727
ARAMIS20,MCD,271817,MAPLE,0.0920276212358956,False,1.428059957421543,0.0793650793638196,0.6071116132557703,-0.8763829504343266,1.17997257032127,0.3866913456438041,True,0.8928571428571429,True,1,,,,0.5172885410984744,0.1
ARAMIS20,MCD,271817,SHAP,0.5326088607371289,False,1.4640666409994492,0.0793650793638196,0.9539044029359828,-0.9441832874298132,1.8695674902930872,1.0987521151356736,True,0.9642857142857144,True,1,,,,0.5236145809331316,0.1363636363636363
ARAMIS20,MCD,272788,LIME,0.1718990319170071,False,1.403021217870742,0.9047619047475436,-0.8924933985122542,0.3488434778392928,3.6957793111563735,0.9058558851923252,True,0.3214285714285715,False,1,0.0273674703733243,1013.3677640352038,,0.5475614462888516,1.0
ARAMIS20,MCD,272788,MAPLE,0.1337747261487329,False,1.4055736103749965,0.9047619047475436,-0.8975446774480589,0.353179455728777,2.1576111083028224,0.5930711616269138,True,0.2142857142857143,False,1,0.0396333031408434,59240.87647530028,,0.5363546208410399,0.896551724137931
ARAMIS20,MCD,272788,SHAP,0.7617191380729622,False,1.5054001303801636,0.9047619047475436,-0.976084090571022,0.1803213700936835,1.6834294920755604,1.8535597908370467,True,0.4285714285714286,False,1,0.049409724844509,663.724141165858,,0.4980562626231689,0.9661016949152542
ARAMIS20,MCD,307641,LIME,1.0139151926451746,False,1.690340125553878,0.9047619047475436,-0.2393317894838769,-0.3960053783871897,6.334106476328047,2.7953213666309566,True,0.2857142857142857,False,1,3.3194644475100943,4399.0452755911565,,0.3923311599459024,0.9705882352941176
ARAMIS20,MCD,307641,MAPLE,1.9210985394962847,False,1.3130970745846535,0.9047619047475436,0.3166828548511908,0.5578076166281574,5.652348509756084,4.651736422003556,True,0.4285714285714286,False,1,18.24517437259812,137872.25500218113,,0.5956634037108636,0.9615384615384616
ARAMIS20,MCD,307641,SHAP,4.479500203381568,False,1.5914608856678278,0.9047619047475436,-0.6966660303652994,-0.5982999428594695,0.3872732884518877,12.850253099557994,True,0.8571428571428573,False,1,175.3198898698027,250340.14609530283,,0.4479647320128651,1.0
ARAMIS20,MCD,308756,LIME,0.2807030822124745,False,1.5611804492208985,0.9047619047475436,-0.911150725359515,0.9518532751530616,4.598418256249608,0.9090405725690514,True,0.8928571428571429,False,1,,,,0.4533017717429072,0.9444444444444444
ARAMIS20,MCD,308756,MAPLE,0.1261183358185721,False,1.479643796195529,0.9047619047475436,-0.5395904525733012,0.7268484041601715,1.331039954016228,0.2985736483182135,True,0.9642857142857144,False,1,,,,0.4891095412258857,0.8421052631578947
ARAMIS20,MCD,308756,SHAP,0.4813640385689524,False,1.4095730620717088,0.9047619047475436,-0.9641395556812964,0.9701568845319856,2.802447288907256,1.0345075605406509,True,0.8928571428571429,False,1,,,,0.5530186434041927,0.9152542372881356
ARAMIS20,MCD,309426,LIME,0.832682112293077,False,1.3399682195993163,0.9047619047475436,0.0064386514979743,-0.5354174582434618,6.459725746315404,2.176237599419456,True,-0.1071428571428571,False,1,4.1136630599139,16369.88523239414,,0.5818553610075072,0.9714285714285714
ARAMIS20,MCD,309426,MAPLE,16.19427553694075,False,1.7809898478549768,0.9047619047475436,-0.6795823309271007,-0.3377148741395933,7.578936676860274,37.291447633337285,True,0.3571428571428572,False,1,176.36160857272728,8225622.641367142,,0.2478690168631877,1.0
ARAMIS20,MCD,309426,SHAP,3.890851189202869,False,1.713200435650286,0.9047619047475436,-0.6116678659477511,0.3361302470116946,0.7757052165731085,9.12325952110412,True,0.642857142857143,False,1,12.367312478713744,60977.55387492012,,0.3596634190294588,0.9824561403508772
ARAMIS20,MCD,309757,LIME,0.1208646286545963,False,1.5377043648639872,0.0793650793638196,0.877305195604189,0.9632454921852428,3.971721064260974,0.7601217632664521,True,0.9642857142857144,True,1,5.978059525877826,14436.026095261885,,0.4775561651177236,0.4
ARAMIS20,MCD,309757,MAPLE,0.1249968879358709,False,1.5401326788284035,0.0793650793638196,0.2512792286862246,0.5346457038915421,2.403743421533367,0.3164188903974267,True,0.8571428571428573,False,1,0.2913197664841088,103.31464194320804,,0.4674392455545709,0.3125
ARAMIS20,MCD,309757,SHAP,0.2901372991978736,False,1.2704167173023193,0.0793650793638196,0.9685317013339584,0.9864456493287784,2.5344938823158056,0.5037703449190442,True,0.8571428571428573,True,1,2.4165285766373152,3797.7181158751664,,0.6012490552057007,1.0
ARAMIS20,MCD,310719,LIME,0.7187508250707444,False,1.5747805498246672,0.9047619047475436,-0.1935091059530156,0.1813336968178697,9.497793069242965,1.4307921660253142,True,-0.2142857142857143,False,1,2.609643697972462,3309.39996889394,,0.4597757675325216,0.868421052631579
ARAMIS20,MCD,310719,MAPLE,0.5480952776315718,False,1.364782008782314,0.9047619047475436,-0.279753543452647,-0.0374707935918905,3.7067168014217686,1.171205382315566,True,0.1785714285714286,False,1,8.673058975101318,817.9010707206808,,0.5516009117268108,0.95
ARAMIS20,MCD,310719,SHAP,2.530254236334222,False,1.6085904457456786,0.9047619047475436,-0.6512541706966716,-0.5219130991219129,0.74194308008806,9.611529949880198,True,0.0357142857142857,False,2,7194.907506802386,11908155.60726028,,0.4116094105975981,0.9827586206896552
ARAMIS20,MCD,316611,LIME,0.4594503106125517,False,1.594150079759614,0.9047619047475436,-0.4225955260115167,-0.4965854997857051,6.88027128914718,1.3477065983300902,True,0.0357142857142857,False,1,0.0416430472302649,2747.828076392141,,0.455594255220621,0.8620689655172413
ARAMIS20,MCD,316611,MAPLE,0.2710617429177248,False,1.3273524805151695,0.9047619047475436,-0.5669987863532522,-0.6316410341457517,2.5524084466875188,0.5742691113222331,True,0.4642857142857144,False,1,0.0545911958967283,1986.267922259905,,0.5707693727749906,0.95
ARAMIS20,MCD,316611,SHAP,0.9899716107025096,False,1.7620740586903252,0.9047619047475436,-0.9287117658451758,-0.9204279263471484,1.72059374091929,2.9439513356198934,True,0.7857142857142859,False,1,0.0973794652935287,1750.339856437647,,0.3365755804407929,0.95
ARAMIS20,MCD,318513,LIME,0.3552407357744751,False,1.6285076748451863,0.9047619047475436,-0.7749486881800749,0.5285262962293363,4.980131350565632,0.9999230068471072,True,0.1071428571428571,False,1,0.3214454888900604,870.7772051349866,,0.4325665121631854,0.8918918918918919
ARAMIS20,MCD,318513,MAPLE,0.2043663909728767,False,1.3484747036131068,0.9047619047475436,-0.862463180344759,0.7190463644624461,2.144183919073499,0.38908088713139,True,0.1428571428571428,False,1,13.415653396568452,1190414.937560001,,0.5478408902099863,0.9333333333333332
ARAMIS20,MCD,318513,SHAP,0.7616927026181098,False,1.5852743732706456,0.9047619047475436,-0.9601492279092444,0.7905619799059952,1.6651340911302488,1.9789692407628972,True,0.6785714285714287,False,1,0.5888920746100479,12087.30736791256,,0.4436883869470641,0.95
ARAMIS20,MCD,318558,LIME,0.1605341478651946,False,1.6182410753976073,0.0793650793638196,0.8701841111785619,0.9644321406352708,3.360231489061642,0.4043453081867006,True,0.7857142857142859,True,1,1.2619248981675415,326.5596866617404,,0.4386857955330691,0.3846153846153846
ARAMIS20,MCD,318558,MAPLE,0.1715183868398452,False,1.5366639503011026,0.0793650793638196,0.2968590860419273,0.7085988693913347,2.2939716136053936,0.3442430257836381,True,0.7857142857142859,True,1,0.6552220718734887,676.6761737440778,,0.4678576972128382,0.2777777777777778
ARAMIS20,MCD,318558,SHAP,0.3702579152559302,False,1.3722598909627624,0.0793650793638196,0.960955249939101,0.9601848819526876,2.803312613277284,0.6143420200026168,True,0.8928571428571429,True,1,1.0888629207584526,984.1954179573676,,0.5620488978009307,0.5555555555555556
ARAMIS20,MCD,340491,LIME,0.6661428197384112,False,1.55001361572674,0.9047619047475436,-0.0224680427997374,-0.314633895977388,8.618313553608344,1.5417420987858472,True,0.7500000000000002,False,2,0.1106477154835013,534.0157412185771,,0.4803070473047527,0.7916666666666666
ARAMIS20,MCD,340491,MAPLE,0.156760359291896,False,1.4361625593073708,0.9047619047475436,0.9574467315275476,-0.9099896805678458,2.110097164152676,0.4622585873297999,True,0.6785714285714287,False,2,0.0993419597578716,3550.548154225686,,0.529048589972936,0.90625
ARAMIS20,MCD,340491,SHAP,0.8194045639864507,False,1.3823158060006384,0.9047619047475436,-0.8244432182360494,0.6735115451135644,0.7229006676787078,2.675554165900901,True,0.642857142857143,False,2,0.7004693217621105,3568.592545100766,,0.5660262447726823,0.9661016949152542
ARAMIS20,MCD,340531,LIME,1.8147863608610624,False,1.62361905236787,0.9047619047475436,-0.7300485362466501,0.7530758461567097,10.218187518393597,3.474740817091916,True,0.3571428571428572,False,1,8.716983326237335,97742.3331236096,,0.430201037345187,1.0
ARAMIS20,MCD,340531,MAPLE,3.1775037378456257,False,1.2458717115519262,0.9047619047475436,0.6365191889070372,-0.7600991260755033,3.2832635500173017,11.36465314176418,True,0.2857142857142857,False,1,483.3517255948103,773798.464519174,,0.606639280365465,1.0
ARAMIS20,MCD,340531,SHAP,2.432220401919302,False,1.693902704259708,0.9047619047475436,-0.9089785553102684,0.8023910221035955,0.6698141400822228,8.755943616831907,True,0.6785714285714287,False,1,17.231051126648698,74317.34688356533,,0.3835140905997439,0.9824561403508772
ARAMIS20,MCD,35906,LIME,0.8165994332539078,False,1.2900989432545615,0.9047619047475436,-0.1193739861042323,-0.4651708437455286,8.080652285054404,1.685219206210984,True,0.4642857142857144,False,1,9.78089175224466,45841.92942466304,,0.5957734701962142,1.0
ARAMIS20,MCD,35906,MAPLE,0.7653870654779154,False,1.461216942880241,0.9047619047475436,0.1062591601324833,-0.521593755413195,3.6092244908034745,1.9687321918029248,True,0.0357142857142857,False,1,4.8903981832223895,17705.32057289376,,0.5141349430121022,0.9655172413793104
ARAMIS20,MCD,35906,SHAP,1.808324574385835,False,1.8416102746216807,0.9047619047475436,-0.4938979204160857,0.707904435365153,0.4863693405301713,5.210517736499878,True,0.0357142857142857,False,1,8.200677930557282,12715.148141589449,,0.2506871457425008,0.9827586206896552
ARAMIS20,MCD,35911,LIME,0.8746946406307556,False,1.4417954655629897,0.9047619047475436,0.0041736798970695,-0.6964814982807166,9.809424694751351,1.670853544512595,True,0.4642857142857144,False,1,6.908047133592312,53061.4178344441,,0.5301003736136304,1.0
ARAMIS20,MCD,35911,MAPLE,0.8701879105632518,False,1.4501415131138744,0.9047619047475436,0.0799245503213396,-0.8870362727517395,2.8223720246145527,1.9815204946980236,True,0.8214285714285715,False,1,9.33755327062828,58603.264578661874,,0.5220669315542571,0.9655172413793104
ARAMIS20,MCD,35911,SHAP,1.969720660632445,False,1.6523213520598885,0.9047619047475436,-0.5827744363167863,0.8730140954420552,0.5259829107795353,6.117207324173381,True,0.8571428571428573,False,1,13.392184149554303,25412.002582752557,,0.4091001817339899,0.9827586206896552
ARAMIS20,MCD,35919,LIME,2.005397504715722,False,1.6139573597562211,0.9047619047475436,-0.4813635828375849,0.8280886357616287,12.98741374818611,3.842055291639229,True,0.7142857142857144,False,1,68.89126645984254,114998.95201741086,,0.4196096255638396,1.0
ARAMIS20,MCD,35919,MAPLE,2.8226134903412183,False,1.2702357751395734,0.9047619047475436,0.0417982149294484,-0.9099792828174372,3.440605197385818,6.940698803231673,True,0.6785714285714287,False,1,141.5769762102501,774904.8928164653,,0.6011583256868009,1.0
ARAMIS20,MCD,35919,SHAP,2.1242304683518585,False,1.642743033858402,0.9047619047475436,-0.6483961727135776,0.9030250221488736,0.7336644542512876,5.686459854221918,True,0.9642857142857144,False,1,13.590570533970022,26970.360496717167,,0.4070283029378452,1.0
ARAMIS20,MCD,385204,LIME,1.6012893171232898,False,1.772594478786468,0.9047619047475436,-0.6858756390082461,-0.4332563216963702,15.04910760577449,3.030231551007037,True,0.2142857142857143,False,1,2.114073067868982,6078.830931068511,,0.306690531850553,1.0
ARAMIS20,MCD,385204,MAPLE,1.1697552590474478,False,1.365687817198831,0.9047619047475436,0.7667355755741291,0.4462437951411356,3.929873941141412,2.7873875372012327,True,0.642857142857143,False,1,2.505148279553989,1677.160348160188,,0.5563633437445378,0.9629629629629628
ARAMIS20,MCD,385204,SHAP,1.8195276097945836,False,1.530195036452202,0.9047619047475436,-0.8844877329729489,-0.7986774901679009,0.4506176280464538,5.858245255609534,True,0.6071428571428572,False,1,5.350620675352078,5425.05947300078,,0.4899782777861615,0.9824561403508772
ARAMIS20,MCD,385224,LIME,0.4236450739876881,False,1.3381884340238344,0.9047619047475436,-0.2160789092206133,0.0463640287644796,4.336432136798369,1.4778823788853448,True,0.3928571428571429,False,1,4.553905905272347,140434.22288604983,,0.5833490112280199,0.9696969696969696
ARAMIS20,MCD,385224,MAPLE,0.1375248159809017,False,1.3631960034388693,0.9047619047475436,0.7969414753821723,0.9218113051633255,1.5332224097221978,0.2512368615517913,True,0.8214285714285715,False,1,0.3206839491669815,1938.4098308010632,,0.5548350757518644,0.9344262295081968
ARAMIS20,MCD,385224,SHAP,0.8231498825639443,False,1.4604939843563365,0.9047619047475436,-0.8059141827801065,-0.6981738777823289,1.1819779707512512,2.1947418225347763,True,0.9285714285714288,False,1,0.6761882864420306,1354.6704686886792,,0.5267907062338655,0.9661016949152542
ARAMIS20,MCD,385353,LIME,1.7380180414018929,False,1.837879431134147,0.9047619047475436,-0.3351590755169349,-0.3637255351257425,9.798446667599926,3.411030716308955,True,0.4285714285714286,False,1,9.75579320485985,1183581.1869674907,,0.2525482150560573,1.0
ARAMIS20,MCD,385353,MAPLE,7.009124043917208,False,1.681763815153947,0.9047619047475436,-0.6934169893480934,-0.7844322622771576,5.506608951205336,15.42056666931851,True,0.6071428571428572,False,1,53.771150643063216,27915.5223614898,,0.3909624116915131,1.0
ARAMIS20,MCD,385353,SHAP,2.376058744240543,False,1.574122524596654,0.9047619047475436,-0.9501450847864816,-0.9428650309663726,0.5617671915967054,8.473670068568724,True,0.5357142857142858,False,1,14.11982550578452,27575.29189024107,,0.462130053401237,1.0
ARAMIS20,MCD,385508,LIME,1.5378036713033685,False,1.5751823471970652,0.9047619047475436,-0.1638070278724727,-0.5564533926092156,6.792888670312743,2.852120732735004,True,0.1785714285714286,False,1,15.47684619547152,317840.3058391776,,0.4219272289379965,1.0
ARAMIS20,MCD,385508,MAPLE,0.986812727636728,False,1.4943321092748914,0.9047619047475436,0.7869792055490893,0.7282500782993951,4.484596604010462,2.516360849366848,True,0.642857142857143,False,1,1.3175573131293772,15732.742124865605,,0.4811772191436995,0.9636363636363636
ARAMIS20,MCD,385508,SHAP,2.580762298632639,False,1.4045773194087912,0.9047619047475436,-0.6820651653317102,-0.9358853296868715,0.6936044911876769,9.72804572273014,True,0.6785714285714287,False,1,16.451616260199145,39679.581629935936,,0.5530990921844754,1.0
ARAMIS20,MCD,385527,LIME,2.067422175513818,False,1.6841130269811997,0.9047619047475436,-0.8598847965464018,-0.6998551091955081,9.589040701137469,3.628740239486724,True,0.5,False,2,7.881174028284212,3429.139834228549,,0.3874140663697685,0.9743589743589745
ARAMIS20,MCD,385527,MAPLE,31.372798960956413,False,1.7668229129360742,0.9047619047475436,-0.0733883642679301,-0.0419253213448976,5.053572397970132,95.1587657839854,True,-0.2142857142857143,False,2,398.3634939952176,62738.1204972226,,0.326607221166805,1.0
ARAMIS20,MCD,385527,SHAP,2.116389301655373,False,1.4579707765955123,0.9047619047475436,-0.978210482634684,-0.940691589982944,0.5389736908436764,6.557113243444607,True,0.8571428571428573,False,2,8.479804752370148,12141.987131443992,,0.5275838377634545,1.0
ARAMIS20,MCD,385564,LIME,1.4169490970157763,False,1.7269959749401496,0.9047619047475436,-0.2758682403563722,-0.6478127213463647,11.229047755673491,2.7067230633657524,True,0.2857142857142857,False,1,0.3004043314052471,19047.222440328023,,0.3487995366259375,1.0
ARAMIS20,MCD,385564,MAPLE,6.700214290983317,False,1.4013930907451326,0.9047619047475436,0.6225172422123995,0.1970877997220878,4.975824926272799,16.901554608901147,True,0.1071428571428571,False,1,143.56264287352766,2617837.841453857,,0.5545004838603955,1.0
ARAMIS20,MCD,385564,SHAP,2.331129896975859,False,1.4633224690906457,0.9047619047475436,-0.7990969517378562,-0.9203550272622828,0.4472400643763114,7.600735843322036,True,0.8571428571428573,False,1,1.370396302011985,8535.107683427013,,0.5219532210681196,1.0
ARAMIS20,MCD,386255,LIME,0.5905466802916242,False,1.587152622841724,0.9047619047475436,-0.3249821495949085,-0.446322332493259,8.685343045917842,1.38603071368596,True,-0.3571428571428572,False,1,2.2969443898135875,6232.770302124852,,0.4552712593039327,0.8260869565217391
ARAMIS20,MCD,386255,MAPLE,0.3873066633639827,False,1.262023341641434,0.9047619047475436,-0.4682729078406257,-0.5913731119397025,2.338423579707347,0.7366400270154255,True,-0.1071428571428571,False,1,20.516293091694287,9188.340434247142,,0.5854939227927161,0.9491525423728814
ARAMIS20,MCD,386255,SHAP,1.4112648305600743,False,1.6911625659909957,0.9047619047475436,-0.9197153132610578,-0.8745346998324995,1.2974749355502175,3.997045177125632,True,0.7857142857142859,False,1,9.963790965599188,946.8229362248468,,0.3784890630919002,0.9661016949152542
ARAMIS20,MCD,392256,LIME,0.2923421193030578,False,1.481097459770706,0.9047619047475436,-0.7216367071109359,-0.4815843773300463,3.7694371068212393,0.9444307584620316,True,0.1785714285714286,False,1,0.5970037971179265,3779.727176642349,,0.5082542260255228,1.0
ARAMIS20,MCD,392256,MAPLE,0.262979971831211,False,1.3825518556571288,0.9047619047475436,-0.8062845688256012,-0.6392874357800579,2.532228563036913,0.6660167794384051,True,0.1428571428571428,False,1,0.2973726038945409,235.95905629534337,,0.5438013402476015,0.9047619047619048
ARAMIS20,MCD,392256,SHAP,0.8412288685399828,False,1.6617365096529038,0.9047619047475436,-0.9555596531830216,-0.8105509402827301,1.3025995051287196,1.8341216881250395,True,0.5714285714285715,False,1,0.1825172382006578,1231.0933697849457,,0.3766496907675157,0.95
ARAMIS20,MCD,429198,LIME,0.1657564174085019,False,1.3362240204606175,0.9047619047475436,-0.8319644641347198,0.5141403562578045,4.272678653240084,0.9490852287381176,True,0.6071428571428572,False,1,0.2365052334384297,2846.9361961471486,,0.575311505333311,0.9782608695652174
ARAMIS20,MCD,429198,MAPLE,0.1461471633203428,False,1.367579805868305,0.9047619047475436,-0.880848071655957,0.490929984507166,2.100138612758933,0.6065844152880299,True,0.6071428571428572,False,1,1.6567991047054536,5361.995468214468,,0.5543404583542024,0.9333333333333332
ARAMIS20,MCD,429198,SHAP,0.8857175546437613,False,1.554231755989799,0.9047619047475436,-0.9707874236709786,0.2767032498962668,1.108247140161783,1.746105757512903,True,0.7500000000000002,False,1,0.21690777774767,4393.74383816038,,0.4640671091198322,0.95
ARAMIS20,MCD,429724,LIME,0.4715314167143222,False,1.4370558682175858,0.9047619047475436,-0.7893488313578155,-0.7002936070027965,4.841137601805514,1.526486027335647,True,0.0714285714285714,False,1,27.83688761499693,18543.232022189022,,0.5266079498859332,0.95
ARAMIS20,MCD,429724,MAPLE,0.2857518872467435,False,1.4163541708267866,0.9047619047475436,0.3516587189832394,0.6326062320683387,5.4935723523228575,0.9785364742931216,True,0.3571428571428572,False,1,1.2578670761005466,2026.9226027291943,,0.5268050118296442,0.9322033898305084
ARAMIS20,MCD,429724,SHAP,1.307072717678042,False,1.3329046282903405,0.9047619047475436,-0.8073998134762062,-0.49475321051352,1.221425639543655,3.493919051810545,True,0.4642857142857144,False,1,9.110513005945483,10815.96100753156,,0.5857181809602118,0.9827586206896552
ARAMIS20,MCD,432034,LIME,0.5758608666387847,False,1.3876962084133857,0.9047619047475436,0.0841148817877679,0.4473330388546743,8.62711458440087,1.4349022503461506,True,0.1785714285714286,False,1,25.592616476351512,7854.155069854842,,0.5602702334770078,0.9696969696969696
ARAMIS20,MCD,432034,MAPLE,0.314386751342741,False,1.3348650896636034,0.9047619047475436,0.8685814081990532,0.9739837667860504,4.32730283952032,0.8564545683350636,True,0.8214285714285715,False,1,14.26627007972766,36734.8741614586,,0.5649575584530272,0.926829268292683
ARAMIS20,MCD,432034,SHAP,1.817708466488252,False,1.387713226429833,0.9047619047475436,-0.5846768706395764,-0.5199270830548355,0.6909646012265336,5.483215490098438,True,0.0714285714285714,False,1,95.94932462339334,12733.763167282812,,0.5621257056171094,0.9827586206896552
ARAMIS20,MCD,434986,LIME,0.795907063067143,False,1.5322949872056175,0.9047619047475436,-0.0675088969020446,0.1297536474092769,9.733437238771751,1.3213890753185755,True,0.0,False,1,3.604522089083917,1414.1484259808988,,0.4863197578326744,1.0
ARAMIS20,MCD,434986,MAPLE,1.3538444569578747,False,1.371831525120328,0.9047619047475436,0.7986033221694305,0.9465519847228656,6.161213715738376,2.865764371966707,True,0.7500000000000002,False,1,2.875498978033295,4273.984068348681,,0.5569393653061719,0.9649122807017544
ARAMIS20,MCD,434986,SHAP,1.62075926780634,False,1.6152980850301977,0.9047619047475436,-0.8958172815737188,-0.9557973123992368,0.8282185000880588,5.634775271900977,True,0.6785714285714287,False,1,6.187343503586571,3759.438509852711,,0.4051211685173319,0.9827586206896552
ARAMIS20,MCD,435209,LIME,0.2743937091969458,False,1.563785047409476,0.9047619047475436,-0.958142324045858,0.9740711271145148,4.251129756098543,0.8879391987874478,True,0.8928571428571429,False,1,,,,0.45410562246817,0.9444444444444444
ARAMIS20,MCD,435209,MAPLE,0.1234868861513551,False,1.445585882722803,0.9047619047475436,-0.5515722145093072,0.7669541241191447,1.423273129711263,0.3367189246343144,True,0.9642857142857144,False,1,,,,0.4956291861969008,0.8285714285714286
ARAMIS20,MCD,435209,SHAP,0.53454540967763,False,1.4694432750467044,0.9047619047475436,-0.9588524114692764,0.9537625918099212,1.7426782753917356,1.1222373414122864,True,0.8928571428571429,False,1,,,,0.524100089628824,0.875
ARAMIS20,MCD,438253,LIME,0.3407063809197869,False,1.57603434501927,0.9047619047475436,-0.8970524794121428,0.8770045362040311,4.395795029516411,0.9467479472749633,True,0.7142857142857144,False,1,,,,0.4555765042701235,0.92
ARAMIS20,MCD,438253,MAPLE,0.1110616058076919,False,1.4180389170147982,0.9047619047475436,-0.5376625979518866,0.5190174511022948,1.3717809994017691,0.2298912239584926,True,0.8571428571428573,False,1,,,,0.5213126430661515,0.8695652173913043
ARAMIS20,MCD,438253,SHAP,0.4278280900902749,False,1.246714071955592,0.9047619047475436,-0.9711932736527946,0.9552556497172242,2.7133145504304523,0.8836965626976498,True,0.8928571428571429,False,1,,,,0.6177189840420899,0.9193548387096774
ARAMIS20,MCD,446138,LIME,1.139481856148581,False,1.631587814496566,0.9047619047475436,-0.2040618613135752,-0.5086676863137396,6.976719965137548,2.6345970178561258,True,0.7857142857142859,False,1,16.803685339535235,25328.7587380911,,0.3991974397071813,0.9782608695652174
ARAMIS20,MCD,446138,MAPLE,2.128743345977035,False,1.342388123854657,0.9047619047475436,0.4137166309867335,0.8208194950051759,6.474572596575695,6.219308844544239,True,0.7857142857142859,False,1,10.01488521327002,4495.425271326773,,0.5635192630797967,0.9807692307692308
ARAMIS20,MCD,446138,SHAP,2.3925382837041216,False,1.8215243766219087,0.9047619047475436,-0.9075238958123992,-0.7602715041262226,0.4230967988380518,7.3148937726454735,True,0.6785714285714287,False,1,8.122564361340288,2912.59821222412,,0.2778563802370054,0.9827586206896552
ARAMIS20,MCD,446166,LIME,1.7531046885064396,False,1.653461735837335,0.9047619047475436,-0.4389270545291223,-0.5618243749000964,8.646831851892715,3.2971271279208856,True,-0.3928571428571429,False,1,5.450641953803117,16549.18650035706,,0.4063641189844329,1.0
ARAMIS20,MCD,446166,MAPLE,0.3638772145209677,False,1.3047182045685044,0.9047619047475436,0.5070849906756044,0.7716319190684118,2.2979463111414566,1.0431705137862346,True,0.2857142857142857,False,1,8.828963515472383,28144.70608871178,,0.5967144692492531,0.95
ARAMIS20,MCD,446166,SHAP,2.6879929172532395,False,1.6570717879276784,0.9047619047475436,-0.7142713060477824,-0.7439302575622414,0.4177859906429761,7.679699846385661,True,0.2142857142857143,False,1,16.123785006470705,38350.17715996053,,0.4186937149157217,0.9824561403508772
ARAMIS20,MCD,446267,LIME,1.7378998994451782,False,1.6242262161178496,0.9047619047475436,-0.7515602970764509,-0.5301380440081993,9.519858124645356,3.170873277017753,True,0.642857142857143,False,1,10.988668842351832,11037.646483514716,,0.4218069868397839,0.975609756097561
ARAMIS20,MCD,446267,MAPLE,16.886570089478653,False,1.6405012856869856,0.9047619047475436,0.1045683937276875,0.0881995842018525,4.565845598262991,35.580752631696626,True,-0.2857142857142857,False,1,837.0780019686298,213974.06025973184,,0.4197871402946668,1.0
ARAMIS20,MCD,446267,SHAP,2.238011788101929,False,1.4991289164737052,0.9047619047475436,-0.9632080620748488,-0.9489317318521748,0.5582308692154782,7.687368567503995,True,0.8571428571428573,False,1,9.474163550910609,2296.742338226552,,0.5049037784301841,1.0
ARAMIS20,MCD,446395,LIME,0.967614236218956,False,1.1980198606323589,0.9047619047475436,-0.6142764929320544,-0.4179101747167666,7.253651932469916,1.9843428366705196,True,0.1428571428571428,False,1,71.69504091231695,477545.1440584156,,0.6307684897227764,0.9473684210526316
ARAMIS20,MCD,446395,MAPLE,10.615825648530652,False,1.7217037224729128,0.9047619047475436,-0.1140179113677903,-0.5484263725371539,8.358594756504447,19.99989510171584,True,0.642857142857143,False,1,138.34409522418414,187417.1846216604,,0.3301588213645073,1.0
ARAMIS20,MCD,446395,SHAP,2.921594693996027,False,1.6228058855352006,0.9047619047475436,-0.9035800528846436,-0.5996679082823861,0.9535105681424012,10.3892268686783,True,0.8928571428571429,False,1,24.13777067010065,37227.02514771302,,0.4370917740925539,0.9827586206896552
ARAMIS20,MCD,446396,LIME,1.934463346961053,False,1.7379604077261068,0.9047619047475436,-0.6708827762266898,-0.6794340095464133,9.995318779703146,3.2020116303952397,True,0.4285714285714286,False,1,7.937196107553206,134079.67823334105,,0.3459787378280461,0.9767441860465116
ARAMIS20,MCD,446396,MAPLE,7.013199601428872,False,1.6328156118772723,0.9047619047475436,-0.0902121600931165,-0.2512110777917671,9.201741663575476,12.213890059603106,True,-0.1071428571428571,False,1,52.233893834216566,64709.112397911005,,0.3973927039596887,0.9803921568627452
ARAMIS20,MCD,446396,SHAP,2.5087541899167447,False,1.6084364371510824,0.9047619047475436,-0.8981517823309493,-0.9313233318432442,0.7592673212310822,8.175397918877556,True,0.5357142857142858,False,1,13.546625530109342,27566.140129997813,,0.4239421478993945,0.9824561403508772
ARAMIS20,MCD,447150,LIME,0.3995481665530261,False,1.6925032348205455,0.0793650793638196,0.8686156059731256,0.8825520755030646,5.204888272548844,1.0320556601347544,True,0.6071428571428572,True,1,,,,0.3798390466237762,0.25
ARAMIS20,MCD,447150,MAPLE,0.1086305053921615,False,1.4594890428182972,0.0793650793638196,0.6083801367013472,0.8573143562890011,1.052043069746769,0.2436110474146292,True,0.6785714285714287,False,1,,,,0.5023192131478357,0.1111111111111111
ARAMIS20,MCD,447150,SHAP,0.4862190424688744,False,1.2155046208434812,0.0793650793638196,0.9761954456276188,0.9748263526845748,2.0013915428897104,0.9059071812534564,True,0.7142857142857144,True,1,,,,0.6322258688519641,0.0784313725490196
ARAMIS20,MCD,447164,LIME,0.2855335409983215,False,1.426090881437042,0.9047619047475436,-0.9522506428948848,0.3463537721626944,4.866363618765042,0.9781324218919588,True,0.1071428571428571,False,1,0.8318018940576091,672.4312072875083,,0.533154932438919,1.0
ARAMIS20,MCD,447164,MAPLE,0.1818451287388078,False,1.4244531026383456,0.9047619047475436,-0.8621545421401849,0.2941685166978927,2.5352703968041013,0.5488881952443702,True,-0.0357142857142857,False,1,0.4808230936684002,275.2787594349024,,0.5248278982307881,0.9032258064516128
ARAMIS20,MCD,447164,SHAP,0.7857521770247365,False,1.577468228621223,0.9047619047475436,-0.9724852152402444,0.4379052678527608,2.418191300578069,1.9141690241624048,True,0.1428571428571428,False,1,0.4960435113517554,1966.2241579430245,,0.4611021586477933,0.95
ARAMIS20,MCD,447193,LIME,0.2944728494462491,False,1.6074830320333158,0.0793650793638196,0.829413734050041,0.9087531342489148,5.771025994737026,0.9484496284270948,True,0.7857142857142859,False,1,0.2343925778680439,439.8466139499778,,0.442287137253641,0.1666666666666666
ARAMIS20,MCD,447193,MAPLE,0.1198573332573009,False,1.4825459417088989,0.0793650793638196,0.469208285499213,0.7802329307803602,1.3774672777264982,0.257448135376574,True,1.0,False,1,0.9451415636981708,292.67116482032765,,0.4904416265219068,0.1388888888888889
ARAMIS20,MCD,447193,SHAP,0.4000522133885046,False,1.2807109195927535,0.0793650793638196,0.9727143946090576,0.9729696892404706,2.634001232273641,0.6923364813620979,True,0.7857142857142859,True,1,0.5396605578555568,7881.029824285951,,0.6037907691014359,0.1904761904761904
ARAMIS20,MCD,447197,LIME,0.1243521082511348,False,1.4221401908431206,0.0793650793638196,0.925861843714426,0.8807485777546341,3.594658826518002,0.336591243884108,True,0.7500000000000002,False,1,4.683625459967659,117.3574996221229,,0.5305816171301236,0.12
ARAMIS20,MCD,447197,MAPLE,0.0727318428870669,False,1.5395894980776046,0.0793650793638196,0.3293937442961356,0.1949880039973643,1.5718820970757412,0.292798778927273,True,0.642857142857143,False,1,0.5562547693773868,240.64451378184884,,0.4680336492433769,0.1851851851851851
ARAMIS20,MCD,447197,SHAP,0.3417942530122579,False,1.114115295567604,0.0793650793638196,0.969894684599832,0.92343010491691,3.037263126735011,0.5785145772005412,True,0.8928571428571429,False,1,5.059181356859085,927.6318147597092,,0.6421197119033621,0.5
ARAMIS20,MCD,44855,LIME,0.3869629126089878,False,1.523291143951665,0.9047619047475436,-0.7080147245364562,0.067350220756592,7.223044080504064,1.0348615101045515,True,0.0714285714285714,False,1,2.419362502341336,843.0763633968412,,0.4930251035356712,0.945945945945946
ARAMIS20,MCD,44855,MAPLE,0.2808070752933773,False,1.405313528576832,0.9047619047475436,-0.7736798352998203,0.1544190996426721,2.1050278159706264,0.4920718144643523,True,0.5714285714285715,False,1,6.314607883673348,3326.775120612161,,0.5400703970372065,0.9016393442622952
ARAMIS20,MCD,44855,SHAP,0.9083963561025318,False,1.6199121313830327,0.9047619047475436,-0.9320048708486254,0.4241324852479088,0.9300466073110089,2.5109180776459032,True,0.7500000000000002,False,1,2.4795615346740694,570404.4213293162,,0.4347216243850702,0.95
ARAMIS20,MCD,45782,LIME,0.5153074268197705,False,1.375619625797693,0.9047619047475436,-0.5965364426100103,-0.6242094985272945,5.81903384667193,1.0940439025587732,True,0.8214285714285715,False,1,3.387247520279038,2183.053410416981,,0.5593716402871844,1.0
ARAMIS20,MCD,45782,MAPLE,0.2399798858707962,False,1.3685742633714866,0.9047619047475436,-0.6773707830126456,-0.6269496519539154,3.0080650330944168,0.6285125397911745,True,0.6785714285714287,False,1,1.5320955555350184,3858.356902273024,,0.5537615937848877,0.9047619047619048
ARAMIS20,MCD,45782,SHAP,1.3486523233778065,False,1.551685699006493,0.9047619047475436,-0.9112832925242296,-0.1983382752033766,1.189114571224046,4.270438683940794,True,0.7500000000000002,False,1,11.780907685558368,1144.6794482083917,,0.4704909122249344,0.9827586206896552
ARAMIS20,MCD,45816,LIME,0.6944701591153571,False,1.6098929689547723,0.9047619047475436,0.0601655108472599,-0.4612210545966732,11.52694051950946,1.593773111936264,True,0.8928571428571429,False,1,12.372822738290536,10486.661147618035,,0.4377748732704836,0.9622641509433962
ARAMIS20,MCD,45816,MAPLE,0.2987533349180528,False,1.3517720626467968,0.9047619047475436,0.9757768737847792,-0.9002181857676874,3.662543991204312,0.9475971646664646,True,0.8928571428571429,False,1,6.82297153998093,2579.46965062404,,0.5697353875987806,0.9375
ARAMIS20,MCD,45816,SHAP,1.5772566288710763,False,1.4412208498799677,0.9047619047475436,-0.688539336495994,0.4581536947529711,0.6734300664287433,6.024860088545999,True,0.3214285714285715,False,1,43.818094861631735,195080.0955305245,,0.5317573414234779,0.9827586206896552
ARAMIS20,MCD,513442,LIME,1.6038276256743138,False,1.7010509288225748,0.9047619047475436,-0.6740359910697062,-0.4621572834284413,8.368192759769714,3.0877071421420625,True,0.4285714285714286,False,1,6.132046086922744,17028.193394947255,,0.3730358785922068,0.9777777777777776
ARAMIS20,MCD,513442,MAPLE,40.06988973304976,False,1.729714550946269,0.9047619047475436,-0.5050251025489118,-0.5040436072425283,7.89811688489474,85.18991729024866,True,0.5,False,1,260.7586939441973,56656.38109108332,,0.3374619653557195,1.0
ARAMIS20,MCD,513442,SHAP,1.870936962166565,False,1.4989296874797775,0.9047619047475436,-0.9882872414725572,-0.9209295313948136,0.5127932312663657,5.619257140415775,True,0.8571428571428573,False,1,6.741699258443439,1660.0016147577694,,0.5050189550414355,1.0
ARAMIS20,MCD,513454,LIME,1.785553910239254,False,1.8047852410803171,0.9047619047475436,-0.5779106770046591,-0.6185607913907333,18.239311926915068,3.025114962031521,True,0.7857142857142859,False,1,12.351476806428291,74893.77814300935,,0.2730566745886367,1.0
ARAMIS20,MCD,513454,MAPLE,5.84140506243905,False,1.5934364569067063,0.9047619047475436,-0.3264549539288687,-0.5562213423600517,6.015297683280381,13.111233814305049,True,0.6785714285714287,False,2,4130.775823669956,3455618.1046470213,,0.4392324929312078,1.0
ARAMIS20,MCD,513454,SHAP,2.449783471004172,False,1.467057983756962,0.9047619047475436,-0.8573057035593826,-0.957782789102463,0.4861016180871861,9.552353982663398,True,0.6785714285714287,False,1,30.64179008949085,58575.1960316212,,0.5269831090920898,1.0
ARAMIS20,MCD,513587,LIME,1.8213652589287617,False,1.580149193837492,0.9047619047475436,-0.7706024723735811,-0.6107408798599766,12.202157896960102,3.207184030272753,True,0.5714285714285715,False,1,0.0057653226531219,15078.532642082888,,0.4568287018568256,0.975609756097561
ARAMIS20,MCD,513587,MAPLE,0.4573602613910858,False,1.2726812574319453,0.9047619047475436,0.8524815236308984,0.684116288103221,11.155671313523568,0.9483151989128056,True,0.5357142857142858,False,1,0.0147059696951687,112135.3696009435,,0.5780724067636317,0.9655172413793104
ARAMIS20,MCD,513587,SHAP,1.938619535665393,False,1.68604718038477,0.9047619047475436,-0.9459052356823204,-0.882647006136833,0.5712770317961096,7.493154881991665,True,0.6071428571428572,False,1,0.0070357941213939,3474.596331193843,,0.386061366836922,0.9824561403508772
ARAMIS20,MCD,513775,LIME,1.3909285708273376,False,1.6755970254001609,0.9047619047475436,-0.3171664717478221,-0.4889773233292056,9.26063261066975,2.606200140002386,True,-0.2857142857142857,False,1,13.925580224169757,10171.114432987864,,0.3975377608872824,1.0
ARAMIS20,MCD,513775,MAPLE,0.9614174878317072,False,1.5645674512458734,0.9047619047475436,0.9182764625020527,0.9157062389599676,2.477406861802065,3.146976427147585,True,0.8928571428571429,False,1,4.63770192213288,1698.9580763557774,,0.4709523935052264,0.9482758620689656
ARAMIS20,MCD,513775,SHAP,2.353645839191433,False,1.5572141943189997,0.9047619047475436,-0.8431998576646033,-0.94262606858948,0.5655235522581358,5.984851983668424,True,0.5357142857142858,False,1,5.62292974515395,486118.7290282631,,0.4692434674916728,1.0
ARAMIS20,MCD,513792,LIME,1.977380010262337,False,1.3981639006006945,0.9047619047475436,-0.4302106753076473,-0.7434075337660515,10.06193235452052,3.481395668647496,True,0.8214285714285715,False,1,37.06057374647908,45654.57251455255,,0.5442141949717552,1.0
ARAMIS20,MCD,513792,MAPLE,10.763010427428204,False,1.5344691369834615,0.9047619047475436,-0.1376599507223809,-0.4564613414130442,5.399966931241242,25.987014752641144,True,0.7857142857142859,False,1,189.96350893870172,4378110.544946317,,0.4704784771819353,1.0
ARAMIS20,MCD,513792,SHAP,2.1962219606547064,False,1.5490459925657842,0.9047619047475436,-0.4843839946795474,-0.761618409560052,0.6647043544643897,5.50447096090533,True,0.9285714285714288,False,1,44.91292639598881,418913.4714471332,,0.4770156484611011,0.9824561403508772
ARAMIS20,MCD,513839,LIME,2.0502544151995785,False,1.3767121287395123,0.9047619047475436,-0.2280315441827235,-0.6583765263069604,15.326606220927216,3.373890375522004,True,0.7142857142857144,False,1,242.71691925063965,183674.7737200905,,0.5439275463015698,1.0
ARAMIS20,MCD,513839,MAPLE,16.028603689289728,False,1.5295870590962588,0.9047619047475436,-0.0048605941603092,0.7558713359959587,6.583174752238672,39.06766660707866,True,0.3214285714285715,False,1,1077.8496604090628,3304153.633735725,,0.4756693130468191,1.0
ARAMIS20,MCD,513839,SHAP,2.0731182205733365,False,1.6597138116977914,0.9047619047475436,-0.3379913334776575,-0.6842741086558772,0.5082582934634817,6.001325432312965,True,0.7500000000000002,False,1,18.896542053485053,171459.8612495866,,0.4017646287859854,0.9827586206896552
ARAMIS20,MCD,590810,LIME,0.5091524495314159,False,1.366268156159237,0.9047619047475436,-0.8714813782355945,-0.2609256948106943,5.052169326634331,1.0676282591819295,True,0.6071428571428572,False,1,,,,0.5622706958346295,1.0
ARAMIS20,MCD,590810,MAPLE,0.099836460099783,False,1.3977909190855762,0.9047619047475436,-0.7068444207648538,-0.4842936829360068,1.9976477354962088,0.2430304934520701,True,0.3214285714285715,False,1,,,,0.5193930537970615,0.9090909090909092
ARAMIS20,MCD,590810,SHAP,0.5868903322891091,False,1.116369170445927,0.9047619047475436,-0.98402768799906,0.0488045672418994,1.6240652402767688,1.1760974131743744,True,0.5,False,1,,,,0.6630996436338727,0.95
ARAMIS20,MCD,591850,LIME,0.2734318429151329,False,1.440375433013525,0.9047619047475436,-0.8571645902802142,-0.2886039388916434,4.838395231409055,0.9031838569378332,True,-0.1071428571428571,False,1,2.060902531329473,2076.566578380448,,0.5341860939902487,0.9705882352941176
ARAMIS20,MCD,591850,MAPLE,0.2092892603182393,False,1.3471029091484148,0.9047619047475436,-0.8972779086538697,-0.3853271240704697,2.429073964377631,0.5124619316476158,True,-0.4285714285714286,False,1,1.4405800734269436,6279.81318914538,,0.5550119893665905,0.9344262295081968
ARAMIS20,MCD,591850,SHAP,0.8188962665925658,False,1.6206698941998212,0.9047619047475436,-0.9682747187439538,-0.5289561513670691,1.7332369106387366,2.1960965778902506,True,0.0,False,1,0.5414196185213496,245.4976452774737,,0.4353678023595072,0.95
ARAMIS20,MCD,592874,LIME,0.3423344057278643,False,1.4681349209477057,0.9047619047475436,-0.652724409657345,-0.5681962219875155,7.033097608199706,1.021745724453397,True,0.3928571428571429,False,1,1.9523177908398075,482.3584225082264,,0.521628844545735,0.967741935483871
ARAMIS20,MCD,592874,MAPLE,0.2373391936530639,False,1.391299555701765,0.9047619047475436,-0.7702621264191283,-0.7659134727801364,2.2912865896385224,0.5823194428149785,True,0.6071428571428572,False,1,17.566719453167142,1677.1435684098008,,0.5401499808057839,0.9344262295081968
ARAMIS20,MCD,592874,SHAP,0.7955816227359409,False,1.6161276135802731,0.9047619047475436,-0.9279335539362124,-0.8436845063799854,1.4271062986010357,2.73416768666562,True,0.8571428571428573,False,1,2.673933775908086,322.9585357363952,,0.4197346443682693,0.95
ARAMIS20,MCD,593815,LIME,0.2762720701062043,False,1.44918283627807,0.9047619047475436,-0.9297485438871108,0.383005489249578,4.676091622024181,0.9692599627435514,True,-0.1785714285714286,False,1,0.0302185483642188,2656.3627110209723,,0.5280622342056054,0.9666666666666668
ARAMIS20,MCD,593815,MAPLE,0.2123159590789033,False,1.3513333329902149,0.9047619047475436,-0.8787162004992383,0.3987483410061673,1.7598105062057734,0.4685492646361451,True,-0.4642857142857144,False,1,4.5460935192795215,151896.55724056685,,0.5484464130005348,0.918032786885246
ARAMIS20,MCD,593815,SHAP,0.7194387544750385,False,1.6128060195643532,0.9047619047475436,-0.9764906665998908,0.5312309630516024,1.2519030316743875,1.910337705949628,True,-0.0357142857142857,False,1,0.0408065919217111,736.5591344240783,,0.4438472038659998,0.95
ARAMIS20,MCD,593866,LIME,0.3607169895422322,False,1.5365672021087242,0.9047619047475436,-0.9262024547137854,0.9581471063448048,5.033842867554743,0.9879060873497998,True,0.7857142857142859,False,1,,,,0.4721372273477314,0.92
ARAMIS20,MCD,593866,MAPLE,0.1362470866918856,False,1.4895648436174531,0.9047619047475436,-0.5757613168612052,0.7277695508249903,2.6044845151247173,0.3086904001553791,True,0.9642857142857144,False,1,,,,0.4860960937022797,0.8604651162790697
ARAMIS20,MCD,593866,SHAP,0.4643115365842221,False,1.3800647243389952,0.9047619047475436,-0.967541665034944,0.971528259707677,2.339972068604559,0.9189846486868094,True,0.8928571428571429,False,1,,,,0.5647259324181535,0.9193548387096774
ARAMIS20,MCD,631817,LIME,0.5387704168730377,False,1.4042273474002005,0.9047619047475436,-0.4388282748964847,-0.3670862609765527,7.834543264542753,1.0433997083197557,True,0.2857142857142857,False,1,3.769090916000373,2506.968627624444,,0.5525073493043672,0.979591836734694
ARAMIS20,MCD,631817,MAPLE,0.1880046082412131,False,1.3738238178044078,0.9047619047475436,-0.5849960908649475,-0.2286610411848854,2.679815114731384,0.6337468105283498,True,0.5714285714285715,False,1,4.396003196371913,2720.9178061671964,,0.5508618247841868,0.9047619047619048
ARAMIS20,MCD,631817,SHAP,1.5562384937538984,False,1.4172280946701374,0.9047619047475436,-0.8042269564795131,0.2232208645779698,1.1051939735105751,5.111821353019655,True,0.3928571428571429,False,1,42.302171990327935,3625.308131094055,,0.5435505992148242,0.9827586206896552
ARAMIS20,MCD,631820,LIME,0.6235735648409569,False,1.4874498727782504,0.9999999998,-0.2971272490807291,-0.7839033957777309,7.764604567185307,1.4225693804898054,True,0.7142857142857144,False,1,9.849197330177995,8030.537063579734,,0.5133583065498601,1.0
ARAMIS20,MCD,631820,MAPLE,1.1785439819633547,False,1.4591821343147209,0.9999999998,-0.2559946039410278,-0.7479549632579454,4.73436366367484,2.4914929196710096,True,0.8214285714285715,False,1,21.474427724136028,391024.0290618957,,0.5226280006822464,1.0
ARAMIS20,MCD,631820,SHAP,2.549301931439574,False,1.771912404912641,0.9999999998,-0.0926988364589323,0.7566085558795101,5.919858308584956,7.094085357535132,True,0.5357142857142858,False,1,33.19287774774456,7493.920971577108,,0.3225231634817544,1.0
ARAMIS20,MCD,631822,LIME,0.6725136278277803,False,1.4310332061566011,0.9999999998,-0.1237412290690836,-0.4990244655975077,9.798819349003889,1.4160011201593907,True,0.2142857142857143,False,1,5.83780263495041,34466.9606295803,,0.5377861440186018,1.0
ARAMIS20,MCD,631822,MAPLE,0.752520285433688,False,1.434728500062419,0.9999999998,-0.2411215973947077,-0.2978744532368045,3.778365444370365,1.38732387256699,True,0.3571428571428572,False,1,7.480119246119057,6040.553300526898,,0.5256673069436688,1.0
ARAMIS20,MCD,631822,SHAP,3.0563518982603863,False,1.7507066004857954,0.9999999998,-0.4257691384637297,0.7050131771979726,5.39290106484372,9.72103395034664,True,0.6785714285714287,False,1,70.44634840040392,11941.441166301987,,0.3364330611357282,1.0
ARAMIS20,MCD,646702,LIME,1.241642253200687,False,1.6366546257507273,0.9999999998,-0.4040604832307919,-0.5020723895322461,9.808980249262572,2.444325429919489,True,-0.1428571428571428,False,1,0.4374460400882402,19659.784391707723,,0.3908294334714114,0.0
ARAMIS20,MCD,646702,MAPLE,2.5540527180199857,False,1.358905752094366,0.9999999998,0.6497676948891005,0.6992807590751048,7.677244581101752,6.094904657039098,True,0.5,False,1,0.3464358840522117,22323.74623479078,,0.5606344831595816,1.0
ARAMIS20,MCD,646702,SHAP,2.571017299360137,False,1.733180086089305,0.9999999998,-0.9551108141882072,-0.9452222155214094,3.915865384112832,8.193612030668408,True,-0.0357142857142857,False,1,0.892142251951755,10112.21477728881,,0.3287815506852607,1.0
ARAMIS20,MCD,647568,LIME,1.3611122748711066,False,1.171327985947007,0.9999999998,-0.2964019372544568,-0.3777046168040073,13.760307748737732,2.3206916183667734,True,0.9285714285714288,False,1,1049.5656316034758,7071965.498302886,,0.6456959101351843,0.0
ARAMIS20,MCD,647568,MAPLE,13.502858115175918,False,1.4797204737167886,0.9999999998,-0.7907682024174907,-0.0783966687614285,5.131212335975613,31.070805672675316,True,-0.2142857142857143,False,1,2468.014249889787,1125648288.5109313,,0.5017431639389222,1.0
ARAMIS20,MCD,647568,SHAP,2.0472068694718537,False,1.6660535064775637,0.9999999998,0.1047479656285359,-0.731482374683574,4.482549879712657,5.2700202405418,True,0.642857142857143,False,1,30.588407140336177,47287.566671812616,,0.3986299111699476,1.0
ARAMIS20,MCD,647733,LIME,0.4200836732070689,False,1.5143093140351058,0.9999999998,-0.2791764905275632,-0.0040072050965258,5.209780469257091,1.4045605342324945,True,-0.1071428571428571,False,1,4.976292486355314,2443.5043959180844,,0.4870327694993861,0.0
ARAMIS20,MCD,647733,MAPLE,0.2131751507114619,False,1.382333875619798,0.9999999998,0.5300343485188818,0.7976636921887567,2.8516279842645598,0.6763904681764796,True,0.8571428571428573,False,1,2.0523282144403554,1699.4867173535945,,0.5554756465436154,1.0
ARAMIS20,MCD,647733,SHAP,1.384140937168583,False,1.3745724871536211,0.9999999998,-0.6305061240320661,-0.5557732640052586,10.198645978939968,4.622879854308556,True,0.8214285714285715,False,1,8.012619409192348,36487.26978855744,,0.5527739248957966,1.0
ARAMIS20,MCD,647859,LIME,0.4682554812230913,False,1.614866251519823,0.9999999998,-0.440073167222468,-0.5402752508965637,5.7751100213668165,1.3699506812682425,True,-0.1785714285714286,False,1,0.542570651923355,1203.6902091772758,,0.4356833525371525,1.0
ARAMIS20,MCD,647859,MAPLE,0.2590224552549811,False,1.3333596050614267,0.9999999998,-0.5381320064634946,-0.6391178709246338,2.912244773659121,0.5660308918878569,True,0.0714285714285714,False,1,4.345607478951583,12350.337813512897,,0.5725903344265911,1.0
ARAMIS20,MCD,647859,SHAP,0.9267502514354076,False,1.6520964941288632,0.9999999998,-0.9409639334125036,-0.9039480817193384,11.274873101915416,2.4946551702709066,True,0.8928571428571429,False,1,1.398430637632253,3089.8813635541164,,0.4134580948282332,0.0
ARAMIS20,VAE,11917,LIME,1.0482292309509,False,1.6725724863437297,0.9206349206203074,0.5396774658763699,-0.7253292260906532,8.587409301557303,2.1819464612104897,False,0.5357142857142858,False,0,14.27801404992929,16123.839804694257,,0.3868358744675482,0.9
ARAMIS20,VAE,11917,MAPLE,2.9187019848786155,False,1.6194288042654263,0.9206349206203074,0.4588002037252099,-0.3984190089808055,2.856512197001151,6.0871380409873685,False,0.4285714285714286,False,0,59.1782235997677,54108.09583634536,,0.4289892803268165,0.981132075471698
ARAMIS20,VAE,11917,SHAP,2.5234395113083923,False,1.781956051318163,0.9206349206203074,0.3436578565875799,0.3118006514269074,2.606736301148929,6.732068626979233,False,0.6071428571428572,False,0,9.793338038689454,493.26560697025786,,0.3130532702870683,0.9827586206896552
ARAMIS20,VAE,11918,LIME,1.0859963928405876,False,1.5474734977222258,0.9206349206203074,-0.1491335865396383,0.0001885321330434,10.267581756687994,1.978484888730574,False,0.0,False,0,,8053.718240208826,,0.4467761508179367,1.0
ARAMIS20,VAE,11918,MAPLE,1.10620141207541,False,1.1909310789844176,0.9206349206203074,0.766413624037295,-0.6796039731057839,2.313702136490375,2.455640968003736,False,0.25,False,0,213.15213018703645,,,0.6300964709004283,0.9814814814814816
ARAMIS20,VAE,11918,SHAP,3.0695823347074853,False,1.61115411551111,0.9206349206203074,-0.2872617728078122,0.4201340398971604,2.4419656036997037,7.719289770835773,False,0.7500000000000002,False,0,11.578889026058212,3589.7863739878803,,0.438187348355066,1.0
ARAMIS20,VAE,11919,LIME,0.8329317809043043,False,1.4989959847818357,0.9206349206203074,-0.0609391891413917,-0.1546608974978425,8.072372368090889,1.7972067173494932,False,-0.4285714285714286,False,0,305.3599237736845,214866.5180932295,,0.5028614570056742,1.0
ARAMIS20,VAE,11919,MAPLE,1.3693581745262773,False,1.3744412204438363,0.9206349206203074,0.1472075018991109,0.0664161357905678,3.8532832347391,4.8545039207099405,False,0.2142857142857143,False,0,20.969058883861912,8381.086876574771,,0.5667967536927068,0.981132075471698
ARAMIS20,VAE,11919,SHAP,3.8059506977783815,False,1.3917829460233044,0.9206349206203074,-0.0604154172699508,0.3000621496216926,2.1740807734227583,12.732793937046557,False,-0.0357142857142857,False,0,70.87337089045968,17422.712675964845,,0.5615977356751124,1.0
ARAMIS20,VAE,11923,LIME,2.0363609990436125,False,1.6647482049849185,0.9206349206203074,0.2857695875784499,0.0929126227226248,3.791878571392719,4.575276153818424,False,-0.3214285714285715,False,0,16.141481168677394,14288.68879442359,,0.4040532595480278,1.0
ARAMIS20,VAE,11923,MAPLE,0.8825185332722546,False,1.3318688041023976,0.9206349206203074,-0.4044517674194894,0.4243693454301098,3.246882418477762,2.085217685170317,False,0.5714285714285715,False,0,99.9967868878368,24547.36637259165,,0.566695898978951,0.9814814814814816
ARAMIS20,VAE,11923,SHAP,2.1820564633525814,False,1.5617551391716584,0.9206349206203074,-0.3637303899302642,0.4319923699653208,2.5243221926388726,5.731650700655949,False,-0.8928571428571429,False,0,54.446597691542976,41613.64246750459,,0.4771002357218809,1.0
ARAMIS20,VAE,11938,LIME,0.3972744914203596,False,1.551872477745957,0.9206349206203074,0.609315810204612,-0.5425988612151927,4.997784431016836,1.0247890736433214,False,0.1428571428571428,False,0,,,,0.4802156026669975,0.9629629629629628
ARAMIS20,VAE,11938,MAPLE,0.8883227996761686,False,1.671729820334788,0.9206349206203074,0.2636216268087569,0.5122947618698115,3.636226354889309,1.782428137491695,False,-0.7500000000000002,False,0,,,,0.4028108330398629,0.9814814814814816
ARAMIS20,VAE,11938,SHAP,2.601655762762184,False,1.6383981949431548,0.9206349206203074,0.4709219348054346,0.1003648210165492,1.963978539991428,6.340486029866123,False,-0.7142857142857144,False,0,,,,0.4194578400100859,1.0
ARAMIS20,VAE,18919,LIME,1.002628455703607,False,1.7454919884569824,0.9206349206203074,0.3404172355409097,-0.2396744574223697,7.593885520477347,1.925752112099077,False,-0.25,False,0,0.1497908419763137,6261.049562539186,,0.3247671996831632,0.9428571428571428
ARAMIS20,VAE,18919,MAPLE,0.8536867602632049,False,1.549976459922369,0.9206349206203074,0.0946230174539736,-0.2060888733581913,2.5700782928174752,2.2525967333652943,False,0.5714285714285715,False,0,0.225063581628941,5145.583005679605,,0.4419691081136949,0.9661016949152542
ARAMIS20,VAE,18919,SHAP,2.415353483215001,False,1.4263995810877466,0.9206349206203074,0.6742024198129842,-0.6017230147797359,2.434348972400193,7.057602643040791,False,0.4285714285714286,False,0,1.4874568412531617,34449.437595007475,,0.5225125864757468,1.0
ARAMIS20,VAE,18920,LIME,0.8546414103250382,False,1.74875671695234,0.9206349206203074,-0.148288459911263,0.3607251429308947,5.741550597434595,1.813322425087088,False,-0.1428571428571428,True,0,8.60613383875464,,,0.3346279727991201,0.9117647058823528
ARAMIS20,VAE,18920,MAPLE,1.7728596946678004,False,1.6422001411169684,0.9206349206203074,0.4283647089755925,-0.3101867521180838,3.1464468546664723,4.497074616373988,False,0.2142857142857143,False,0,66.58020715953718,15828.57616846874,,0.4050913738590105,0.9661016949152542
ARAMIS20,VAE,18920,SHAP,2.8273599678735293,False,1.7416506352146428,0.9206349206203074,-0.0801621246883683,0.2333082609279011,2.8109411961360893,7.404611192390005,False,-0.6071428571428572,False,0,32.72067589240231,17404.971151921483,,0.3165959833227149,1.0
ARAMIS20,VAE,18923,LIME,0.944575420157596,False,1.5995807562027498,0.9206349206203074,-0.3622695837390796,0.5476207040594959,6.441537779705404,2.1574888857310177,False,-0.1071428571428571,False,0,,,,0.444816890818496,0.9090909090909092
ARAMIS20,VAE,18923,MAPLE,0.8232336991606725,False,1.5597497023989324,0.9206349206203074,0.1006480574902962,0.1549844345142104,2.519423654936552,1.697358150247827,False,0.2142857142857143,False,0,,,,0.472373009625466,0.9655172413793104
ARAMIS20,VAE,18923,SHAP,1.3006398101172296,False,1.726131362813426,0.9206349206203074,0.3075234939730897,-0.4624466253316688,2.596943202490949,4.652913250739079,False,0.2857142857142857,False,0,16.233693983741222,,,0.3498989877373298,1.0
ARAMIS20,VAE,18958,LIME,1.122782975019782,False,1.6918401960633749,0.9206349206203074,-0.1438704851993491,-0.113674365998723,9.901244478856926,2.159597570231737,False,-0.4642857142857144,False,0,0.227524478143869,6122.773549413214,,0.3642065820255792,0.926829268292683
ARAMIS20,VAE,18958,MAPLE,1.0083903200803337,False,1.846565204148226,0.9206349206203074,0.630264691085106,-0.7143485509748428,3.636049855471114,2.70892148107022,False,-0.0357142857142857,False,0,0.2706271813612972,172.1528267738543,,0.2384769135189718,0.9666666666666668
ARAMIS20,VAE,18958,SHAP,0.7146596861904206,False,1.5014687477660968,0.9206349206203074,0.2023069412473401,-0.1249766749423048,2.390664738637215,2.2333589583688336,False,0.5,False,0,0.5047046254940768,4626.694448877911,,0.5069046682946937,0.9803921568627452
ARAMIS20,VAE,20951,LIME,1.0516296427690928,False,1.6728581337770103,0.9206349206203074,-0.170868750098218,0.0527693070941841,8.30842765471241,1.7718697391712277,False,0.25,False,0,12.500124325107969,,,0.3782763632514526,1.0
ARAMIS20,VAE,20951,MAPLE,0.9758965577378454,False,1.2112602322898516,0.9206349206203074,0.8678767908035168,-0.5471538384886802,2.2499941538489394,2.0501582407138588,False,0.3928571428571429,False,0,,16982.62062450277,,0.6203462268036489,0.9814814814814816
ARAMIS20,VAE,20951,SHAP,2.344839456340436,False,1.4472683714045107,0.9206349206203074,-0.4729557565545569,0.4866921309224425,2.559054518347264,6.494862660843987,False,0.3928571428571429,False,0,,,,0.5183454679910622,1.0
ARAMIS20,VAE,20990,LIME,0.3612594115433455,False,1.429459939769144,0.9206349206203074,0.6488652327431141,-0.837867743100199,4.739650675800714,0.9727228683063108,False,0.2142857142857143,False,1,,,,0.5414847348545541,0.967741935483871
ARAMIS20,VAE,20990,MAPLE,0.5344985013691594,False,1.4790018293010403,0.9206349206203074,0.919733607786812,-0.0413000290603642,3.077547194636536,0.8555305553816274,False,0.1428571428571428,False,0,,,,0.4957227360256584,0.9661016949152542
ARAMIS20,VAE,20990,SHAP,2.420804428222889,False,1.6610286918086672,0.9206349206203074,0.5252488951841381,0.093308686580306,1.918465465152644,4.481993236349079,False,-0.3214285714285715,False,1,,,,0.407495451717222,1.0
ARAMIS20,VAE,271817,LIME,0.5372480721087538,False,1.73132846516305,0.9206349206203074,0.0325129481911911,-0.153958183348564,5.9216645432909685,1.1541352546560235,False,-0.1785714285714286,False,0,,,,0.3552114237129822,0.8928571428571429
ARAMIS20,VAE,271817,MAPLE,0.1827949039763161,False,1.3644416143056368,0.9206349206203074,-0.0317833492273696,-0.1195329400547658,2.82876517261638,0.7451857923048026,False,0.8571428571428573,False,0,,,,0.5666506429564351,0.9285714285714286
ARAMIS20,VAE,271817,SHAP,1.015165660212046,False,1.78894143990811,0.9206349206203074,-0.8885599177671448,-0.7768749806076014,2.388969650917099,2.7918427841818736,False,-0.1785714285714286,False,0,,,,0.294772924191564,0.9482758620689656
ARAMIS20,VAE,272788,LIME,0.3573123990393996,False,1.2839873890772606,0.9206349206203074,0.1370250144551089,0.9400736356817038,4.195612125670498,1.0098966478547078,False,0.3928571428571429,False,0,,,,0.6037709090654508,0.9523809523809524
ARAMIS20,VAE,272788,MAPLE,0.3022435892694584,False,1.3363922270563235,0.9206349206203074,0.3378541977660504,0.4065482299453042,4.9282035961284425,1.029963028195745,False,0.8571428571428573,False,1,,,,0.5597312295268044,0.9642857142857144
ARAMIS20,VAE,272788,SHAP,1.867543595930216,False,1.4244715584472556,0.9206349206203074,-0.3730512228904493,0.2382589881964003,2.209578007980262,4.45314768572123,False,0.4642857142857144,False,1,,,,0.5447448826508677,1.0
ARAMIS20,VAE,307641,LIME,1.0512990736059986,False,1.6442013143195684,0.9206349206203074,0.7769797926144053,-0.0679932876607925,8.954182321754194,2.2360522315954925,False,-0.642857142857143,False,0,12.013552360298323,355.18783424789234,,0.4200700521177203,1.0
ARAMIS20,VAE,307641,MAPLE,0.490059538922739,False,1.408602475776261,0.9206349206203074,0.0676753413170657,0.548396482044505,4.044105695765015,1.6617229438855483,False,0.2857142857142857,False,1,6.22967811871547,,,0.5387125079780599,0.9636363636363636
ARAMIS20,VAE,307641,SHAP,4.0406731502632445,False,1.7756409093894074,0.9206349206203074,0.3443951983511686,0.3705167805227086,3.0591286899279173,11.000058177200817,False,0.0714285714285714,False,0,,429.54942137683287,,0.3090713154089528,1.0
ARAMIS20,VAE,308756,LIME,0.5785044479781697,False,1.5541443829987331,0.9206349206203074,0.2223599378159541,-0.3604581181408571,7.51457743968375,1.1920564781428191,False,0.2142857142857143,False,1,,,,0.4801261201040047,0.9285714285714286
ARAMIS20,VAE,308756,MAPLE,0.238726009574843,False,1.354417799743644,0.9206349206203074,0.8619645231942082,-0.5229573209171923,2.3002238397805628,0.6483160763364282,False,0.9642857142857144,False,1,,,,0.5731926170633083,0.9310344827586208
ARAMIS20,VAE,308756,SHAP,1.0745253324827009,False,1.5370328622056084,0.9206349206203074,0.0112531821353681,0.4191602608675812,2.289926051437776,2.9089791113742693,False,-0.2857142857142857,False,1,,,,0.4680239289570465,0.9824561403508772
ARAMIS20,VAE,309426,LIME,1.0328696555266736,False,1.5349682437808188,0.9206349206203074,-0.6276398295488533,-0.3385747960904823,3.7010883911779895,1.943023525959486,False,0.0,False,0,7.0120288456176185,4721.395581463919,,0.4832665031607399,0.9411764705882352
ARAMIS20,VAE,309426,MAPLE,2.4405845830482464,False,1.3735617600298755,0.9206349206203074,-0.2408515302971876,0.4845551735774528,5.397948466684194,5.144885420633464,False,0.1428571428571428,False,0,1929.71251341628,770078.591209343,,0.5549371730987553,0.9814814814814816
ARAMIS20,VAE,309426,SHAP,2.0348345322573915,False,1.7331351997654527,0.9206349206203074,-0.4941334342346589,0.6465101543049077,2.2666980287637024,4.56655052720153,False,0.2142857142857143,False,1,7.594383262789342,7489.862046690696,,0.355731570530664,1.0
ARAMIS20,VAE,309757,LIME,0.3706921263992329,False,1.5438097743807422,0.0634920634910556,0.5246476757272206,0.5070373576503283,3.26702339279799,0.8087633487534149,False,-0.2142857142857143,False,1,16.413048315303396,176.35588340988497,,0.4657721590930756,0.2
ARAMIS20,VAE,309757,MAPLE,0.2652241938171047,False,1.7459559108223668,0.0634920634910556,0.2557863947412251,0.3781189186628622,3.540537689065583,0.4705694286602493,False,0.4285714285714286,False,1,0.2581578523084912,6.189882750795814,,0.3465343502797025,1.0
ARAMIS20,VAE,309757,SHAP,0.2231737139702911,False,1.190929791875793,0.0634920634910556,0.8687067234707059,0.9181990659485152,2.40219759318151,0.6287427093427527,False,0.25,False,1,5.564445335736646,75.19373718268245,,0.6350417822759835,0.5
ARAMIS20,VAE,310719,LIME,0.5287253726787212,False,1.6704280742492952,0.9206349206203074,0.0304093095349048,0.2237257987055475,5.117285813277332,1.293051308521929,False,0.3571428571428572,False,0,,,,0.396194664274909,0.9090909090909092
ARAMIS20,VAE,310719,MAPLE,2.955781996631869,False,1.668026069759487,0.9206349206203074,0.5218058214425286,0.5536339133739484,5.612661185163467,5.711762000057505,False,0.7500000000000002,False,0,,,,0.3613495067915962,0.9661016949152542
ARAMIS20,VAE,310719,SHAP,2.7340623563367314,False,1.709482631377905,0.9206349206203074,0.1852622066100688,-0.0601550919057178,3.081549601162514,6.879660164986048,False,-0.4642857142857144,False,0,,,,0.3624689011883766,1.0
ARAMIS20,VAE,316611,LIME,0.5320592806448439,False,1.5545983892872182,0.9206349206203074,-0.6095850318995154,-0.7300665911127621,10.130297858179729,1.074389367717425,False,-0.5714285714285715,False,0,,,,0.4569273482781379,0.88
ARAMIS20,VAE,316611,MAPLE,1.4918748166113118,False,1.6042765351010635,0.9206349206203074,-0.0717768164931373,-0.1936471124640149,7.184911192809765,2.766465530892902,False,-0.25,False,0,,,,0.4453293308854217,0.9655172413793104
ARAMIS20,VAE,316611,SHAP,1.502438904952509,False,1.545358883202233,0.9206349206203074,-0.2412930540749288,-0.5494056348990835,2.182371964014985,3.36519524345284,False,-0.4285714285714286,False,0,,,,0.4729499811271124,1.0
ARAMIS20,VAE,318513,LIME,0.3805847723641611,False,1.5156100873036098,0.9206349206203074,0.3465621145732524,-0.7486001264203238,3.530163626310109,1.0521299987438175,False,0.3571428571428572,False,0,,,,0.4844663004043418,0.9411764705882352
ARAMIS20,VAE,318513,MAPLE,0.8814973768906224,False,1.5192582778800192,0.9206349206203074,0.9346338288735838,-0.7534783838576301,3.5135686981797734,1.3434975695157567,False,0.5,False,0,,,,0.4913695334429525,0.9655172413793104
ARAMIS20,VAE,318513,SHAP,1.7621132814898888,False,1.6822569631437765,0.9206349206203074,0.1563471625134773,-0.1425480616911914,2.018789930271088,3.61033108028874,False,0.6785714285714287,False,0,,,,0.3913573507721082,1.0
ARAMIS20,VAE,318558,LIME,0.5647969252520567,False,1.6864549210078446,0.0634920634910556,0.5224423915698276,0.531145702281919,6.202123702519267,1.2655567513923474,False,-0.4642857142857144,False,0,3.2667460222700133,470.5870204276847,,0.3699307902041278,0.1111111111111111
ARAMIS20,VAE,318558,MAPLE,0.299207519503798,False,1.7446489614996916,0.0634920634910556,-0.0869284370526185,0.0092900149442757,3.353612387078292,0.5754039620743393,False,0.5,False,1,0.3341405783231564,7.673482902331613,,0.3404633800593214,0.375
ARAMIS20,VAE,318558,SHAP,0.4406818441035075,False,1.5329339168642118,0.0634920634910556,0.825947057547969,0.7854414856945489,2.175918046571539,0.9223351386119628,False,0.0,False,1,2.035690917968358,17.31285962980116,,0.489423690801355,0.2222222222222222
ARAMIS20,VAE,340491,LIME,0.850739885754904,False,1.803733142833304,0.9206349206203074,-0.1164689875170531,0.3829461834172444,10.781048568092622,1.4123086223840458,False,-0.1428571428571428,False,0,,,,0.2788438778664852,0.8095238095238095
ARAMIS20,VAE,340491,MAPLE,0.3038031826407313,False,1.3983956993664912,0.9206349206203074,0.116688153525342,-0.258506054059923,2.0839632790000597,0.7200876998703746,False,0.5714285714285715,False,0,,,,0.5597763050183256,1.0
ARAMIS20,VAE,340491,SHAP,2.570711040159208,False,1.5674865371331217,0.9206349206203074,0.2386908075434778,0.1446961676905072,2.6528226241654345,5.50182870241452,False,0.5714285714285715,False,0,,,,0.4600140383480681,0.9827586206896552
ARAMIS20,VAE,340531,LIME,1.4613528797906203,False,1.8099866290638056,0.9206349206203074,0.0891092171850623,0.2146990552464041,8.708466073647955,2.5481718333297056,False,0.2142857142857143,False,0,12.4230551688718,4319.247110449007,,0.2881332584984244,0.94
ARAMIS20,VAE,340531,MAPLE,1.0013555951627848,False,1.5602373303370212,0.9206349206203074,0.1999937482167342,-0.7356132869458312,2.10089223188349,2.444892335664389,False,0.1785714285714286,False,0,15.522711354382167,2135.116098574897,,0.4713290759633304,0.9661016949152542
ARAMIS20,VAE,340531,SHAP,1.963262781271638,False,1.6517357057393942,0.9206349206203074,-0.5036910031907411,0.3070907679280177,2.457271136424167,6.016063084178354,False,0.0357142857142857,False,0,47.0521517261589,9736.379206549904,,0.3985913956574396,1.0
ARAMIS20,VAE,35906,LIME,0.7784771114153821,False,1.5558419179726874,0.0634920634910556,0.5109181320670044,0.3247781855278096,12.310918456207364,1.5255220784961752,False,0.3928571428571429,False,0,,,,0.4580859641312835,0.0
ARAMIS20,VAE,35906,MAPLE,1.1652156470379784,False,1.8743923357384489,0.0634920634910556,-0.7605377416019299,-0.8235313883143122,6.011787469750982,2.42944649989409,False,0.0,False,0,,,,0.2098782034171828,0.0175438596491228
ARAMIS20,VAE,35906,SHAP,0.6143887719672333,False,1.6021746750526786,0.0634920634910556,0.4243742801274214,0.4545477987912012,2.035107251538558,1.3296090695772744,False,0.3928571428571429,True,0,,,,0.4445383695218833,0.0
ARAMIS20,VAE,35911,LIME,1.3950997019774112,False,1.5222254817179532,0.9206349206203074,-0.3914200184541255,-0.6766317546301343,9.169540874426565,2.52836937798754,False,0.0357142857142857,False,0,109.4908809316768,42256.69808117541,,0.4774052517667827,0.92
ARAMIS20,VAE,35911,MAPLE,0.9694345901743175,False,1.6972669835206062,0.9206349206203074,-0.7431507423341204,-0.5049584747461328,8.11593943971098,1.833259536884041,False,-0.1428571428571428,False,0,,819.4962551311538,,0.3855379111229403,0.9666666666666668
ARAMIS20,VAE,35911,SHAP,0.7355522760936624,False,1.4972026355677834,0.9206349206203074,-0.3729197137713466,0.3022860502585348,2.585557902188692,1.8988279392102216,False,0.3214285714285715,False,0,70.12756536701325,,,0.5009595267778832,0.9642857142857144
ARAMIS20,VAE,35919,LIME,1.7952355259149773,False,1.7564003905977927,0.9206349206203074,-0.8407338178946044,0.6348705234269338,9.31529317889733,3.255923856565768,False,-0.6071428571428572,False,0,9.452330070922915,6178.204885855675,,0.3371689849174141,0.9487179487179488
ARAMIS20,VAE,35919,MAPLE,1.014557039176272,False,1.2660493712086167,0.9206349206203074,-0.7402034905691671,0.2746930805387944,5.21081248134619,1.835488859010396,False,0.4285714285714286,False,0,271.9839957917562,23329.766548485008,,0.6011512562907264,0.9787234042553192
ARAMIS20,VAE,35919,SHAP,0.9922383843937024,False,1.5686162256171834,0.9206349206203074,-0.7017946806178575,0.8491791654771381,2.7699712745705183,2.440089623926005,False,0.7857142857142859,False,0,10.960175875133146,8318.73105529304,,0.4495472406528611,0.9649122807017544
ARAMIS20,VAE,385204,LIME,0.9956800743057264,False,1.7119018798102554,0.9206349206203074,-0.6567621659090511,-0.3443255390472423,7.763787381808265,1.7819428904726011,False,0.1785714285714286,False,0,,,,0.3792768657936439,0.9534883720930232
ARAMIS20,VAE,385204,MAPLE,1.3207300433925493,False,1.401848688375888,0.9206349206203074,0.1544758360254843,-0.2684225968447312,2.0610639444535064,2.7874100560495205,False,0.0357142857142857,False,0,,,,0.5480061315009794,0.981132075471698
ARAMIS20,VAE,385204,SHAP,1.9867911092148072,False,1.6221527960430369,0.9206349206203074,-0.422287992105866,-0.5724721645607261,2.6555051515818646,5.630642139677416,False,0.5357142857142858,False,0,,,,0.435782460582381,0.9824561403508772
ARAMIS20,VAE,385224,LIME,0.7641898385723996,False,1.7965057590306188,0.9206349206203074,0.3602840131730121,-0.0301913151966107,11.84953605047929,1.4033289515522729,False,0.1428571428571428,False,0,,,,0.305431004500804,0.9285714285714286
ARAMIS20,VAE,385224,MAPLE,0.3084786593176628,False,1.4718422720584974,0.9206349206203074,-0.2753104005230902,0.0741612986539729,1.8510621284250204,0.7425385429876167,False,0.1785714285714286,False,0,,,,0.516822699575591,0.9661016949152542
ARAMIS20,VAE,385224,SHAP,2.398968563089848,False,1.5942229098593177,0.9206349206203074,0.3259418298008396,-0.0539168070558513,3.298933922890928,5.012323390143092,False,-0.1071428571428571,False,0,,,,0.4125397990448482,0.9830508474576272
ARAMIS20,VAE,385353,LIME,1.146994203456546,False,1.560839146160084,0.9206349206203074,0.4796648965637548,0.53995768988062,11.141740742228825,1.9984690085094867,False,-0.25,False,0,162.0228885146615,948.7863501888994,,0.4326066295461599,0.9473684210526316
ARAMIS20,VAE,385353,MAPLE,2.051793993422152,False,1.5191779015261366,0.9206349206203074,0.1750065089477097,0.4915662583062142,3.927310765149754,2.9355724059358432,False,0.5714285714285715,False,0,78.01656016337742,487.9870511351965,,0.4901684414767199,0.981132075471698
ARAMIS20,VAE,385353,SHAP,5.587290763260321,False,1.55592167911225,0.9206349206203074,-0.1267786195471448,-0.4261581253746072,2.133559304628516,14.631342025651367,False,0.7142857142857144,False,0,81.85865149098763,264.74249384302425,,0.4602564850554579,1.0
ARAMIS20,VAE,385508,LIME,0.6920016267996985,False,1.7380992957905563,0.9206349206203074,0.7084045459383429,0.2504634241600783,9.487216590566538,1.3767518346154932,False,0.4642857142857144,False,0,0.1787687525331467,36.76426579049415,,0.3474093146935025,1.0
ARAMIS20,VAE,385508,MAPLE,1.614724712711724,False,1.791046476743058,0.9206349206203074,0.5206960861711363,0.3033014375088097,3.639854441601157,2.982252043194559,False,0.5,False,0,0.2887712346256949,45.186175769510754,,0.2929381855926564,0.9661016949152542
ARAMIS20,VAE,385508,SHAP,3.5505924212048443,False,1.787984005269596,0.9206349206203074,0.6406100871188231,0.5076073455675614,3.608720064441685,7.541105430559381,False,0.0,False,0,2.4128299438115697,183.93011204717823,,0.2715648031152862,1.0
ARAMIS20,VAE,385527,LIME,2.076670603420925,False,1.6776835665174936,0.9206349206203074,-0.4019793494988078,-0.2453596569095373,12.62265330024936,3.102983903320586,False,0.1428571428571428,False,0,5.909902869821365,23.64759489814517,,0.3949902131650945,0.967741935483871
ARAMIS20,VAE,385527,MAPLE,5.404408703295879,False,1.6653277441007492,0.9206349206203074,-0.3408372368256123,-0.6337193804569144,3.940677282558914,7.6214853725584994,False,-0.7500000000000002,False,0,33.80528129239419,198.39508306175617,,0.411731943508137,0.9814814814814816
ARAMIS20,VAE,385527,SHAP,8.398555590917727,False,1.6790300597064691,0.9206349206203074,-0.3224051240986361,-0.5137866285219901,3.054213145177028,19.81692276296681,False,0.3214285714285715,False,0,87.76355375809517,224.7340914094852,,0.3879796185335943,1.0
ARAMIS20,VAE,385564,LIME,0.7972580935167142,False,1.790203368430292,0.9206349206203074,0.6672959279008432,0.1374632485695116,12.83166844596216,1.425526755122652,False,0.3214285714285715,False,0,0.103328002113061,35.29711283532814,,0.2929894337743217,0.9722222222222222
ARAMIS20,VAE,385564,MAPLE,2.3164141329155394,False,1.563615419137241,0.9206349206203074,-0.358153130803303,-0.5313207732702351,4.1273375045668725,3.6768578203973536,False,-0.2857142857142857,False,0,1.523983411852494,627.180953596495,,0.4662318553585067,0.9636363636363636
ARAMIS20,VAE,385564,SHAP,3.2015963932352403,False,1.834905521972669,0.9206349206203074,0.626889904215388,0.4236064045327794,3.124362221732769,10.245189095888454,False,-0.2857142857142857,False,0,0.6058611295233121,108.79955683080289,,0.215169903617076,1.0
ARAMIS20,VAE,386255,LIME,0.6524946829097769,False,1.645480856764339,0.9206349206203074,-0.8387852985658278,-0.8041845867343014,7.442836300440993,1.1266836293588165,False,-0.5714285714285715,False,0,,,,0.4163914027493198,0.9032258064516128
ARAMIS20,VAE,386255,MAPLE,1.5247749370685937,False,1.749011823362216,0.9206349206203074,0.2412269345762148,0.0344027858215139,4.035843584643813,2.963809925732288,False,-0.7142857142857144,False,0,,,,0.3472477487326579,0.9655172413793104
ARAMIS20,VAE,386255,SHAP,1.2347596215500978,False,1.7313807196440432,0.9206349206203074,-0.2838299034656521,-0.4240394971268765,1.7272214026088686,2.8068624259239616,False,0.1428571428571428,False,0,,,,0.350137832157914,1.0
ARAMIS20,VAE,392256,LIME,0.2266562829094354,False,1.5092377819848894,0.9206349206203074,0.5501302172692765,0.1874320733867491,3.476378510569484,0.9536041986497312,False,-0.3571428571428572,False,0,,,,0.5026503534199294,0.9487179487179488
ARAMIS20,VAE,392256,MAPLE,0.8309852916815893,False,1.5239126229377011,0.9206349206203074,0.4957229507455357,-0.2267179798166896,3.264634507644724,1.2821322156517103,False,-0.5,False,0,,,,0.4857370938403205,0.9661016949152542
ARAMIS20,VAE,392256,SHAP,1.315561396452022,False,1.569925293698199,0.9206349206203074,-0.317764029081895,-0.4119573177609829,1.731315383028898,4.4185986844348255,False,-0.0714285714285714,False,0,,,,0.452882244861189,0.981132075471698
ARAMIS20,VAE,429198,LIME,0.2538382302580798,False,1.4229526500936398,0.9206349206203074,0.0582247909831573,0.893759767586819,3.0401842262676166,1.0253005746090402,False,0.5357142857142858,False,1,,,,0.5469202314245349,0.9722222222222222
ARAMIS20,VAE,429198,MAPLE,0.5340369675191863,False,1.438756199113167,0.9206349206203074,0.4872052653139193,0.5399606464182587,3.264695329471768,1.099914445393534,False,0.2142857142857143,False,1,,,,0.5201647033741733,0.9666666666666668
ARAMIS20,VAE,429198,SHAP,1.7249282184926051,False,1.5605544432588934,0.9206349206203074,-0.6280724531643803,0.1741327709836017,2.02642313970754,3.9065009019489767,False,0.0714285714285714,False,0,,,,0.4729701215799677,1.0
ARAMIS20,VAE,429724,LIME,0.744311336413773,False,1.343206815477164,0.9206349206203074,-0.5489674899167467,-0.4907144075911965,9.211169449254552,1.5439479969550396,False,-0.1428571428571428,False,0,4.27403860534168,3444.400042338784,,0.5784858497108242,0.9166666666666666
ARAMIS20,VAE,429724,MAPLE,0.5400211622230501,False,1.5679139885061104,0.9206349206203074,0.5046444683566339,0.7884351164331689,3.3463896657754937,1.057435381215656,False,0.642857142857143,False,0,3.221180714156098,2665.6935619822525,,0.4646420527407384,0.9333333333333332
ARAMIS20,VAE,429724,SHAP,1.1833389485756785,False,1.7192411696526997,0.9206349206203074,-0.6903938586845039,-0.2573137116876706,2.174536824191745,3.391198298858872,False,0.2857142857142857,False,0,11.120721131145109,10676.006435365824,,0.3579142188863061,0.9824561403508772
ARAMIS20,VAE,432034,LIME,0.509712580650413,False,1.7531301942737822,0.9206349206203074,0.7990952731284351,0.5454645900752239,8.404794951689146,1.1667848939072634,False,0.0714285714285714,False,0,,,,0.3219440361218567,0.9545454545454546
ARAMIS20,VAE,432034,MAPLE,0.5234734764308443,False,1.2913696412134796,0.9206349206203074,0.5134893185091138,0.8837015573829101,5.914249980468378,1.1179502079613557,False,0.3214285714285715,False,0,,,,0.571947130833411,1.0
ARAMIS20,VAE,432034,SHAP,2.1112967043996465,False,1.7561954418495551,0.9206349206203074,0.3735666599246761,-0.2035523884797669,2.894984467859611,5.832973452211729,False,-0.2857142857142857,False,0,,,,0.3125739134159355,0.9830508474576272
ARAMIS20,VAE,434986,LIME,0.5514504282432918,False,1.729764747292594,0.9206349206203074,0.2560794087471573,0.0021628514723696,9.32109831486994,1.2553042022188852,False,-0.1428571428571428,False,0,,,,0.361562465313668,0.9565217391304348
ARAMIS20,VAE,434986,MAPLE,1.316191139039766,False,1.5978079437723904,0.9206349206203074,0.7294006241147283,0.5365665734066923,3.4429764035686623,3.3128051541681627,False,0.5357142857142858,False,0,,,,0.4425880475916646,0.9814814814814816
ARAMIS20,VAE,434986,SHAP,2.156328083301382,False,1.5919918545247471,0.9206349206203074,-0.2583396748929212,-0.5894780416295446,3.680660384179807,6.666921148868608,False,-0.1071428571428571,False,0,,,,0.4574474072074503,1.0
ARAMIS20,VAE,435209,LIME,0.4070606742181381,False,1.488521790115708,0.9206349206203074,0.1025259326618301,-0.1009211318034496,8.272345749026066,1.1882868046358366,False,0.0714285714285714,False,1,,,,0.5039777266184287,0.9047619047619048
ARAMIS20,VAE,435209,MAPLE,0.2564860263360254,False,1.3636392148807766,0.9206349206203074,0.8875976137766444,-0.7363909871399529,3.962458250750476,0.725898198904629,False,0.8928571428571429,False,0,,,,0.5699678580663958,0.935483870967742
ARAMIS20,VAE,435209,SHAP,1.275117744955506,False,1.4484449848785586,0.9206349206203074,-0.1653441340194055,0.3065483089623744,2.501941840892393,3.0798344452549884,False,-0.2142857142857143,False,0,,,,0.5227478999555035,0.9821428571428572
ARAMIS20,VAE,438253,LIME,0.6128746373214089,False,1.4909190806443493,0.9206349206203074,0.4564003657457423,-0.4819495829054419,11.153193280982403,1.079924433406931,False,-0.1071428571428571,False,1,,,,0.5078449037524033,0.9473684210526316
ARAMIS20,VAE,438253,MAPLE,0.1954917003445482,False,1.414035106706354,0.9206349206203074,0.6751510865068294,0.0849421048943982,2.7686071475280305,0.6643360877275356,False,0.5714285714285715,False,1,,,,0.537558450523564,0.8888888888888888
ARAMIS20,VAE,438253,SHAP,0.8296095355462221,False,1.5073109618970515,0.9206349206203074,0.3141436393568169,0.5581232033690826,2.466280793699627,2.016275082673572,False,-0.1785714285714286,False,1,,,,0.4991590375092225,0.9666666666666668
ARAMIS20,VAE,446138,LIME,0.8494622199327897,False,1.5981858516072776,0.9206349206203074,0.4033981926377545,0.1714907918423487,8.000118217083077,1.6067860304970618,False,-0.1428571428571428,False,0,18.09467136668216,279.85134382536245,,0.4399213116712916,1.0
ARAMIS20,VAE,446138,MAPLE,5.534913777847244,False,1.5412972897088593,0.9206349206203074,-0.8066347594142079,-0.8949518496604791,3.539174140339389,16.215867797537598,False,0.5357142857142858,False,0,20.2032040557155,298.1757278738329,,0.4633871083550968,0.979591836734694
ARAMIS20,VAE,446138,SHAP,3.7850171627853246,False,1.7788214289279771,0.9206349206203074,0.0772042943525898,-0.1208112443798354,3.7763375629198337,9.762233754110564,False,-0.3928571428571429,False,0,19.22826046321335,339.74198021089217,,0.3034499192219532,1.0
ARAMIS20,VAE,446166,LIME,1.2151023877429226,False,1.7743127693665837,0.9206349206203074,-0.3359124354184521,-0.3488602444088388,6.9861933015696245,2.2517338662016124,False,-0.8928571428571429,False,0,,,,0.322624542638444,0.935483870967742
ARAMIS20,VAE,446166,MAPLE,0.6407359433826307,False,1.3879049104889036,0.9206349206203074,0.0462461688234483,0.3741479938441497,2.702381414743134,1.744801004173638,False,0.4285714285714286,False,0,,,,0.5441691827437376,0.9814814814814816
ARAMIS20,VAE,446166,SHAP,1.6801413280819189,False,1.4925334103105314,0.9206349206203074,-0.8377112559280121,-0.6467180891847388,3.044791435334578,4.3084154166374455,False,-0.2142857142857143,False,0,,,,0.5052238856311644,0.9830508474576272
ARAMIS20,VAE,446267,LIME,1.9856191001213397,False,1.7372364042450477,0.9206349206203074,-0.4493406530654728,-0.2619872820507292,13.655293213195275,2.9095178188165045,False,0.1071428571428571,False,0,8.504869255885087,32.40010502777934,,0.3588380596657311,0.9285714285714286
ARAMIS20,VAE,446267,MAPLE,4.200470559908313,False,1.8603062120497265,0.9206349206203074,0.0612490205599164,-0.4932872813120765,4.387342389459144,6.651355910254367,False,-0.0714285714285714,False,0,24.385280877831125,211.44681462612425,,0.2262549677218557,0.9821428571428572
ARAMIS20,VAE,446267,SHAP,5.960175407137159,False,1.7885756448291237,0.9206349206203074,-0.1918005512561462,-0.4138800065488227,2.5141638913246256,19.744466729957846,False,0.1428571428571428,False,0,31.93281394768593,73.90996497947299,,0.3099073722770766,1.0
ARAMIS20,VAE,446395,LIME,0.9466265414827874,False,1.4936743331547344,0.9206349206203074,-0.274439522935758,-0.1806327565557811,6.545462407892721,1.8169482563494128,False,-0.6071428571428572,False,0,13.78711428120324,247.7022279677058,,0.5035953683310567,0.9166666666666666
ARAMIS20,VAE,446395,MAPLE,7.247137413236598,False,1.7617026817263954,0.9206349206203074,-0.4035760129955826,-0.5821910639913812,4.909391402292535,15.12086399110624,False,0.642857142857143,False,0,67.82335472034973,890.4473407489331,,0.3357244493146283,0.9807692307692308
ARAMIS20,VAE,446395,SHAP,4.430789376083989,False,1.62890640651532,0.9206349206203074,-0.7679673147999116,-0.4026173285721764,1.7796915168898626,10.733042940649687,False,0.3571428571428572,False,0,21.88921957738096,174.07196358245372,,0.4347719241657733,1.0
ARAMIS20,VAE,446396,LIME,1.077190700478826,False,1.7500683234648071,0.9206349206203074,-0.679935355116365,-0.3454991768249986,12.255191543001231,1.8970503565322523,False,0.0714285714285714,False,0,8.461436328297598,208.58590964962792,,0.3095239774734862,0.951219512195122
ARAMIS20,VAE,446396,MAPLE,5.058129580321364,False,1.6083112169555207,0.9206349206203074,-0.4276029133787118,0.1015601655703021,3.55633934850653,9.612112523949682,False,0.0357142857142857,False,0,78.35225058230279,1163.3012920782464,,0.4375158058645419,0.981132075471698
ARAMIS20,VAE,446396,SHAP,4.833695937760374,False,1.7513067492903254,0.9206349206203074,-0.5424971006695359,-0.3513331784394613,3.304606525963694,12.796492812645193,False,-0.1071428571428571,False,0,34.410221740748625,230.7690303965082,,0.3362434200412437,1.0
ARAMIS20,VAE,447150,LIME,0.5648800894797805,False,1.747518765929394,0.9206349206203074,0.0810399420308652,0.132235330815845,6.6417637927065,1.0760855909479925,False,-0.1428571428571428,False,1,,,,0.3278559835433574,0.9090909090909092
ARAMIS20,VAE,447150,MAPLE,0.2011821721297211,False,1.4419038274555864,0.9206349206203074,0.0673420169793943,0.2900385843684082,2.615798125714992,0.5960642049798256,False,0.7500000000000002,False,1,,,,0.5203000928940716,0.925925925925926
ARAMIS20,VAE,447150,SHAP,0.6736572441017528,False,1.4018149286537258,0.9206349206203074,-0.5996030380335701,0.8003619254516106,2.2472966477403404,1.6234624901329755,False,-0.1428571428571428,False,1,,,,0.5406788963860715,0.9344262295081968
ARAMIS20,VAE,447164,LIME,0.3787399984054727,False,1.4789552303558668,0.9206349206203074,0.409469115512662,-0.4762045194315388,4.3467048572889615,1.115198900371366,False,0.0714285714285714,False,1,,,,0.5149651423318218,0.9714285714285714
ARAMIS20,VAE,447164,MAPLE,0.4737911840645515,False,1.4903665034308828,0.9206349206203074,0.7711268621940527,0.3982191664445111,2.791839706380896,0.8049675161375611,False,-0.1785714285714286,False,0,,,,0.4879472089634311,0.9661016949152542
ARAMIS20,VAE,447164,SHAP,2.351968971031644,False,1.3779738455040098,0.9206349206203074,-0.333934901803287,0.1867817563010202,2.092277135190763,6.022648976248211,False,0.0357142857142857,False,0,,,,0.5580531772813911,1.0
ARAMIS20,VAE,447193,LIME,0.5673204155830607,False,1.7339542986536547,0.0634920634910556,0.5686515280051647,0.5288122802557165,7.512227108178378,1.229958062193773,False,-0.5357142857142858,False,1,0.4823858492299097,167.57750948845262,,0.3484043045367013,0.1578947368421052
ARAMIS20,VAE,447193,MAPLE,0.21439019279181,False,1.4300228965893935,0.0634920634910556,0.2987293576133345,0.4011639501044324,2.4630310150544235,0.5590957104755183,False,0.3571428571428572,False,1,1.147715883427758,166.66207317626896,,0.5337752336615057,0.088235294117647
ARAMIS20,VAE,447193,SHAP,0.4517324385991784,False,1.3456383192258583,0.0634920634910556,0.8314387025529176,0.7614567479000752,2.2417309462529853,0.9079282586776884,False,0.1428571428571428,True,1,6.256736656623845,754.0406730684923,,0.5750696173733415,0.0
ARAMIS20,VAE,447197,LIME,0.3974418567884038,False,1.5144424554251763,0.0634920634910556,0.270467324058424,0.3696091003570704,3.967190345268975,1.2576763186650004,False,0.1428571428571428,False,1,8.151126625084242,19.09968974777621,,0.4970431237298259,0.1578947368421052
ARAMIS20,VAE,447197,MAPLE,0.2316008748667219,False,1.7121922446633957,0.0634920634910556,0.6444754896149313,0.6135360324225203,2.1923875402027053,0.5296142608373763,False,0.2857142857142857,False,1,0.4721597317801844,2.181174783594487,,0.3649353694858631,0.375
ARAMIS20,VAE,447197,SHAP,0.3013153145375976,False,1.0539291019697763,0.0634920634910556,0.8508878074261245,0.885374011467356,1.981619024764497,0.7298219113169396,False,0.2142857142857143,False,1,41.17727664187584,78.98728499153006,,0.6850715371635137,0.2
ARAMIS20,VAE,44855,LIME,0.3105307618246303,False,1.4340378844853376,0.9206349206203074,0.4845299540435756,-0.6392429366392731,4.491412168945872,1.0215806799296825,False,0.3214285714285715,False,0,,,,0.5261240842958587,0.95
ARAMIS20,VAE,44855,MAPLE,1.2908916145019855,False,1.7363940929136537,0.9206349206203074,-0.1894338697229231,0.4092240608682006,5.147962395921758,2.1550147164737155,False,-0.5357142857142858,False,0,,,,0.3452671147073683,0.9814814814814816
ARAMIS20,VAE,44855,SHAP,2.3861937108840787,False,1.4158229049465911,0.9206349206203074,0.7174546373490424,0.1526170519406382,2.362775611866956,6.506711060937877,False,-0.1071428571428571,False,1,,,,0.5481038361877788,1.0
ARAMIS20,VAE,45782,LIME,0.4057489602453258,False,1.409546127874964,0.9206349206203074,0.0475791763528696,-0.5055056309954531,3.681565014285443,1.0272964332169712,False,0.4642857142857144,False,0,,,,0.5471012502391784,0.9722222222222222
ARAMIS20,VAE,45782,MAPLE,1.1364945746566004,False,1.8717465353338776,0.9206349206203074,0.1899085707527137,-0.0208180038706091,4.358617801752477,2.661549817157721,False,0.642857142857143,False,0,,,,0.2134524570569348,0.9655172413793104
ARAMIS20,VAE,45782,SHAP,1.816444082700811,False,1.6887469156797328,0.9206349206203074,0.0330233819583756,-0.4430078409523766,1.990979131434904,3.368784453693052,False,0.5357142857142858,False,0,,,,0.3874752696210174,0.9827586206896552
ARAMIS20,VAE,45816,LIME,0.8664438245001168,False,1.7979923453455078,0.9206349206203074,0.0006751418283331,-0.1373864737922711,10.286509658388637,1.357998032832887,False,-0.1071428571428571,False,0,,,,0.3020256514912905,0.9
ARAMIS20,VAE,45816,MAPLE,0.4143607311046243,False,1.328146075407527,0.9206349206203074,0.9329787304839444,-0.8686976750017101,3.122816192645814,1.0810607694189027,False,0.5357142857142858,False,0,,,,0.583883847327959,0.9807692307692308
ARAMIS20,VAE,45816,SHAP,1.154830089556674,False,1.3666216466872634,0.9206349206203074,-0.4039673686359418,0.3257689694710046,3.1266487576966253,3.31578136075997,False,-0.8214285714285715,False,0,,,,0.5477062489124215,0.9824561403508772
ARAMIS20,VAE,513442,LIME,1.5333560288852346,False,1.816683238817982,0.9206349206203074,-0.0400202981610565,0.0834375816418691,10.272034090113872,2.523827981110064,False,-0.1071428571428571,False,0,4.242363424069008,22.78243239782884,,0.2761483119152323,0.925925925925926
ARAMIS20,VAE,513442,MAPLE,1.0970152596564209,False,1.7053954719056548,0.9206349206203074,-0.3676988397179339,-0.4263120916706582,8.7565293493434,1.608537460709732,False,0.5,False,0,3.5434972975814647,31.42110177344025,,0.3761015223780591,1.0
ARAMIS20,VAE,513442,SHAP,7.056630962627204,False,1.640838036368922,0.9206349206203074,-0.657444615481983,-0.7045847345998238,3.0941137731230817,17.813191396224752,False,0.0357142857142857,False,0,139.58765925431948,313.7533006536349,,0.423061887940844,1.0
ARAMIS20,VAE,513454,LIME,1.121469020518717,False,1.7627559428275352,0.9206349206203074,-0.6918500538650536,-0.0336169018397762,11.335490609091496,1.9393045564496048,False,0.4642857142857144,False,0,9.732858564386612,113.45184961309032,,0.3214484118037902,0.9565217391304348
ARAMIS20,VAE,513454,MAPLE,4.335890801611018,False,1.4306451707093828,0.9206349206203074,-0.4024122631807911,-0.1468048011179705,5.074605322648854,8.4158157751038,False,0.0714285714285714,True,0,211.1433319542599,1821.8377265645715,,0.5419144837325262,0.9807692307692308
ARAMIS20,VAE,513454,SHAP,5.855521269172717,False,1.841244708535977,0.9206349206203074,-0.3016489520919921,-0.4135669539144845,2.2051620016324804,16.07369703962134,False,0.5714285714285715,False,0,30.12460377339488,269.3258155767855,,0.2454195575443593,1.0
ARAMIS20,VAE,513587,LIME,1.5904356803065929,False,1.798157281637811,0.9206349206203074,-0.2881395420021466,-0.2088483091391113,11.619971136952469,2.5655024567505818,False,0.0714285714285714,False,0,0.0060085895356725,69.86329198944959,,0.2823667124946039,0.9
ARAMIS20,VAE,513587,MAPLE,1.3894835852403216,False,1.4234236540415632,0.9206349206203074,-0.2338815018506982,-0.3984335119479929,5.409922465198944,2.1765287201334598,False,0.7500000000000002,False,0,0.0113622651897874,81.37820685408623,,0.5345978945894755,0.9772727272727272
ARAMIS20,VAE,513587,SHAP,6.175771480413672,False,1.7164717017959812,0.9206349206203074,-0.6720039435541451,-0.7203166339163384,2.719560012190225,18.011517383103264,False,0.3571428571428572,False,0,0.0283761513871613,114.6083105605823,,0.3655244516765943,1.0
ARAMIS20,VAE,513775,LIME,0.7607037597562948,False,1.7575116560061723,0.9206349206203074,0.3955039027464833,0.1170982193411871,9.638902301379876,1.260678858373555,False,0.2142857142857143,False,0,3.0932501980013885,34.225471222954646,,0.3361486881274328,1.0
ARAMIS20,VAE,513775,MAPLE,1.7869281497892888,False,1.5937730349086812,0.9206349206203074,0.7291598082464602,0.8071361558769535,2.175457056809919,3.9191012815912023,False,0.3571428571428572,False,0,10.25392298713266,72.50988134129261,,0.4457324783794917,0.9814814814814816
ARAMIS20,VAE,513775,SHAP,3.395884490783166,False,1.4899514452823832,0.9206349206203074,0.2014173751071309,0.1686190523292566,3.603490035796376,8.612306093537146,False,0.25,False,0,56.86043647841112,386.2836741022303,,0.4793206589860576,1.0
ARAMIS20,VAE,513792,LIME,1.3926221768800215,False,1.6468699221541712,0.9206349206203074,-0.2711482965233657,-0.4447089811296789,6.882586280364489,2.6967003558528733,False,0.8214285714285715,False,0,19.42984872514244,753.6268342750449,,0.4118217053238783,0.945945945945946
ARAMIS20,VAE,513792,MAPLE,2.4506128892304946,False,1.489678890078178,0.9206349206203074,-0.7744270939558973,-0.2293661518095815,3.084356735928959,6.843507000729978,False,0.1071428571428571,False,0,780.0264705989592,9510.718964844244,,0.4753382923479226,0.9814814814814816
ARAMIS20,VAE,513792,SHAP,3.234019950727174,False,1.650258791931546,0.9206349206203074,-0.7031611925699675,-0.2808333777731694,2.1995601710782355,7.881361788777143,False,0.25,False,0,20.53269444058442,1074.53514421961,,0.4214555320213646,1.0
ARAMIS20,VAE,513839,LIME,1.1793697127866811,False,1.7208027377266757,0.9206349206203074,-0.2031188891961819,-0.3547805514506578,7.624601438306191,2.0685027550843187,False,0.3571428571428572,False,0,8.138274656482903,189.46241969303097,,0.3373159987654616,0.951219512195122
ARAMIS20,VAE,513839,MAPLE,2.7467964550481248,False,1.5555681640255308,0.9206349206203074,-0.6959486310680966,-0.4846930161294461,3.101028236060814,6.376150308287741,False,0.1428571428571428,False,0,44.545658080907934,1794.9785326594197,,0.4631155427176813,0.9814814814814816
ARAMIS20,VAE,513839,SHAP,2.6281456478634544,False,1.5863494446402928,0.9206349206203074,-0.7743587821205579,-0.3745530674666574,2.431429893233008,6.498479160719563,False,0.0,False,0,66.756588851036,1035.9112910771614,,0.4574411283470649,1.0
ARAMIS20,VAE,590810,LIME,0.5721544536402476,False,1.319772044691859,0.9206349206203074,0.6876331102802078,-0.8145105961847033,5.196651323318673,1.3330026995310555,False,0.8214285714285715,False,1,,,,0.5937368358147486,0.9696969696969696
ARAMIS20,VAE,590810,MAPLE,0.2581830984853203,False,1.4553809351545004,0.9206349206203074,-0.1715383163782774,0.0551438443189775,3.535612598264386,0.6748093001254026,False,0.3571428571428572,False,1,,,,0.5094874779507316,0.9215686274509804
ARAMIS20,VAE,590810,SHAP,0.5508961708133825,False,1.315642960017765,0.9206349206203074,-0.554596930875177,0.5266730557727781,3.0197999873017185,1.2599413894374765,False,0.25,False,1,,,,0.5887628473325839,0.9545454545454546
ARAMIS20,VAE,591850,LIME,0.263206181163617,False,1.3951940700420626,0.9206349206203074,0.6874163798083601,0.761880632435575,3.557331072237772,1.0276099577456488,False,0.0357142857142857,False,0,,,,0.5607465402459946,0.9705882352941176
ARAMIS20,VAE,591850,MAPLE,0.720924242312419,False,1.4923393519546868,0.9206349206203074,0.6237232772655616,-0.2397212555062614,3.31138620696765,1.0921681700208326,False,-0.642857142857143,False,0,,,,0.4908648633617295,0.9661016949152542
ARAMIS20,VAE,591850,SHAP,2.906367652939481,False,1.7034869445712943,0.9206349206203074,0.0842476440748171,-0.2972086382609271,2.2490808553077577,7.405321199999155,False,-1.0,False,1,,,,0.3760038713934087,1.0
ARAMIS20,VAE,592874,LIME,0.4108382776659972,False,1.5798352890319938,0.9206349206203074,-0.2612828543514429,-0.3614710874116865,5.925194717150523,1.0123766199821267,False,-0.3214285714285715,False,0,,,,0.462484682874731,0.9117647058823528
ARAMIS20,VAE,592874,MAPLE,1.094250034284966,False,1.4830853883915065,0.9206349206203074,0.8888604035623054,0.5721115178147499,4.837729000363237,1.7773314832534894,False,0.2142857142857143,False,1,,,,0.4908500498686926,0.9803921568627452
ARAMIS20,VAE,592874,SHAP,1.5195247353478842,False,1.6414204482776495,0.9206349206203074,-0.167801237705596,-0.364256178233021,2.4240882762095755,4.1082758615992,False,0.0357142857142857,False,0,,,,0.3856423140356838,1.0
ARAMIS20,VAE,593815,LIME,0.299091729279192,False,1.4639849968154053,0.9206349206203074,0.7729279889998024,-0.579546186026645,3.559291811788364,0.9798993496099004,False,0.2142857142857143,False,0,,,,0.523877013014336,0.9487179487179488
ARAMIS20,VAE,593815,MAPLE,0.6904987845027571,False,1.4842913244412907,0.9206349206203074,0.7015479969080737,0.4109928438568261,4.415225115676779,1.0684908168018343,False,-0.5714285714285715,False,0,,,,0.4948292665240787,0.9661016949152542
ARAMIS20,VAE,593815,SHAP,2.706138432742738,False,1.4147245263413024,0.9206349206203074,0.232272761803966,0.1899942167851179,3.089913019871339,6.371198815645113,False,-0.3214285714285715,False,0,,,,0.5437439179204413,1.0
ARAMIS20,VAE,593866,LIME,0.520996012861713,False,1.4844044204556073,0.9206349206203074,0.2898170299717036,-0.392354852527643,6.307277608259237,1.1576687008949191,False,0.25,False,1,,,,0.4949030056967001,0.875
ARAMIS20,VAE,593866,MAPLE,0.2412778469169526,False,1.3594815580295794,0.9206349206203074,0.8305288706256305,-0.4522724383691505,3.033218944525333,0.6754684733804438,False,0.8571428571428573,False,0,,,,0.5688237608459166,0.935483870967742
ARAMIS20,VAE,593866,SHAP,1.0978070414252794,False,1.6072592238880947,0.9206349206203074,0.1047495503026972,0.3745919428477803,2.6234557030475263,2.552942829405636,False,-0.1428571428571428,False,1,,,,0.4425482172776965,0.95
ARAMIS20,VAE,631817,LIME,0.5392121572401583,False,1.2003928723706605,0.9206349206203074,-0.5111227314253426,0.3025837223965507,6.050141487845959,1.2170369648275878,False,0.0714285714285714,False,0,10.428559540521842,,,0.6271693027231734,0.9565217391304348
ARAMIS20,VAE,631817,MAPLE,0.8986515235770962,False,1.8376027954531104,0.9206349206203074,0.59833261566603,-0.6802454157675828,3.5455152356914903,2.47472956917383,False,-0.2142857142857143,False,0,,18062.42701061731,,0.2596673437327882,0.9655172413793104
ARAMIS20,VAE,631817,SHAP,0.7971686484580681,False,1.4862546327596715,0.9206349206203074,-0.1803322785573905,-0.0762545049734627,2.674795652896048,1.6985887601855836,False,-0.3214285714285715,False,0,,4800.931652055905,,0.5154133253416621,0.9818181818181818
ARAMIS20,VAE,631820,LIME,0.7007182305919467,False,1.4652748010242396,0.9999999998,-0.7545541702518025,0.6042440468239529,6.691244819147716,1.3024187562283065,False,-0.0714285714285714,False,1,,,,0.5297396325572306,1.0
ARAMIS20,VAE,631820,MAPLE,1.2475361437904096,False,1.8439130344635093,0.9999999998,-0.0503538737061373,-0.6215021905028725,6.437234526983774,3.2937083869329147,False,0.3571428571428572,False,0,,929.9282768108347,,0.2446851577232308,1.0
ARAMIS20,VAE,631820,SHAP,0.5927170235751803,False,1.4741766530132276,0.9999999998,-0.5421836365165489,0.1698636282414914,7.900388772231189,1.5243319579450365,False,0.25,False,0,11.582417542288413,477.7786225350942,,0.515483294029524,1.0
ARAMIS20,VAE,631822,LIME,0.6323569908331256,False,1.470450781581348,0.9999999998,-0.5068772271368467,0.4975452902213462,7.302928526954744,1.265591478474268,False,0.2857142857142857,False,0,,,,0.5137335504048699,1.0
ARAMIS20,VAE,631822,MAPLE,1.513120375049817,False,1.8058701018219556,0.9999999998,0.551376619154695,-0.6360530882447003,5.071313189068799,3.4360842652863344,False,0.3928571428571429,False,0,,,,0.2877190890463188,1.0
ARAMIS20,VAE,631822,SHAP,0.5841293821422837,False,1.439026503845288,0.9999999998,-0.4012154704970084,0.3517509412533201,6.933346059669699,1.6949995180377493,False,0.6071428571428572,False,0,,,,0.5315900188544724,1.0
ARAMIS20,VAE,646702,LIME,0.9231350242792062,False,1.715427876460102,0.9999999998,-0.0760110527009004,-0.1610455980034551,6.564900145286237,1.9681505389089384,False,-0.2142857142857143,False,0,,,,0.3710586498917474,1.0
ARAMIS20,VAE,646702,MAPLE,6.817191493789016,False,1.653217837019903,0.9999999998,-0.8343955262700452,-0.8587634214744096,7.207357986471581,14.863039655445336,False,0.4285714285714286,False,0,,,,0.3842825830555322,0.0
ARAMIS20,VAE,646702,SHAP,2.114789641375798,False,1.7460054577926314,0.9999999998,-0.4535969837962375,-0.4512757485394458,5.778183105326586,5.035191080274507,False,-0.2857142857142857,False,0,,,,0.3163339912321191,1.0
ARAMIS20,VAE,647568,LIME,1.360134975424736,False,1.710562493780153,0.9999999998,-0.3732112788969708,-0.402296469625841,9.470565745545642,2.5665480568362864,False,0.3928571428571429,False,1,16.12731063671306,832.1457155962879,,0.3543313106934991,0.0
ARAMIS20,VAE,647568,MAPLE,1.5668118012721548,False,1.556949122011987,0.9999999998,-0.843643434860466,0.0567204103247467,7.850930926824765,4.018098112138636,False,0.4642857142857144,False,0,64.9246908387772,1486.00436949579,,0.466318384211854,0.0
ARAMIS20,VAE,647568,SHAP,2.777336829014926,False,1.7099316958724382,0.9999999998,-0.7910588377929867,-0.1532403561646859,4.0003697705341965,6.15865947593922,False,-0.0714285714285714,False,0,46.55840635545628,1964.487010531771,,0.3487707628840509,1.0
ARAMIS20,VAE,647733,LIME,0.5667444233814948,False,1.7847687554251164,0.9999999998,0.7126769612612777,0.7410197782675206,5.426387756502519,1.613476707267176,False,0.8214285714285715,False,0,,,,0.3168204673766796,1.0
ARAMIS20,VAE,647733,MAPLE,0.5130381122657253,False,1.4502502081273605,0.9999999998,-0.0666534136552647,0.299485401122624,5.255830956281308,1.095528499073959,False,0.4642857142857144,False,0,,,,0.5283394736011949,1.0
ARAMIS20,VAE,647733,SHAP,1.915179988190056,False,1.8608469322525747,0.9999999998,0.7293307263043771,0.5611701664146991,9.855457010705576,5.1201916870201005,False,0.7857142857142859,False,0,,,,0.2112749271782833,0.0
ARAMIS20,VAE,647859,LIME,0.5543888465009181,False,1.6192570165444005,0.9999999998,-0.8434616440820488,-0.7902897792564739,4.8574078832783965,1.0978733137970207,False,-0.5,False,0,,,,0.4436497145362159,1.0
ARAMIS20,VAE,647859,MAPLE,0.7160233094829356,False,1.4755918393350769,0.9999999998,-0.0720679273059647,-0.1231924858682351,7.785202757061122,1.0392765089366174,False,-0.4642857142857144,False,0,,,,0.4922746913800053,1.0
ARAMIS20,VAE,647859,SHAP,1.126245826510894,False,1.5968188542767257,0.9999999998,-0.5868969584382212,-0.7512561035589057,5.384925037416819,2.384781237772517,False,0.3928571428571429,False,0,,,,0.4105462304971577,0.0
MetroPT3,AutoEncoder,2020-07-08 17:30:00,LIME,1.228441018607754,False,0.879989998720639,0.9024390243682332,-0.4549326517246459,0.4004816231090622,11.682495097512897,2.233014393596268,True,0.3251588077299756,False,5,4.5913657187511605,1716876.7269662777,,0.7924058187739804,0.0
MetroPT3,AutoEncoder,2020-07-08 17:30:00,MAPLE,0.5676246735726496,False,1.9830375874996684,0.9024390243682332,-0.1848969557869957,-0.1903038999508454,7.57148347472268,1.3959896706806252,True,0.8424242424242423,False,1,0.0005556355573996,133.46891910008574,,0.4292518580254065,1.0
MetroPT3,AutoEncoder,2020-07-08 17:30:00,SHAP,2.1240395847463645,False,1.844177079276756,0.9024390243682332,-0.3950207096096355,0.5041577592791675,1.0103913002824032,4.488840789746974,True,-0.1458973304832155,False,3,1.3307470639882415,297503.9018562169,,0.4962832773436223,0.0
MetroPT3,AutoEncoder,2020-07-08 18:30:00,LIME,1.0694981101312335,False,0.9941007950065196,0.9024390243682332,-0.4264528805492573,0.1020541749310808,12.229224762017784,2.0335395679874373,True,0.2626282677819034,False,5,5.078441156570669,1289081.1724254887,,0.7837537992130169,0.0
MetroPT3,AutoEncoder,2020-07-08 18:30:00,MAPLE,0.5978513228774455,False,1.8188094011321376,0.9024390243682332,-0.2566047424275401,-0.1555931826649625,4.804359083624676,1.0752148403870112,True,0.4424242424242424,False,0,7.196686509128016,1274265.555134218,,0.5219974916085672,0.8823529411764706
MetroPT3,AutoEncoder,2020-07-08 18:30:00,SHAP,1.494233999919338,False,1.5125969313686154,0.9024390243682332,-0.554693131804601,0.5129612874214521,1.4309669473089912,2.7063091791865945,True,0.0486324434944051,False,3,1.748610371979952,397571.5748156288,,0.6345752795185193,0.0
MetroPT3,AutoEncoder,2020-07-15 16:00:00,LIME,1.1856502883469684,False,1.1530591324050077,0.9024390243682332,-0.3514872233698077,0.4254829701752609,12.436700694449566,2.01539407557382,True,0.4564729416209273,False,5,3.365982029981717,4030705.297385238,,0.7510004983593042,0.0
MetroPT3,AutoEncoder,2020-07-15 16:00:00,MAPLE,0.6440566800403741,False,1.6161685151798992,0.9024390243682332,0.0595538565779114,-0.2752047323738183,6.438660816827437,1.0230723187380542,True,0.0790277206784084,False,1,15.208898223231309,8129505.478052452,,0.5958835100625148,0.6
MetroPT3,AutoEncoder,2020-07-15 16:00:00,SHAP,0.5955170662696859,False,1.4013830611845846,0.9024390243682332,-0.808527951003586,0.5371775921528283,1.1882320851042771,1.3056816188572362,True,-0.3161108827136336,False,3,1.3975053662176304,494674.0447613369,,0.6748830630952349,0.0
MetroPT3,AutoEncoder,2020-07-15 17:00:00,LIME,1.192760589526667,False,1.2593939030646453,0.9024390243682332,-0.1930327584364108,0.2778268777152164,12.081740479050012,1.9598337889069823,True,0.2063507818286384,False,4,1.852297540295832,364821418.7245308,,0.7276626890856333,0.0
MetroPT3,AutoEncoder,2020-07-15 17:00:00,MAPLE,0.203315326680811,False,2.0844891161875614,0.9024390243682332,0.3694534558542301,-0.2852814564839516,3.091862303511909,0.9078147618647362,True,0.4303030303030302,False,2,7.421951959478398e-05,10006.234088216072,,0.3621177217785596,0.8
MetroPT3,AutoEncoder,2020-07-15 17:00:00,SHAP,0.5711441835584711,False,1.3546093343584158,0.9024390243682332,-0.8600456837204125,0.8319335065514549,1.219059718455991,1.1574627658717132,True,-0.1580554413568168,False,4,0.5192325801040435,355838414.92690766,,0.6929182282279479,0.0
MetroPT3,AutoEncoder,2020-07-15 17:30:00,LIME,0.2201601579198767,False,1.245073837565283,0.9024390243682332,-0.851748760275576,0.1102611746425539,2.251396733354713,0.601675195714593,True,0.1313141338909517,False,3,,,,0.7311115052834019,0.0
MetroPT3,AutoEncoder,2020-07-15 17:30:00,MAPLE,0.1327284342328966,False,2.057631825391401,0.9024390243682332,-0.1028122019137939,-0.2537637982671828,1.9303536695561836,0.8735547298254935,True,0.5757575757575757,False,1,,,,0.3822377027079426,0.8260869565217391
MetroPT3,AutoEncoder,2020-07-15 17:30:00,SHAP,0.3202538108199181,False,1.4141089952494057,0.9024390243682332,-0.9454336687169452,0.5366051851636097,1.1700056292578662,0.5784967914832448,True,-0.0607905543680064,False,3,,,,0.681263212773558,0.0
MetroPT3,AutoEncoder,2020-07-15 18:00:00,LIME,0.2439550337708984,False,1.2598739078668535,0.9024390243682332,-0.8597099638702173,0.0051812630722847,2.107881083317161,0.6143711342701821,True,0.362677131698819,False,5,,,,0.7261583372304866,0.0
MetroPT3,AutoEncoder,2020-07-15 18:00:00,MAPLE,0.277683182016665,False,2.0130858246980607,0.9024390243682332,-0.4674703953915468,-0.3491167525371099,3.0789643375938085,0.5687563142887936,True,0.4545454545454545,False,1,,,,0.4176706187581215,0.8333333333333334
MetroPT3,AutoEncoder,2020-07-15 18:00:00,SHAP,0.2948218085312206,False,1.2596704519394009,0.9024390243682332,-0.9755419424113408,0.4230864113151624,1.3695149823428974,0.5304454626338255,True,0.1458973304832155,False,3,,,,0.7266256835997221,0.0
MetroPT3,AutoEncoder,2020-07-15 18:30:00,LIME,0.2408985379195623,False,1.256984704252689,0.9024390243682332,-0.8745188873342109,0.0264801410765846,2.304719804501653,0.5293807462256667,True,0.362677131698819,False,5,,,,0.7250201140750251,0.0
MetroPT3,AutoEncoder,2020-07-15 18:30:00,MAPLE,0.2486938583271829,False,2.009349920968502,0.9024390243682332,-0.4681668918261149,-0.3512650243704386,3.4147036491185427,0.563264426647079,True,0.3939393939393939,False,1,,,,0.4199646953070166,0.8333333333333334
MetroPT3,AutoEncoder,2020-07-15 18:30:00,SHAP,0.3133826294651414,False,1.3345789131159085,0.9024390243682332,-0.9652100209550624,0.4171592621044836,0.8790080109801778,0.5590685650340077,True,0.1641344967936174,False,3,,,,0.7040656963990108,0.0
MetroPT3,AutoEncoder,2020-07-15 19:00:00,LIME,1.1453136537578184,False,1.0978756600341952,0.9024390243682332,-0.4212108816975135,-0.0293243818982278,12.669188854462345,2.032672394228502,True,0.3251588077299756,False,5,5.433049148955757,2051018.2074450797,,0.7677105528687324,0.0
MetroPT3,AutoEncoder,2020-07-15 19:00:00,MAPLE,0.8074937372420237,False,1.9247893003423693,0.9024390243682332,-0.3093749793995003,0.1229084454949289,7.910450710203588,1.2101101227104971,True,0.5757575757575757,False,1,0.0008453038132379,226.06462928582863,,0.4399229511532374,1.0
MetroPT3,AutoEncoder,2020-07-15 19:00:00,SHAP,1.250265897059905,False,1.503786446290453,0.9024390243682332,-0.5668264403269624,0.6009798943481213,1.4660655530748177,2.6312138850181253,True,-0.1155020532992122,False,3,1.5607074748610357,351734.7916193586,,0.6402440837411846,0.0
MetroPT3,AutoEncoder,2020-07-17 04:00:00,LIME,0.3162301287635178,False,1.231719620099878,0.0731707317055324,-0.0030257492353971,-0.0015472285698004,3.2000068077111554,0.5909812859254862,True,0.168832457859795,False,5,,,,0.7335035617962364,0.0
MetroPT3,AutoEncoder,2020-07-17 04:00:00,MAPLE,0.2888019306691502,False,2.002577012030056,0.0731707317055324,-0.5803586475257035,0.0875462853389395,2.88341920084348,0.5453727291248548,True,0.406060606060606,False,1,,,,0.4231023969398657,0.125
MetroPT3,AutoEncoder,2020-07-17 04:00:00,SHAP,0.2694523560672897,False,1.1854001523049,0.0731707317055324,0.849979658871526,-0.6729626786798114,1.343125908294463,0.573352514860411,True,-0.2735574946560291,False,3,,,,0.748617531144786,0.0
MetroPT3,AutoEncoder,2020-07-17 04:30:00,LIME,0.3359167222782352,False,1.2162923825538563,0.0731707317055324,0.0038490447274458,0.0063742304678706,3.753720900201536,0.6078295731759887,True,0.168832457859795,False,5,,,,0.7390858293978637,0.0
MetroPT3,AutoEncoder,2020-07-17 04:30:00,MAPLE,0.2844723576372336,False,2.002577012030056,0.0731707317055324,-0.5803586475257035,-0.0875463027860424,3.567180962923965,0.5453727291248548,True,0.406060606060606,False,1,,,,0.4231023969398657,0.125
MetroPT3,AutoEncoder,2020-07-17 04:30:00,SHAP,0.276561853561749,False,1.1854001523049,0.0731707317055324,0.849979658871526,0.6729626970429083,1.1826608463983903,0.4650324789974457,True,-0.2735574946560291,False,3,,,,0.748617531144786,0.0
MetroPT3,AutoEncoder,2020-07-17 05:00:00,LIME,0.224159244143913,False,1.2654130063049869,0.9024390243682332,-0.8003267227514718,0.0854250124668768,2.705446552355668,0.4748621364592648,True,0.3751832396884334,False,3,,,,0.7252582989304578,0.0
MetroPT3,AutoEncoder,2020-07-17 05:00:00,MAPLE,0.0900487442021204,False,2.00745792046766,0.9024390243682332,0.0551148063465699,-0.2312083670644877,2.7251275046292216,0.1949847834892967,True,0.6727272727272726,False,1,,,,0.4133411659326905,0.8709677419354839
MetroPT3,AutoEncoder,2020-07-17 05:00:00,SHAP,0.4029936406068892,False,1.5924253114307856,0.9024390243682332,-0.8477329672653509,0.5439186036987506,0.9250881564854024,0.6478544642634744,True,-0.1155020532992122,False,3,,,,0.6205286317518661,0.0
MetroPT3,AutoEncoder,2020-07-17 05:30:00,LIME,0.2621579278022876,False,1.2357863491329195,0.9024390243682332,-0.8599037372908227,0.0345542485899242,2.1829909088562065,0.46933181871289,True,0.5190034815689996,False,5,,,,0.7325915749119153,0.0
MetroPT3,AutoEncoder,2020-07-17 05:30:00,MAPLE,0.2847820165506418,False,2.008912484441133,0.9024390243682332,-0.4795455563213165,-0.3366915344541028,3.123212572305022,0.5357906833429706,True,0.6484848484848483,False,1,,,,0.4198928655366282,0.8260869565217391
MetroPT3,AutoEncoder,2020-07-17 05:30:00,SHAP,0.3412231172829205,False,1.4023684079960137,0.9024390243682332,-0.93906174896712,0.4393629605125336,1.0489912134944483,0.553263193303474,True,0.1945297739776207,False,3,,,,0.6893262060372795,0.0
MetroPT3,AutoEncoder,2020-07-17 07:30:00,LIME,0.2430674910100237,False,1.2577877440676968,0.9024390243682332,-0.8651470574902135,-0.0360542336949161,2.11326743767953,0.5054604918549344,True,0.4564729416209273,False,5,,,,0.7271323991320817,0.0
MetroPT3,AutoEncoder,2020-07-17 07:30:00,MAPLE,0.3480251570117072,False,2.002672359505178,0.9024390243682332,-0.4838597059924425,0.3335968079262648,4.106788547423467,0.5354644381022944,True,0.6848484848484848,False,1,,,,0.4232355725450254,0.8888888888888888
MetroPT3,AutoEncoder,2020-07-17 07:30:00,SHAP,0.3318230404809507,False,1.386588267348439,0.9024390243682332,-0.9287157746675612,-0.4470187549413607,1.114553602285397,0.6387132893849327,True,0.0547114989312058,False,3,,,,0.6940611089498336,0.0
MetroPT3,AutoEncoder,2020-07-24 23:30:00,LIME,1.173519817179959,False,0.9717185180191216,0.9024390243682332,-0.1163841960550018,-0.0297876027333756,12.932635791394857,2.116719059736837,True,0.0625305399480722,False,6,6.720857445806191,3124264.8998256195,,0.7892916863063326,0.0
MetroPT3,AutoEncoder,2020-07-24 23:30:00,MAPLE,1.4675294989032222,False,2.076243957484049,0.9024390243682332,-0.4130754457544702,-0.0586105444073932,6.213767787839316,1.9570556696077543,True,0.0545454545454545,False,3,24.828443291061657,10855916.11583786,,0.3486217093486855,0.92
MetroPT3,AutoEncoder,2020-07-24 23:30:00,SHAP,3.027198670726794,False,1.88404742189452,0.9024390243682332,0.2797434135050318,0.1632148218348326,1.5952057684428058,5.872777961173968,True,-0.4620082131968491,False,4,1.916475562159758,383134.4127762911,,0.4569319198998531,0.0
MetroPT3,AutoEncoder,2020-07-25 00:00:00,LIME,1.299595320834372,False,0.957156023560646,0.9024390243682332,-0.1185998706701415,-0.0230059247469244,15.284190507502585,2.227025492430734,True,0.0625305399480722,False,6,6.443837655058853,1709462.9432136272,,0.7914069650132974,0.0
MetroPT3,AutoEncoder,2020-07-25 00:00:00,MAPLE,1.4919998668522132,False,2.076243957484049,0.9024390243682332,-0.4130754457544702,-0.0586105444073932,8.680418731807968,1.969471691587056,True,0.0545454545454545,False,3,27.870984551144097,6048560.897046398,,0.3486217093486855,0.92
MetroPT3,AutoEncoder,2020-07-25 00:00:00,SHAP,2.958750229933979,False,1.88404742189452,0.9024390243682332,0.2797434135050318,0.1632148218348326,1.8160158645631308,5.44118780243149,True,-0.4620082131968491,False,4,1.5704960134120445,342477.63343739376,,0.4569319198998531,0.0
MetroPT3,AutoEncoder,2020-07-29 00:00:00,LIME,1.3619766544231933,False,0.935127009418734,0.9024390243682332,-0.1299352304724809,-0.0268440239707951,12.146437484454744,2.117525967259009,True,0.0375183239688433,False,6,6.158500836054784,2179189.648502129,,0.7938371704437494,0.0
MetroPT3,AutoEncoder,2020-07-29 00:00:00,MAPLE,1.472194612486736,False,2.016471751400072,0.9024390243682332,-0.383372898602442,-0.0991930740626358,8.352672495703095,1.91064130962278,True,-0.0666666666666666,False,3,27.38438777793089,7913484.837202865,,0.4006281795945224,0.875
MetroPT3,AutoEncoder,2020-07-29 00:00:00,SHAP,3.1987395507333054,False,1.9046152222232164,0.9024390243682332,0.3434292845141615,0.094137434807542,2.3468829501826214,6.507518726595047,True,-0.3647433262080387,False,4,1.9321528480356256,401184.0769956988,,0.4501431184254267,0.0
MetroPT3,AutoEncoder,2020-07-29 00:30:00,LIME,1.1552058094876907,False,0.8538456697741934,0.9024390243682332,-0.4423692145565361,-0.344095100087929,15.13406246085259,2.184403520594892,True,0.2376160518026745,False,5,5.551805899414767,1198443.9150879802,,0.7980140886365695,0.0
MetroPT3,AutoEncoder,2020-07-29 00:30:00,MAPLE,1.1460518109272957,False,1.8889094678688123,0.9024390243682332,-0.393127060217552,0.5538145497776765,5.907964828705566,1.6612144574940844,True,0.5030303030303029,False,2,27.33029904139468,4788700.918149826,,0.4827297890465465,0.935483870967742
MetroPT3,AutoEncoder,2020-07-29 00:30:00,SHAP,2.8854493142882767,False,1.8098985586414569,0.9024390243682332,-0.1099909267293895,-0.3442940006495247,1.6385807576405798,6.099630467785006,True,-0.0364743326208038,False,3,1.7887166001653612,319584.575763714,,0.5105594026408583,0.0
MetroPT3,AutoEncoder,2020-07-29 01:00:00,LIME,1.1564900788302397,False,1.0022769084174024,0.9024390243682332,-0.1210198210037477,-0.0370697530586205,13.866291935209812,2.17389319126579,True,0.0625305399480722,False,6,6.221228338628409,3169565.5827827384,,0.7806532731757314,0.0
MetroPT3,AutoEncoder,2020-07-29 01:00:00,MAPLE,1.4083117984165203,False,2.049876967983287,0.9024390243682332,-0.3967091303305454,-0.0405929480484568,7.516581926213289,1.9347479146587947,True,0.0787878787878787,False,3,28.92502018597745,6270038.588495613,,0.3720126750627583,0.8947368421052632
MetroPT3,AutoEncoder,2020-07-29 01:00:00,SHAP,2.879239759242606,False,1.927314447742804,0.9024390243682332,0.3225180999297953,0.1459714647181659,2.072994759226252,6.4009841308748765,True,-0.3039527718400323,True,4,1.769616336291659,369791.1400810714,,0.4351877596719062,0.0
MetroPT3,AutoEncoder,2020-07-31 06:00:00,LIME,0.1934103686620258,False,1.164697258803723,0.9024390243682332,-0.7639460116054004,-0.4532738712539004,4.174385838477339,0.477605443083722,True,0.3126526997403612,False,5,,,,0.7311967513881987,0.0
MetroPT3,AutoEncoder,2020-07-31 06:00:00,MAPLE,0.0327538347060871,False,1.8840219565350451,0.9024390243682332,-0.2110633628010834,0.3075054987839557,1.8983509075779588,0.0619647877722219,True,0.5272727272727272,False,2,,,,0.4844365398211669,0.8333333333333334
MetroPT3,AutoEncoder,2020-07-31 06:00:00,SHAP,0.3836726890233393,False,1.4673857557635497,0.9024390243682332,-0.7606168281565806,-0.5408816096390349,0.9819663886030704,0.584872903029956,True,0.1215811087360129,False,3,,,,0.6655703738850947,0.0
MetroPT3,AutoEncoder,2020-08-03 02:00:00,LIME,1.259439553767025,False,0.87201721443598,0.9024390243682332,-0.1639445796664431,-0.0449079313553636,13.357937754728356,2.188903630060906,True,-0.0687835939428794,False,6,5.645454739051065,1136304.2544092978,,0.7920079866195454,0.0
MetroPT3,AutoEncoder,2020-08-03 02:00:00,MAPLE,1.5766219283792835,False,1.89379671683754,0.9024390243682332,-0.5794752489345615,0.02877441737466,7.120926728196662,2.0650281293860258,True,0.2978737164032316,False,4,25.80867215013881,7043456.610791051,,0.470846560627526,1.0
MetroPT3,AutoEncoder,2020-08-03 02:00:00,SHAP,2.5325499030289222,False,1.9892117469128747,0.9024390243682332,0.3525809667065253,0.1919977864117908,1.428078101312418,5.783416703030868,True,-0.4863244349440517,False,4,1.9791854943236635,328313.915046992,,0.386607848183188,0.0
MetroPT3,AutoEncoder,2020-08-03 05:00:00,LIME,1.188083101528086,False,0.7521262931036131,0.9024390243682332,-0.1648176233840314,-0.061371955296845,11.551675773547556,2.1810251464094472,True,0.1063019179117228,False,6,6.199971847624665,1815018.378045442,,0.8160388971331203,0.0
MetroPT3,AutoEncoder,2020-08-03 05:00:00,MAPLE,1.5613377436505196,False,1.89379671683754,0.9024390243682332,-0.5794752489345615,0.02877441737466,7.135399402438184,2.0752507987840283,True,0.2978737164032316,False,4,25.635091570983214,6622434.208425184,,0.470846560627526,1.0
MetroPT3,AutoEncoder,2020-08-03 05:00:00,SHAP,2.650245524334196,False,1.9892117469128747,0.9024390243682332,0.3525809667065253,0.1919977864117908,1.2153379115766445,5.304909084083658,True,-0.4863244349440517,False,4,2.2927916544703177,284559.67284726223,,0.386607848183188,0.0
MetroPT3,AutoEncoder,2020-08-03 05:30:00,LIME,1.205476340028083,False,0.8060259712798082,0.9024390243682332,-0.160074070279264,-0.0661580824607372,13.483775001275038,2.2179294733863317,True,0.1563263498701806,False,6,5.464375618059252,1370717.869249032,,0.8063340127580709,0.0
MetroPT3,AutoEncoder,2020-08-03 05:30:00,MAPLE,1.503308350000646,False,1.89379671683754,0.9024390243682332,-0.5794752489345615,0.02877441737466,7.63058321533487,2.0560868355930477,True,0.2978737164032316,False,4,28.3690543298778,6508502.640300561,,0.470846560627526,1.0
MetroPT3,AutoEncoder,2020-08-03 05:30:00,SHAP,2.5802404647850925,False,1.9892117469128747,0.9024390243682332,0.3525809667065253,0.1919977864117908,1.5645820617205082,5.294979488021893,True,-0.4863244349440517,False,4,1.7535891879882666,345774.79634006304,,0.386607848183188,0.0
MetroPT3,AutoEncoder,2020-08-03 06:00:00,LIME,1.1586125651843309,False,0.7360622171464998,0.9024390243682332,-0.1600820875940621,-0.0722295690711043,11.212949635532771,2.198309208016364,True,0.1063019179117228,False,6,7.054117509524067,1550758.101689868,,0.8211170143430662,0.0
MetroPT3,AutoEncoder,2020-08-03 06:00:00,MAPLE,1.6080482307326698,False,1.89379671683754,0.9024390243682332,-0.5794752489345615,0.02877441737466,7.890287996648832,2.1205350463995187,True,0.2978737164032316,False,4,24.7418523000832,4979528.95692294,,0.470846560627526,1.0
MetroPT3,AutoEncoder,2020-08-03 06:00:00,SHAP,2.4192936691756457,False,1.9892117469128747,0.9024390243682332,0.3525809667065253,0.1919977864117908,1.3617192911414986,5.164513613382716,True,-0.4863244349440517,False,4,2.0183209480358872,333534.1247907161,,0.386607848183188,0.0
MetroPT3,AutoEncoder,2020-08-05 08:30:00,LIME,0.2277460731064869,False,1.1409437032225231,0.9024390243682332,-0.6420316293576964,-0.4361125720578008,2.703971393191753,0.4873243625662604,True,0.2063507818286384,False,3,,,,0.7371474678500122,0.0
MetroPT3,AutoEncoder,2020-08-05 08:30:00,MAPLE,0.0824739086673941,False,2.0782151318960573,0.9024390243682332,-0.0477636088143651,0.143286079066598,1.8351718982839216,0.173780376345338,True,0.7454545454545454,False,1,,,,0.3621096999828885,0.75
MetroPT3,AutoEncoder,2020-08-05 08:30:00,SHAP,0.4002150945808717,False,1.59041412995411,0.9024390243682332,-0.7090496834799238,-0.558014918514226,1.087034213835717,0.6775938910935029,True,-0.0547114989312058,False,3,,,,0.6281400528060871,0.0
MetroPT3,AutoEncoder,2020-08-07 04:30:00,LIME,1.350619186533799,False,0.7388418120973165,0.9024390243682332,-0.2035758934986563,-0.377594797741244,14.469939430921691,2.0683581961885245,True,0.0437713779636505,False,5,,,,0.8158993643367267,0.0
MetroPT3,AutoEncoder,2020-08-07 04:30:00,MAPLE,0.8196515994899286,False,1.8334656440020365,0.9024390243682332,0.4422556407349202,0.5822916732530788,6.857465249901879,1.1752993601345774,True,0.006060606060606,False,2,,,,0.4891265328074957,1.0
MetroPT3,AutoEncoder,2020-08-07 04:30:00,SHAP,0.2099803019385983,False,0.6061932215149335,0.9024390243682332,-0.9963115091439124,-0.8572545978826897,1.276015342388075,0.4607084011150675,True,0.1757575757575757,False,4,,,,0.8213830162240745,0.0
MetroPT3,AutoEncoder,2020-08-08 16:00:00,LIME,1.293600040268501,False,1.1295273722801633,0.9024390243682332,-0.137220671613076,-0.1568128280530694,9.98108667761692,1.98786389085928,True,0.2501221597922889,False,4,,,,0.7579982036565476,0.0
MetroPT3,AutoEncoder,2020-08-08 16:00:00,MAPLE,1.0705218850347151,False,1.883808713601632,0.9024390243682332,0.6203380390861238,0.8270489188955449,7.7407086925620705,1.6130694201480331,True,0.6363636363636362,False,2,,,,0.4897965141503093,0.9444444444444444
MetroPT3,AutoEncoder,2020-08-08 16:00:00,SHAP,0.2188705740806464,False,0.5186359173166338,0.9024390243682332,-0.9961953093414254,-0.8515916850251131,1.4651425932432882,0.4425571067550257,True,0.4303030303030302,False,3,,,,0.8302908631236576,0.0
MetroPT3,AutoEncoder,2020-08-08 20:00:00,LIME,1.4321487963634068,False,0.8638156991089,0.9024390243682332,-0.2163624857029361,-0.3801297732644086,10.40934289019255,2.117930911727896,True,0.2126038358234456,False,4,,,,0.789638319540497,0.0
MetroPT3,AutoEncoder,2020-08-08 20:00:00,MAPLE,1.0802483110229006,False,1.902632717780811,0.9024390243682332,0.6475888659942678,0.8368559392458977,6.882563069043083,1.7390676716549915,True,0.6,False,2,,,,0.4781146271960068,0.92
MetroPT3,AutoEncoder,2020-08-08 20:00:00,SHAP,0.2235125438277341,False,0.4885239835208167,0.9024390243682332,-0.9960947680519682,-0.8494321957684462,1.436178905470715,0.4983576744616417,True,0.4424242424242424,False,3,,,,0.8382200357002035,0.0
MetroPT3,AutoEncoder,2020-08-09 00:00:00,LIME,1.3725323859993412,False,0.7887755172349249,0.9024390243682332,-0.2193053898396686,-0.3903268047834396,11.746090661343755,2.0567471244829933,True,0.1750855118546022,False,4,,,,0.811280905655896,0.0
MetroPT3,AutoEncoder,2020-08-09 00:00:00,MAPLE,1.6515359452744949,False,2.016369845180829,0.9024390243682332,0.7747138639997317,0.7555215828112488,8.520120691479951,2.3807946846029973,True,0.5757575757575757,False,2,,,,0.4109887236149473,0.8709677419354839
MetroPT3,AutoEncoder,2020-08-09 00:00:00,SHAP,0.2141627103888637,False,0.5223610781748979,0.9024390243682332,-0.9957709577760542,-0.8486199875284944,1.4746030055849522,0.46268416404038,True,0.5878787878787878,False,3,,,,0.8372777897830649,0.0
MetroPT3,AutoEncoder,2020-08-10 11:30:00,LIME,1.1667912357236958,False,1.0563338492211052,0.0731707317055324,0.1476907610379299,-0.2644373631671433,13.216975475475913,1.9733540785453216,True,-0.2000977278338311,True,3,0.6780757886456054,25808340.95865026,,0.7768100790665616,0.0
MetroPT3,AutoEncoder,2020-08-10 11:30:00,MAPLE,0.3676171999684025,False,1.7927294158795308,0.0731707317055324,0.0213654524826303,0.064960541706956,4.154071742595817,0.8130426909413374,True,0.2484848484848484,False,2,2.2376953512065583e-05,1836.334095315208,,0.535131633809275,0.1578947368421052
MetroPT3,AutoEncoder,2020-08-10 11:30:00,SHAP,0.2050456278246877,False,1.1393961323941555,0.0731707317055324,0.9937259275849762,-0.9640719993430704,0.9955826609566027,0.3891018858758751,True,0.3818181818181818,False,4,0.288409336085317,46766004.3008918,,0.7488758996643542,0.0
MetroPT3,AutoEncoder,2020-08-12 23:00:00,LIME,1.287948120926838,False,0.725903565577414,0.9024390243682332,-0.2085800864176601,-0.3723796491344124,14.545220700341872,2.0983613948672897,True,0.2188568898182528,False,4,,,,0.8130854375444164,0.0
MetroPT3,AutoEncoder,2020-08-12 23:00:00,MAPLE,1.206389804977302,False,1.8174699039159183,0.9024390243682332,0.6846348936267238,0.8260399366904859,8.537911350237568,1.4856815969938226,True,0.309090909090909,False,1,,,,0.5142374104868096,0.8181818181818182
MetroPT3,AutoEncoder,2020-08-12 23:00:00,SHAP,0.2242768686293055,False,0.4998817239832894,0.9024390243682332,-0.9964555696797056,-0.8539827947585417,1.414039954192538,0.4911409900570984,True,0.103030303030303,False,3,,,,0.8399526951985875,0.0
MetroPT3,AutoEncoder,2020-08-12 23:30:00,LIME,1.234410723925712,False,0.9629482106951308,0.9024390243682332,-0.2739223833790895,-0.3829563287146509,11.124840629772638,2.0669079008447504,True,0.2938935377559395,False,5,,,,0.7659854089595727,0.0
MetroPT3,AutoEncoder,2020-08-12 23:30:00,MAPLE,1.6265203211472568,False,2.064799042595028,0.9024390243682332,0.8007736109310151,0.7285319892739147,9.983457394475606,2.093881003313622,True,0.3212121212121211,False,3,,,,0.380407293989623,0.9285714285714286
MetroPT3,AutoEncoder,2020-08-12 23:30:00,SHAP,0.2262345198996298,False,0.5655303442040154,0.9024390243682332,-0.9914046662696758,-0.8062016863757293,1.5725820634099326,0.4685886533936909,True,0.5030303030303029,False,4,,,,0.827195082423607,0.0
MetroPT3,AutoEncoder,2020-08-14 23:00:00,LIME,1.4438677775302302,False,0.8012043377430029,0.9024390243682332,-0.2381430080472504,-0.3692226733712667,19.087912938563232,2.107545327144384,True,0.3251588077299756,False,5,,,,0.8101989924087075,0.0
MetroPT3,AutoEncoder,2020-08-14 23:00:00,MAPLE,1.3590628353256644,False,1.9921880321565817,0.9024390243682332,0.7534414021875151,0.8057360531005693,8.426739653211476,1.8194133428325177,True,0.4545454545454545,False,3,,,,0.4197246521336898,1.0
MetroPT3,AutoEncoder,2020-08-14 23:00:00,SHAP,0.2229235805607584,False,0.4749194137386552,0.9024390243682332,-0.9929620847626152,-0.80908360462346,1.6813450861742527,0.4864734971795942,True,0.6,False,4,,,,0.8470857821370722,0.0
MetroPT3,AutoEncoder,2020-08-15 00:00:00,LIME,1.357212265791155,False,0.693347096118657,0.9024390243682332,-0.2379139490628768,-0.3634548371457891,10.986119849314736,2.079826298325304,True,0.3501710237092045,False,5,,,,0.829327298921027,0.0
MetroPT3,AutoEncoder,2020-08-15 00:00:00,MAPLE,1.3541133902320523,False,1.9921880321565817,0.9024390243682332,0.7534414021875151,0.8057360531005693,6.098938354821542,1.823074617115226,True,0.4545454545454545,False,3,,,,0.4197246521336898,1.0
MetroPT3,AutoEncoder,2020-08-15 00:00:00,SHAP,0.2396453082870655,False,0.4749194137386552,0.9024390243682332,-0.9929620847626152,-0.80908360462346,1.5221255366759967,0.4249510351671969,True,0.6,False,4,,,,0.8470857821370722,0.0
MetroPT3,AutoEncoder,2020-08-15 05:30:00,LIME,1.135970434242526,False,0.9138592221344662,0.9024390243682332,-0.133144168462574,-0.0322131893247099,13.8461071793768,2.2014002621972466,True,0.0625305399480722,False,6,4.027745901241647,2142767.5447965846,,0.7746957821286972,0.0
MetroPT3,AutoEncoder,2020-08-15 05:30:00,MAPLE,1.5942621444473142,False,2.062505860960754,0.9024390243682332,-0.4474573736285192,-0.009895059769793,8.213309190737446,2.076191411872775,True,0.0909090909090908,False,3,25.395092806059186,6472181.80580069,,0.3527367571706314,0.9285714285714286
MetroPT3,AutoEncoder,2020-08-15 05:30:00,SHAP,2.5241117364817582,False,1.98985979672094,0.9024390243682332,0.3429635510936801,0.2149137092933338,1.8759981635399725,5.1453278316343525,True,-0.3647433262080387,False,4,1.491119074035666,350601.2917234163,,0.3890673278709021,0.0
MetroPT3,AutoEncoder,2020-08-15 08:30:00,LIME,1.3720143916579948,False,0.9088596769576164,0.9024390243682332,-0.4149571914541373,-0.6455306088477376,11.895848193107309,2.16475102693329,True,0.2563752137870961,False,5,5.065678312361923,2041256.6361152504,,0.7808819521511089,0.0
MetroPT3,AutoEncoder,2020-08-15 08:30:00,MAPLE,0.5824753210871042,False,1.5556036081145197,0.9024390243682332,0.0951531199941144,0.1857928480203881,5.993088483571626,1.079492449850355,True,-0.0790277206784084,False,1,16.09936156087823,5426170.135534422,,0.616207717598932,0.6
MetroPT3,AutoEncoder,2020-08-15 08:30:00,SHAP,1.12893689951649,False,1.5458697045073593,0.9024390243682332,-0.4015167821474547,-0.3402028824684452,1.2166069205183456,2.4860005422820444,True,-0.4012176588288426,False,3,1.5200765549709436,293200.2081961629,,0.6235024371202115,0.0
MetroPT3,AutoEncoder,2020-08-19 00:30:00,LIME,1.376235842787141,False,0.8023614720513423,0.9024390243682332,-0.2647433268775627,-0.374091486139374,11.628205295125776,2.095669590364984,True,0.2688813217767106,False,5,,,,0.8081217182420016,0.0
MetroPT3,AutoEncoder,2020-08-19 00:30:00,MAPLE,1.5039807080370096,False,1.946836763176198,0.9024390243682332,0.8367197576094425,0.743274637243001,6.497850022951384,2.008654154869502,True,0.2606060606060606,False,3,,,,0.4596491209698134,1.0
MetroPT3,AutoEncoder,2020-08-19 00:30:00,SHAP,0.2224228221462676,False,0.5642366691766814,0.9024390243682332,-0.9911948296101848,-0.8073485381024289,1.679798643825137,0.4497001207397454,True,0.5030303030303029,False,4,,,,0.8265668297831046,0.0
MetroPT3,AutoEncoder,2020-08-19 11:00:00,LIME,1.368908931058504,False,0.9076827398464756,0.0731707317055324,0.2674749219695364,-0.4808619834327016,13.265964932453985,2.114124678494596,True,0.0375183239688433,False,3,0.7581289754507938,66987532.91220822,,0.7813950394483017,0.0
MetroPT3,AutoEncoder,2020-08-19 11:00:00,MAPLE,0.4852824460165033,False,1.7951648677296002,0.0731707317055324,-0.0306437030815021,0.4203369729963187,6.776684065247991,0.806894907363173,True,0.2848484848484848,False,2,1.3789059011836865e-05,59993.9889960312,,0.5373548691184616,0.1764705882352941
MetroPT3,AutoEncoder,2020-08-19 11:00:00,SHAP,0.1941330800792641,False,1.0355717276616532,0.0731707317055324,0.987898244891114,-0.8900117339739471,1.3449413658745355,0.4459925342025704,True,-0.0424242424242424,False,4,0.3575879001121799,16225589.812584758,,0.7687503327142192,0.0
MetroPT3,AutoEncoder,2020-08-22 12:30:00,LIME,1.2347002431732073,False,0.9414152589145426,0.9024390243682332,-0.1555131237221357,-0.1712890479935543,11.476986359097518,1.961077465296088,True,0.0437713779636505,False,5,,,,0.793206328868225,0.0
MetroPT3,AutoEncoder,2020-08-22 12:30:00,MAPLE,0.7513589867758931,False,1.8223312359852244,0.9024390243682332,0.4488362985165141,0.5825105029576921,7.257650583755496,1.1140025053909632,True,0.0545454545454545,False,2,,,,0.4971527685787597,1.0
MetroPT3,AutoEncoder,2020-08-22 12:30:00,SHAP,0.2245422573722433,False,0.6153289712770836,0.9024390243682332,-0.9962044632387248,-0.8557415880852836,1.1560310347282847,0.4429119064277692,True,0.1878787878787878,False,4,,,,0.8233009938577195,0.0
MetroPT3,AutoEncoder,2020-08-24 06:30:00,LIME,1.4761164066021777,False,0.8368649217655003,0.9024390243682332,-0.2655397895581056,-0.3747262681204496,10.264945665291116,2.078156302649901,True,0.2188568898182528,False,5,,,,0.7981989468483423,0.0
MetroPT3,AutoEncoder,2020-08-24 06:30:00,MAPLE,1.616411931980967,False,2.049872711870772,0.9024390243682332,0.7971380913900391,0.7072784943832418,6.651473341734027,2.11216600470831,True,0.2363636363636363,False,3,,,,0.3913442931452204,0.92
MetroPT3,AutoEncoder,2020-08-24 06:30:00,SHAP,0.2109057994157459,False,0.5653416525212653,0.9024390243682332,-0.9914693112372852,-0.8057014364333017,1.4469834212623391,0.4612259713778923,True,0.5030303030303029,False,4,,,,0.8273126066422933,0.0
MetroPT3,AutoEncoder,2020-08-24 10:00:00,LIME,1.24062997452424,False,0.9826734641574548,0.9024390243682332,-0.1933579046128999,-0.1411826907920692,16.46636764625998,1.9813243530236284,True,0.2688813217767106,False,6,,,,0.7913567340342532,0.0
MetroPT3,AutoEncoder,2020-08-24 10:00:00,MAPLE,1.3435942210767808,False,1.9966786852306515,0.9024390243682332,0.8238289069646304,0.7604061104581513,7.008211635259526,1.9118813070436864,True,0.5636363636363636,False,4,,,,0.4248486394492346,1.0
MetroPT3,AutoEncoder,2020-08-24 10:00:00,SHAP,0.2233402782402538,False,0.4559649041720763,0.9024390243682332,-0.9927635141035016,-0.8112905430905828,1.532668834669954,0.4548618384921838,True,0.6,False,5,,,,0.8452846913791637,0.0
MetroPT3,AutoEncoder,2020-08-30 08:30:00,LIME,1.3109496003592531,False,1.00357287639426,0.9024390243682332,-0.1292052248653135,-0.0427932233999348,11.893370336172714,2.165072354573052,True,0.0625305399480722,False,6,6.038945411914193,1507680.325918853,,0.7809244026699078,0.0
MetroPT3,AutoEncoder,2020-08-30 08:30:00,MAPLE,1.4702433421675545,False,2.0749438811235583,0.9024390243682332,-0.4108188213264266,0.002547202481307,8.715274749569508,1.9285958022118528,True,0.1757575757575757,False,3,24.167025694262183,7838453.970729406,,0.3453399551561026,0.8709677419354839
MetroPT3,AutoEncoder,2020-08-30 08:30:00,SHAP,3.2399273114314844,False,1.8581320070499097,0.9024390243682332,0.3545935547010245,0.0326506785877324,1.604159390106512,6.881056612367082,True,-0.3404271044608361,False,4,2.281539222385282,482522.245628862,,0.4675330506778263,0.0
MetroPT3,AutoEncoder,2020-08-30 19:00:00,LIME,1.18787297453,False,0.8439375104620832,0.9024390243682332,-0.4283488537685575,-0.3389091392165613,14.100563978459943,2.1525823387226333,True,0.2126038358234456,False,5,6.497679557606971,1292856.1079785265,,0.7938124352554494,0.0
MetroPT3,AutoEncoder,2020-08-30 19:00:00,MAPLE,1.065411309670128,False,1.8133174064605344,0.9024390243682332,-0.4474234384294674,0.4782198892445597,7.383282213349661,1.6456521398016224,True,0.4424242424242424,False,2,29.52490819928439,7414791.951083407,,0.5242432038965922,1.0
MetroPT3,AutoEncoder,2020-08-30 19:00:00,SHAP,2.679378816498192,False,1.756533106109988,0.9024390243682332,-0.1343585657148636,-0.3680933826536835,1.2170465995446091,6.140592555899474,True,-0.0364743326208038,False,3,2.751022542104102,290693.91697491,,0.5337806275710268,0.0
MetroPT3,ECOD,2020-07-08 17:30:00,LIME,2.0734670874586336,False,1.5341355717418523,0.6585365853497919,-0.511494313038465,0.3566569293355263,9.585026716672768,2.592131320789129,True,-0.056277485953265,False,4,,,,0.6150122745567034,0.0
MetroPT3,ECOD,2020-07-08 17:30:00,MAPLE,1.136519000663551,False,1.9999639652112544,0.6585365853497919,-0.2255584668587446,0.2865514467231448,4.340902064579366,4.173345747658753,True,-0.0181818181818181,False,1,,,,0.4086673169809097,0.675
MetroPT3,ECOD,2020-07-08 17:30:00,SHAP,0.6973357488272199,False,1.8650260184451903,0.6585365853497919,0.4249357733406756,-0.4640708272480698,4.0869780053580325,1.011059089217603,True,-0.6200636545536659,False,2,,,,0.4851359813267889,0.0
MetroPT3,ECOD,2020-07-08 18:30:00,LIME,1.992977585901368,False,1.5847651673163716,0.6585365853497919,-0.5190528728891864,0.2482979118136365,7.927703607155211,2.4378728815022708,True,-0.0937958099221083,False,4,,,,0.5875894350874357,0.0
MetroPT3,ECOD,2020-07-08 18:30:00,MAPLE,0.7487212308886189,False,1.5337123745198362,0.6585365853497919,-0.2745897455856768,0.2344529843913118,2.8399313383715787,1.468498796517921,True,-0.4303030303030302,False,1,,,,0.6312453110729597,0.675
MetroPT3,ECOD,2020-07-08 18:30:00,SHAP,1.1315048592755277,False,1.5733650024222936,0.6585365853497919,0.0701682071581049,-0.144386089837347,5.230891966440761,1.5677657976533708,True,-0.4255338805760452,False,2,,,,0.6248399752005958,0.0
MetroPT3,ECOD,2020-07-15 16:00:00,LIME,1.85630699243718,False,1.571144875185862,0.6585365853497919,-0.5809875591544963,0.3273989296942859,8.096619163285462,2.298440813350162,True,0.1063019179117228,False,4,,,,0.601626507180553,0.0
MetroPT3,ECOD,2020-07-15 16:00:00,MAPLE,0.8970938906202574,False,1.8755846319498295,0.6585365853497919,0.071647754228466,0.0848591715734487,1.7110780085437711,4.64497250527816,True,0.4424242424242424,False,1,,,,0.4869499341729851,0.6923076923076923
MetroPT3,ECOD,2020-07-15 16:00:00,SHAP,1.0465286022428308,False,1.643013745824772,0.6585365853497919,-0.2307181477627986,-0.021707969130388,7.083334523838555,1.3019114984590403,True,-0.7294866524160775,False,2,,,,0.584026950948442,0.0
MetroPT3,ECOD,2020-07-15 17:00:00,LIME,1.6389010329039582,False,1.5692611027844223,0.3170731707239738,0.541994752428981,0.3206164375046719,7.533096091652303,2.2437320376523577,True,0.0,False,4,4.268750890644252,312231.797193432,,0.609905548124834,0.0
MetroPT3,ECOD,2020-07-15 17:00:00,MAPLE,0.4022822862043752,False,2.1171263008000096,0.3170731707239738,-0.0851486550223128,-0.0091779882217926,2.03285600672968,1.009012279620502,True,0.006060606060606,False,0,0.0007010936335128,196.614568504202,,0.3262066034244009,0.282051282051282
MetroPT3,ECOD,2020-07-15 17:00:00,SHAP,1.347251761540702,False,1.8805135155729291,0.3170731707239738,-0.1579301573291859,-0.1549500655430863,5.736078946957966,1.8084153532755776,True,-0.6322217654272672,False,2,0.1938996560009946,11632.946810224825,,0.4765070942895228,0.0
MetroPT3,ECOD,2020-07-15 17:30:00,LIME,0.9040142586460744,False,1.5629556588288516,0.3170731707239738,0.143089203918867,0.2621840961681984,5.7113953957147015,1.3873856188108358,True,-0.4564729416209273,False,4,6.693999146003613,367352.4525918547,,0.6098918499394571,0.0
MetroPT3,ECOD,2020-07-15 17:30:00,MAPLE,0.2517344245333065,False,2.123868096473525,0.3170731707239738,0.1583528656801065,0.1761328172090522,1.2263703774924606,0.8534221922050946,True,-0.0545454545454545,False,0,0.0004291919206433,32.24312418090043,,0.3212183734744832,0.282051282051282
MetroPT3,ECOD,2020-07-15 17:30:00,SHAP,0.759774469473356,False,1.974277588676414,0.3170731707239738,-0.2827972465730268,-0.1590857048221955,3.671346628932552,1.0502031049565672,True,-0.4680872686336497,False,2,0.3161751941332191,13843.392311991183,,0.4026565048886943,0.0
MetroPT3,ECOD,2020-07-15 18:00:00,LIME,0.9644630741800104,False,1.563921067456738,0.3170731707239738,0.1998551784785839,0.3342354021967177,6.539638523836043,1.4243790136814385,True,-0.1188080259013372,False,4,31247.83735819544,305666.71297378594,,0.6113756052141087,0.0
MetroPT3,ECOD,2020-07-15 18:00:00,MAPLE,0.4677064011405513,False,1.982517069198739,0.3170731707239738,0.2372565646817803,0.0323523146516947,0.8287018802328838,0.877462137896174,True,0.1636363636363636,False,1,20.251631389165432,249.03465875624687,,0.4032314687128962,0.282051282051282
MetroPT3,ECOD,2020-07-15 18:00:00,SHAP,0.8166745984616692,False,1.933203775623556,0.3170731707239738,-0.1799770010669374,-0.1256683569892036,8.790644449298405,1.0635090854009133,True,-0.5835893219328621,False,2,1205.559388241757,12322.53607787783,,0.4384418758359451,0.0
MetroPT3,ECOD,2020-07-15 18:30:00,LIME,1.002371936823861,False,1.580961230603143,0.3170731707239738,0.269677155302734,0.3899288934736543,3.910203604324282,1.182242742653126,True,-0.2813874297663251,False,4,24896.781748371515,227697.7437273062,,0.5983489407659746,0.0
MetroPT3,ECOD,2020-07-15 18:30:00,MAPLE,0.3799255637922869,False,1.996818787119487,0.3170731707239738,0.2082905554363233,0.0100698493196382,1.152771212213389,0.8575998764143435,True,0.1272727272727272,False,1,4.145729151736979,79.7892669934459,,0.3963106121077421,0.282051282051282
MetroPT3,ECOD,2020-07-15 18:30:00,SHAP,0.7889149871850507,False,1.9313761335044488,0.3170731707239738,-0.1934643979386283,-0.1147296731113945,5.415692260258273,0.9525452725722662,True,-0.6443798763008685,False,2,1318.7863370438406,10940.24532692823,,0.4396194243624935,0.0
MetroPT3,ECOD,2020-07-15 19:00:00,LIME,1.7915097304148089,False,1.5603783559704147,0.6585365853497919,-0.6859682367497483,0.4140681389186963,10.442442708532113,2.200492540131594,True,-0.0687835939428794,False,4,,,,0.6095648755520673,0.0
MetroPT3,ECOD,2020-07-15 19:00:00,MAPLE,1.2138319749620907,False,2.0521156309948902,0.6585365853497919,-0.1755382727528915,0.1599376825592742,2.989342725879864,3.034598250052724,True,-0.0181818181818181,False,1,,,,0.36393695251251,0.675
MetroPT3,ECOD,2020-07-15 19:00:00,SHAP,0.766164187402864,False,1.7903816226385036,0.6585365853497919,0.1799169682687929,-0.3094443090482345,6.176213727297735,1.077144258556169,True,-0.6808542089216723,False,2,,,,0.533497940529474,0.0
MetroPT3,ECOD,2020-07-17 04:00:00,LIME,1.1310949515675828,False,1.6168521948498005,0.3170731707239738,0.2668162708031419,-0.3004772607575184,4.95244011017773,1.50204791481103,True,-0.2626282677819034,False,5,7.093811884226875,381880.6858829173,,0.5796341337365859,0.0
MetroPT3,ECOD,2020-07-17 04:00:00,MAPLE,0.5857096341711768,False,2.2013830815755204,0.3170731707239738,-0.0648720078514595,-0.0422869847465115,1.3315227406159855,0.8572053511576921,True,-0.1757575757575757,False,1,5.948986035421827e-05,3.748739599386369,,0.2541058490902648,0.282051282051282
MetroPT3,ECOD,2020-07-17 04:00:00,SHAP,0.7361472417637163,False,1.9020679019312507,0.3170731707239738,-0.0447741371474755,0.0745710857906721,5.447361958195869,0.9131042674587296,True,-0.6686960980480711,False,3,0.3221647472711256,15024.36222424837,,0.4658469850032309,0.0
MetroPT3,ECOD,2020-07-17 04:30:00,LIME,1.0700126123044464,False,1.6205240767223643,0.3170731707239738,0.2926989589909671,0.347966991480295,6.487925058913337,1.4795563069209103,True,-0.2000977278338311,False,5,7.789380013884442,385114.4452396976,,0.572065268952106,0.0
MetroPT3,ECOD,2020-07-17 04:30:00,MAPLE,0.6220715371915092,False,2.2013830815755204,0.3170731707239738,-0.0648720078514595,0.0422869130182373,1.4306955674092066,0.8564670801055451,True,-0.1757575757575757,False,1,6.14224970447059e-05,3.813951594582972,,0.2541058490902648,0.282051282051282
MetroPT3,ECOD,2020-07-17 04:30:00,SHAP,0.7118845063213005,False,1.9020679019312507,0.3170731707239738,-0.0447741371474755,-0.074571129180433,4.894631910280612,0.9129767880456904,True,-0.6686960980480711,False,3,0.3232967722905302,15024.362224291504,,0.4658469850032309,0.0
MetroPT3,ECOD,2020-07-17 05:00:00,LIME,0.8818822972058714,False,1.5603133705045409,0.3170731707239738,0.2280174875970999,0.3120910704393529,4.3440299755678495,1.3225474442333325,True,-0.3751832396884334,False,4,6.78443033611147,233661.16864640088,,0.6093550692343846,0.0
MetroPT3,ECOD,2020-07-17 05:00:00,MAPLE,0.2105242718202224,False,2.126186720169311,0.3170731707239738,-0.0767732051939142,0.011972006003746,1.3821460129441228,0.4651062691214498,True,0.006060606060606,False,0,0.0003046646009761,11.871206228832776,,0.3255432480141832,0.282051282051282
MetroPT3,ECOD,2020-07-17 05:00:00,SHAP,0.6357508783924605,False,1.972756086968388,0.3170731707239738,-0.265497830725347,-0.1155439792791667,4.063106138386606,0.8065102728516005,True,-0.4620082131968491,False,2,0.2954665528132144,10329.48220296908,,0.3990678828221405,0.0
MetroPT3,ECOD,2020-07-17 05:30:00,LIME,0.9125051246978754,False,1.565489747833753,0.3170731707239738,0.2834957999103011,0.3915555345592311,4.5923474027861655,1.1011909625633558,True,-0.3063996457455539,False,4,19632.363239551723,208368.01092556148,,0.6068603452806629,0.0
MetroPT3,ECOD,2020-07-17 05:30:00,MAPLE,0.3941502997841695,False,2.018006662584834,0.3170731707239738,0.0540096399523043,-0.0666108990850285,1.0293434861570083,0.7374488416560122,True,0.0666666666666666,False,1,1.4590300433168844,38.05502092210957,,0.3845857610470203,0.282051282051282
MetroPT3,ECOD,2020-07-17 05:30:00,SHAP,0.7788247957229221,False,1.9253547495068568,0.3170731707239738,-0.1896914449172171,-0.0893575133130581,5.265100626704243,0.9050721277803097,True,-0.705170430668875,False,2,804.6461008175388,9996.529886718765,,0.4421525706641681,0.0
MetroPT3,ECOD,2020-07-17 07:30:00,LIME,0.9813619753010576,False,1.5703129627610113,0.6585365853497919,-0.3437637734018505,-0.4308639419625742,4.5130277383034905,1.3135666414478897,True,-0.2313629978078673,False,4,,,,0.6110114615263386,0.0
MetroPT3,ECOD,2020-07-17 07:30:00,MAPLE,0.3229894828103259,False,2.098906596618483,0.6585365853497919,-0.0831970292262067,0.0662941635679424,0.7835958740599627,0.6971534856182043,True,0.3575757575757575,False,0,,,,0.343865100873201,0.6923076923076923
MetroPT3,ECOD,2020-07-17 07:30:00,SHAP,0.6915112189449509,False,1.9487076839066677,0.6585365853497919,0.21332442414178,0.088179398136493,4.337336930285965,0.8189893684938244,True,-0.705170430668875,False,2,,,,0.416435724715634,0.0
MetroPT3,ECOD,2020-07-24 23:30:00,LIME,1.871553933908004,False,1.6511287971600046,0.6585365853497919,-0.4919393920001356,-0.2166545510670642,9.191987003619232,2.372916977244475,True,-0.1563263498701806,False,4,,,,0.5537252340334994,0.0
MetroPT3,ECOD,2020-07-24 23:30:00,MAPLE,1.0237223859978175,False,1.546164261648758,0.6585365853497919,-0.0852065518424028,0.1619448149554233,7.7138542900464415,2.7579501445686385,True,0.8424242424242423,False,0,,,,0.6405004964293247,0.6923076923076923
MetroPT3,ECOD,2020-07-24 23:30:00,SHAP,0.5335751902036464,False,1.825437942373997,0.6585365853497919,0.3765978795647309,0.6964250178989416,6.284178732776241,0.8380937673720196,True,-0.6930123197952737,False,2,,,,0.5103909790281248,0.0
MetroPT3,ECOD,2020-07-25 00:00:00,LIME,1.9903480933288944,False,1.6605476068345082,0.6585365853497919,-0.4973196216709812,-0.2109395917140301,9.02317657836565,2.4880092241513143,True,-0.2563752137870961,False,4,,,,0.5520230320225512,0.0
MetroPT3,ECOD,2020-07-25 00:00:00,MAPLE,1.0607353762634106,False,1.546164261648758,0.6585365853497919,-0.0852065518424028,0.1619448149554233,6.2857844196100645,2.763433542524183,True,0.8424242424242423,False,0,,,,0.6405004964293247,0.6923076923076923
MetroPT3,ECOD,2020-07-25 00:00:00,SHAP,0.551207471506074,False,1.825437942373997,0.6585365853497919,0.3765978795647309,0.6964250178989416,5.204462547993156,0.8220755645898206,True,-0.6930123197952737,False,2,,,,0.5103909790281248,0.0
MetroPT3,ECOD,2020-07-29 00:00:00,LIME,1.9051923288407115,False,1.5410772079403974,0.6585365853497919,-0.5268910151760484,-0.2340665795175375,8.30614128065975,2.4404150849992248,True,-0.1813385658494095,False,4,,,,0.6204187054391501,0.0
MetroPT3,ECOD,2020-07-29 00:00:00,MAPLE,1.057592248013951,False,1.4648225575353102,0.6585365853497919,-0.0096689165783805,0.3293729716206734,8.58307664608683,3.915224747633396,True,0.1641344967936174,False,2,,,,0.6642061905366957,0.6923076923076923
MetroPT3,ECOD,2020-07-29 00:00:00,SHAP,0.5369342242751803,False,1.8509926408898711,0.6585365853497919,0.3544281500478969,0.4327434627892122,4.37332294807142,0.8205718116302725,True,-0.4984825458176529,False,2,,,,0.489093784030042,0.0
MetroPT3,ECOD,2020-07-29 00:30:00,LIME,2.0190766376440816,False,1.5095905338146764,0.6585365853497919,-0.4993639577645522,-0.3129583131716679,12.173997026895837,2.4062456213634893,True,-0.1313141338909517,False,4,,,,0.6287412698471705,0.0
MetroPT3,ECOD,2020-07-29 00:30:00,MAPLE,1.1066236744282842,False,1.5053475924575204,0.6585365853497919,-0.0900377373504374,0.3939926251815364,5.182785680389542,3.1092397653689807,True,-0.0060790554368006,False,2,,,,0.6280432132834316,0.6923076923076923
MetroPT3,ECOD,2020-07-29 00:30:00,SHAP,0.4807920295525248,False,1.862558879463437,0.6585365853497919,0.3974455539167522,0.3557938360635656,3.0888775420493984,0.6806019507325488,True,-0.3525852153344375,True,2,,,,0.4650866840715447,0.0
MetroPT3,ECOD,2020-07-29 01:00:00,LIME,2.083861340388831,False,1.6801195424835678,0.6585365853497919,-0.4795365153743586,-0.1859587404262404,10.605150370088612,2.5642277448565687,True,-0.1938446738390239,False,4,,,,0.5444195091527412,0.0
MetroPT3,ECOD,2020-07-29 01:00:00,MAPLE,1.0371648520159569,False,1.6165875682365358,0.6585365853497919,-0.0050317981573391,0.3516032692201695,8.117666025734035,3.354141515057341,True,0.0911858315520096,False,2,,,,0.611948894135964,0.6923076923076923
MetroPT3,ECOD,2020-07-29 01:00:00,SHAP,0.5079376752969629,False,1.836469070580223,0.6585365853497919,0.3152252932766021,0.4939219925980806,4.592709600869478,0.7509760886472494,True,-0.5957474328064633,False,2,,,,0.4973207788704472,0.0
MetroPT3,ECOD,2020-07-31 06:00:00,LIME,1.012185465220056,False,1.5901074414331873,0.3170731707239738,0.4105456267054723,-0.6530926327650443,4.809863938697751,1.172011181198932,True,-0.4189546176520839,False,4,9401.716044790282,198218.1318505224,,0.5959405412069939,0.0
MetroPT3,ECOD,2020-07-31 06:00:00,MAPLE,0.2742590234202474,False,1.9262394749957528,0.3170731707239738,-0.147481373878842,0.4193616934291945,1.221155501215963,0.5978314809130604,True,0.4909090909090908,False,0,0.4113559666324818,11.399052546730724,,0.4703498236750229,0.282051282051282
MetroPT3,ECOD,2020-07-31 06:00:00,SHAP,0.7021471542069108,False,1.892929363692544,0.3170731707239738,-0.0697176976421677,-0.0892286064721566,4.91231112092084,0.7873574503822904,True,-0.6322217654272672,False,2,521.2652526691503,10007.206349908682,,0.4513370519626897,0.0
MetroPT3,ECOD,2020-08-03 02:00:00,LIME,2.0180265406096867,False,1.5994400850348087,0.6585365853497919,-0.3554276887516595,0.0163712642641089,10.32800575672001,2.409912249283712,True,-0.2813874297663251,True,4,,,,0.5939334554585535,0.0
MetroPT3,ECOD,2020-08-03 02:00:00,MAPLE,1.2090613338615437,False,1.5572744659847686,0.6585365853497919,-0.1170280892538345,0.3044720610422449,5.287876882727574,4.298066946496676,True,0.0060790554368006,True,2,,,,0.6152702673371064,0.6923076923076923
MetroPT3,ECOD,2020-08-03 02:00:00,SHAP,0.3361311318314598,False,1.8432171589815431,0.6585365853497919,0.3794330572392499,0.5403795127489377,3.119492556272703,0.4982486726680969,True,-0.5227987675648555,True,2,,,,0.4744439632570534,0.0
MetroPT3,ECOD,2020-08-03 05:00:00,LIME,2.0401075048370942,False,1.5523019982565016,0.6585365853497919,-0.3808096606187969,-0.0118009413876103,11.005842870960596,2.3629148367968456,True,-0.2813874297663251,True,4,,,,0.6156677761081547,0.0
MetroPT3,ECOD,2020-08-03 05:00:00,MAPLE,1.091827607983677,False,1.5572744659847686,0.6585365853497919,-0.1170280892538345,0.3044720610422449,5.285998950692352,4.346854590549125,True,0.0060790554368006,True,2,,,,0.6152702673371064,0.6923076923076923
MetroPT3,ECOD,2020-08-03 05:00:00,SHAP,0.3491671550030178,False,1.8432171589815431,0.6585365853497919,0.3794330572392499,0.5403795127489377,3.758843134277293,0.4873577480969115,True,-0.5227987675648555,True,2,,,,0.4744439632570534,0.0
MetroPT3,ECOD,2020-08-03 05:30:00,LIME,2.1481673075001724,False,1.5901718168326968,0.6585365853497919,-0.3711937565775847,-0.0218824704312801,13.807102579328877,2.447989189689007,True,-0.2438691057974817,True,4,,,,0.5985778068876073,0.0
MetroPT3,ECOD,2020-08-03 05:30:00,MAPLE,1.2280215141096913,False,1.5572744659847686,0.6585365853497919,-0.1170280892538345,0.3044720610422449,6.01707843292946,4.160458696888719,True,0.0060790554368006,True,2,,,,0.6152702673371064,0.6923076923076923
MetroPT3,ECOD,2020-08-03 05:30:00,SHAP,0.3405745455041276,False,1.8432171589815431,0.6585365853497919,0.3794330572392499,0.5403795127489377,3.0665449770182693,0.4743324110293494,True,-0.5227987675648555,True,2,,,,0.4744439632570534,0.0
MetroPT3,ECOD,2020-08-03 06:00:00,LIME,2.014183621136307,False,1.5641551125077422,0.6585365853497919,-0.3880433497381629,-0.0394210648289486,9.84157151790542,2.344876730737665,True,-0.2438691057974817,True,4,,,,0.6082281565955271,0.0
MetroPT3,ECOD,2020-08-03 06:00:00,MAPLE,1.3760499936541484,False,1.5572744659847686,0.6585365853497919,-0.1170280892538345,0.3044720610422449,7.298597767174699,4.799974553827451,True,0.0060790554368006,True,2,,,,0.6152702673371064,0.6923076923076923
MetroPT3,ECOD,2020-08-03 06:00:00,SHAP,0.3465808337851011,False,1.8432171589815431,0.6585365853497919,0.3794330572392499,0.5403795127489377,3.69752324092504,0.510671920817871,True,-0.5227987675648555,True,2,,,,0.4744439632570534,0.0
MetroPT3,ECOD,2020-08-05 08:30:00,LIME,0.8680236856436315,False,1.554856471554271,0.3170731707239738,0.245759573901492,-0.3328213203843888,4.995084432001271,1.2604195390204511,True,-0.1625794038649878,False,4,7.343282338998077,267452.7172494372,,0.6109698280697761,0.0
MetroPT3,ECOD,2020-08-05 08:30:00,MAPLE,0.2573708969586249,False,2.1234871653462486,0.3170731707239738,-0.1672325534099374,0.3478677027804947,1.624824805699021,0.5016855947200893,True,0.2727272727272727,False,0,6.650809743124037e-05,3.268403156785186,,0.3286933542271694,0.282051282051282
MetroPT3,ECOD,2020-08-05 08:30:00,SHAP,0.7387697015773731,False,1.963809160780838,0.3170731707239738,-0.2159444777811376,0.0885149274726584,4.640091299926752,1.029804178395125,True,-0.4255338805760452,False,2,0.3092850559573724,10475.913917975564,,0.4122692796362709,0.0
MetroPT3,ECOD,2020-08-07 04:30:00,LIME,1.9787974369756685,False,1.5271232025750685,0.3170731707239738,0.8146428700771958,-0.6044439327353335,8.867189167578648,2.544428246428366,True,0.3001465917507467,False,4,3.49975951380007,245645.9746479964,,0.6140763860757994,0.0
MetroPT3,ECOD,2020-08-07 04:30:00,MAPLE,0.7759096960268747,False,1.1068113169716611,0.3170731707239738,0.3148929432693268,-0.2194503229477256,5.842732347119345,1.0004676280519351,True,-0.1272727272727272,False,1,13.53385535788065,1246858.6226644856,,0.7564116174617617,0.0714285714285714
MetroPT3,ECOD,2020-08-07 04:30:00,SHAP,0.5982056844435326,False,2.001693594563205,0.3170731707239738,-0.198239387285834,0.1470454946924173,4.740492005905825,0.8573637992290478,True,-0.406060606060606,False,1,0.1434027016746113,7495.412331436452,,0.4065983390577534,0.0
MetroPT3,ECOD,2020-08-08 16:00:00,LIME,1.924435854817236,False,1.5308638932720835,0.6585365853497919,-0.7501966436896181,-0.2475601636331546,8.687459251145125,2.420601698858205,True,0.3876893476780478,False,4,,,,0.6143699065710949,0.0
MetroPT3,ECOD,2020-08-08 16:00:00,MAPLE,1.0754052799496736,False,1.7018326164051216,0.6585365853497919,0.0381897317241969,0.247772442373264,5.057415099934236,3.0561747879222865,True,0.3818181818181818,False,1,,,,0.5575366609613395,0.675
MetroPT3,ECOD,2020-08-08 16:00:00,SHAP,0.3759232456113281,False,1.9991526143298584,0.6585365853497919,0.1348696734247746,0.2044844211503217,4.547028772484872,0.5055202908456236,True,-0.5636363636363636,False,1,,,,0.3886329307390587,0.0
MetroPT3,ECOD,2020-08-08 20:00:00,LIME,2.0219462552244964,False,1.5996532835665127,0.6585365853497919,-0.7505105952920624,-0.3213493157275768,13.502762019584653,2.463590305573577,True,0.1938446738390239,False,4,,,,0.5903168137677608,0.0
MetroPT3,ECOD,2020-08-08 20:00:00,MAPLE,1.1659816414189197,False,1.899432856234476,0.6585365853497919,0.1848101955247099,0.2379603431001985,8.030543903248912,3.8062921947780777,True,0.2242424242424242,False,1,,,,0.4436389303014156,0.675
MetroPT3,ECOD,2020-08-08 20:00:00,SHAP,0.3874516620104869,False,1.9897310751560549,0.6585365853497919,0.0117828422614884,0.1049792023892514,5.440919272941563,0.4896237002365632,True,-0.4303030303030302,False,1,,,,0.3926300987838509,0.0
MetroPT3,ECOD,2020-08-09 00:00:00,LIME,2.031031046034498,False,1.6296636790019412,0.6585365853497919,-0.7341794999629792,-0.365211370849837,9.092928221464028,2.497829533954548,True,0.2376160518026745,False,4,,,,0.5760485851230137,0.0
MetroPT3,ECOD,2020-08-09 00:00:00,MAPLE,2.1925949149649573,False,1.977315319719808,0.6585365853497919,0.2488185741730127,-0.0776036303423158,5.460094624858055,5.646347176859573,True,0.2606060606060606,False,1,,,,0.4115136023203814,0.675
MetroPT3,ECOD,2020-08-09 00:00:00,SHAP,0.3423272205578643,False,1.9854990083696888,0.6585365853497919,-0.0088780171312322,0.0702821529597933,5.411735819490423,0.4358100269784034,True,-0.4303030303030302,True,1,,,,0.3922967052624918,0.0
MetroPT3,ECOD,2020-08-10 11:30:00,LIME,1.6919185429259351,False,1.5528723851134147,0.3170731707239738,0.8817495977008262,-0.4761185501749339,10.935247108496858,2.284728376412912,True,0.4064485096624696,True,4,1.70645846969876,485816.7118098538,,0.599348635854131,0.0
MetroPT3,ECOD,2020-08-10 11:30:00,MAPLE,0.8176129034140176,False,1.791951006741808,0.3170731707239738,0.3541502359939684,-0.3234817077894323,3.969474838636082,1.3365496710703533,True,-0.2242424242424242,False,1,4.9369750620441455e-05,13.749601250078443,,0.5384915494724841,0.0
MetroPT3,ECOD,2020-08-10 11:30:00,SHAP,0.8081980481782964,False,2.005420625091776,0.3170731707239738,-0.358962792054713,0.2448270643570291,4.239817514650039,1.1344296212595548,True,-0.4909090909090908,False,1,0.0803577155138238,13232.19042439183,,0.4014882727497633,0.0
MetroPT3,ECOD,2020-08-12 23:00:00,LIME,1.9593449489805408,False,1.5165592550556115,0.6585365853497919,-0.7661686710081114,-0.4225019829492065,8.586299161543913,2.456538991609752,True,0.3001465917507467,False,4,,,,0.6093017428246171,0.0
MetroPT3,ECOD,2020-08-12 23:00:00,MAPLE,0.9038616757194688,False,1.908041541867296,0.6585365853497919,-0.0775126582572202,-0.0495378614540643,3.1400811941261884,2.6638760787040963,True,-0.0424242424242424,False,1,,,,0.4316022320194855,0.675
MetroPT3,ECOD,2020-08-12 23:00:00,SHAP,0.4803983169118739,False,2.001582305257504,0.6585365853497919,0.1042870858151337,0.0662540710291644,4.680646372295916,0.6588855208648022,True,-0.3696969696969697,False,1,,,,0.3973356166804476,0.0
MetroPT3,ECOD,2020-08-12 23:30:00,LIME,1.92911470954164,False,1.602793217000742,0.6585365853497919,-0.7227247087639184,-0.3485892526702031,8.913107928290154,2.2350601585873577,True,0.2813874297663251,True,4,,,,0.5811269050898618,0.0
MetroPT3,ECOD,2020-08-12 23:30:00,MAPLE,2.327122030704192,False,1.885248576602196,0.6585365853497919,0.2603649391296185,-0.1521172259410427,4.6152194340359625,5.837570677207005,True,-0.0424242424242424,True,1,,,,0.4749557829295808,0.675
MetroPT3,ECOD,2020-08-12 23:30:00,SHAP,0.3319991854726888,False,1.973471818563048,0.6585365853497919,-0.0842459360939471,0.0601748155110175,4.609238270467942,0.433296745212238,True,-0.4545454545454545,True,1,,,,0.404399279474977,0.0
MetroPT3,ECOD,2020-08-14 23:00:00,LIME,1.9913631922652124,False,1.6252569964905863,0.6585365853497919,-0.7208966236521683,-0.278497830837515,11.623139251094948,2.38933160767234,True,-0.0062530539948072,True,4,,,,0.5715049743814289,0.0
MetroPT3,ECOD,2020-08-14 23:00:00,MAPLE,2.0149807948123457,False,1.9953786370876785,0.6585365853497919,-0.0142536280134861,-0.3736678513642809,5.692530532862829,4.542738364546575,True,0.1272727272727272,True,1,,,,0.3963128648305238,0.675
MetroPT3,ECOD,2020-08-14 23:00:00,SHAP,0.3728452769675843,False,1.9829173810980136,0.6585365853497919,-0.0506242809497501,0.0883382064797714,7.2313709477060115,0.5084688840317857,True,-0.4181818181818181,True,1,,,,0.3941688134301612,0.0
MetroPT3,ECOD,2020-08-15 00:00:00,LIME,1.9842354207816788,False,1.620200323282671,0.6585365853497919,-0.7117688547194957,-0.2556173263073948,8.889306196384892,2.5199625080792445,True,-0.0312652699740361,True,4,,,,0.5807485142020403,0.0
MetroPT3,ECOD,2020-08-15 00:00:00,MAPLE,2.048112955501556,False,1.9953786370876785,0.6585365853497919,-0.0142536280134861,-0.3736678513642809,3.372375940582104,4.551049486742774,True,0.1272727272727272,True,1,,,,0.3963128648305238,0.675
MetroPT3,ECOD,2020-08-15 00:00:00,SHAP,0.384064997294446,False,1.9829173810980136,0.6585365853497919,-0.0506242809497501,0.0883382064797714,5.98027489100554,0.5018082134105369,True,-0.4181818181818181,True,1,,,,0.3941688134301612,0.0
MetroPT3,ECOD,2020-08-15 05:30:00,LIME,2.0970121442065226,False,1.616996344862947,0.6585365853497919,-0.4183911649014828,-0.1977277710701851,9.901952225949284,2.535959785138761,True,0.0687835939428794,True,4,,,,0.5750150811199805,0.0
MetroPT3,ECOD,2020-08-15 05:30:00,MAPLE,2.346857315090462,False,1.9518680121842245,0.6585365853497919,-0.3061207426234487,-0.3367967478130396,4.429328341529965,6.122437612956072,True,-0.066869609804807,True,2,,,,0.4154238191765928,0.6923076923076923
MetroPT3,ECOD,2020-08-15 05:30:00,SHAP,0.3211799063487704,False,1.84052547710006,0.6585365853497919,0.4185604934117498,0.6258517176687078,5.1157367572985,0.4860465335091992,True,-0.7416447632896789,True,2,,,,0.4826434231901209,0.0
MetroPT3,ECOD,2020-08-15 08:30:00,LIME,1.946285286656771,False,1.4848775744327949,0.6585365853497919,-0.5655143796436595,-0.5070042708253923,9.796179694166671,2.430128202251905,True,-0.2063507818286384,False,4,,,,0.628694291527003,0.0
MetroPT3,ECOD,2020-08-15 08:30:00,MAPLE,0.6616724497813593,False,1.171732490177811,0.6585365853497919,-0.0974817036056002,-0.3278975692808736,5.098600379833241,0.98620454858887,True,-0.1515151515151515,False,1,,,,0.6875607330217223,0.675
MetroPT3,ECOD,2020-08-15 08:30:00,SHAP,1.2748104865286556,False,1.5937570843016151,0.6585365853497919,-0.2409843859220699,-0.3890158324508906,5.840990360732253,1.798329134226843,True,-0.37690143708164,False,2,,,,0.6224327341732678,0.0
MetroPT3,ECOD,2020-08-19 00:30:00,LIME,1.9120398897984368,False,1.6719656470345905,0.6585365853497919,-0.6911009390988311,-0.1331645014676407,9.158237049483066,2.3134720455216264,True,-0.0937958099221083,True,4,,,,0.5426581552709736,0.0
MetroPT3,ECOD,2020-08-19 00:30:00,MAPLE,2.25600012572298,False,1.9584851109155543,0.6585365853497919,0.1569700816092972,-0.2586070743933458,5.366090029822809,6.247918076419848,True,-0.0666666666666666,True,1,,,,0.4319378194546225,0.675
MetroPT3,ECOD,2020-08-19 00:30:00,SHAP,0.3302629243372794,False,1.9661595520731,0.6585365853497919,-0.1008160126397637,0.0547432171372116,6.710242598139236,0.4581119466043474,True,-0.3696969696969697,True,1,,,,0.4055160790043751,0.0
MetroPT3,ECOD,2020-08-19 11:00:00,LIME,1.7866532685994865,False,1.46117290929001,0.3170731707239738,0.7723865908751176,-0.5100588164866959,8.162303357911346,2.3569783487806983,True,0.475232103605349,False,4,2.5995696355725,304874.15230026067,,0.6326759859857398,0.0
MetroPT3,ECOD,2020-08-19 11:00:00,MAPLE,0.6149392409940067,False,1.7989130767997072,0.3170731707239738,-0.5087151981773983,0.1955412271575262,5.470899163230214,3.076177008763913,True,0.0909090909090908,False,0,0.000801856095605,124.97117113130494,,0.5323087231791229,0.282051282051282
MetroPT3,ECOD,2020-08-19 11:00:00,SHAP,0.600549231601048,False,1.988217034802169,0.3170731707239738,-0.0931687393223493,-0.0381559539364515,5.304069502930846,0.8148824661610936,True,-0.1272727272727272,False,1,0.0651453606511777,8270.975410110355,,0.4020963304238005,0.0
MetroPT3,ECOD,2020-08-22 12:30:00,LIME,1.7707774208549332,False,1.5460808024337005,0.3170731707239738,0.7422719565578716,-0.2796776306101739,11.596616051872978,2.270795849003218,True,0.0250122159792288,False,4,2.673671000170939,228854.9249021301,,0.6083106443680343,0.0
MetroPT3,ECOD,2020-08-22 12:30:00,MAPLE,0.8279186172615493,False,1.5753089806648584,0.3170731707239738,0.4653351791793587,-0.4409296228567341,2.7215122984955467,1.9993793638451056,True,0.1515151515151515,False,1,22.535652862415404,1331333.5458471472,,0.619971806162729,0.3
MetroPT3,ECOD,2020-08-22 12:30:00,SHAP,0.5718541829643625,False,1.9879336261053189,0.3170731707239738,-0.1822772690434795,0.2004861351237288,3.908954713065358,0.798320748433727,True,-0.5151515151515151,False,1,0.116061911884615,6578.717823619988,,0.4148232926673303,0.0
MetroPT3,ECOD,2020-08-24 06:30:00,LIME,1.8022727066519084,False,1.5838861819856285,0.6585365853497919,-0.8138984973562707,-0.5376017754012994,8.866666507515376,2.2405531973147124,True,0.2688813217767106,False,4,,,,0.5842078761583556,0.0
MetroPT3,ECOD,2020-08-24 06:30:00,MAPLE,2.15647832763279,False,1.9972321425280324,0.6585365853497919,0.1969996297695915,-0.1837612344669932,4.177037489412179,5.142981892514672,True,0.1272727272727272,False,1,,,,0.4095391929777025,0.675
MetroPT3,ECOD,2020-08-24 06:30:00,SHAP,0.3438343410416529,False,1.9833223525576944,0.6585365853497919,-0.0552120386873347,0.0482247372400582,3.4358469211847718,0.4141157640559878,True,-0.3333333333333332,False,1,,,,0.3970873759135924,0.0
MetroPT3,ECOD,2020-08-24 10:00:00,LIME,1.893306894578245,False,1.6537816881823229,0.6585365853497919,-0.7479710171737681,-0.3347073812906201,9.264796349682491,2.3257383835449663,True,0.168832457859795,False,4,,,,0.5473521957796481,0.0
MetroPT3,ECOD,2020-08-24 10:00:00,MAPLE,1.1585817122106432,False,1.6140277315528255,0.6585365853497919,-0.0159196514915443,-0.0401776404161848,8.52583449455266,2.76452679402928,True,0.006060606060606,False,1,,,,0.6030805795175319,0.6923076923076923
MetroPT3,ECOD,2020-08-24 10:00:00,SHAP,0.3728303829428609,False,1.987835570085072,0.6585365853497919,0.0360683015010196,0.1526576922369082,5.394151689015367,0.4512972101969942,True,-0.5030303030303029,False,1,,,,0.3952209195700609,0.0
MetroPT3,ECOD,2020-08-30 08:30:00,LIME,1.8646054847536768,False,1.6873104583502787,0.6585365853497919,-0.3111837774616482,0.0818897467233152,10.086407692066237,2.288407046673412,True,-0.3314118617247829,True,4,,,,0.5232025659394541,0.0
MetroPT3,ECOD,2020-08-30 08:30:00,MAPLE,1.437669507399976,False,1.9159919689508211,0.6585365853497919,-0.1588401049502295,0.1283327308801733,5.640230593001337,5.03446047345302,True,0.1276601641728135,True,2,,,,0.4537450711583888,0.6923076923076923
MetroPT3,ECOD,2020-08-30 08:30:00,SHAP,0.4674319997866414,False,1.8274499926213053,0.6585365853497919,0.4448361722702939,0.6898903487372816,4.5047785049929,0.6735054244684313,True,-0.705170430668875,True,2,,,,0.4989221272999603,0.0
MetroPT3,ECOD,2020-08-30 19:00:00,LIME,1.9794879054756245,False,1.4635625102475034,0.6585365853497919,-0.5008622990404688,-0.3165234001983012,8.532002873645444,2.435602322202026,True,-0.056277485953265,False,4,,,,0.6430844379712662,0.0
MetroPT3,ECOD,2020-08-30 19:00:00,MAPLE,1.0973595757895096,False,1.6133767446619776,0.6585365853497919,-0.1385875677038537,0.3061652740161591,6.283264791488913,2.9952188198585814,True,0.0182371663104019,False,2,,,,0.588478021246428,0.6923076923076923
MetroPT3,ECOD,2020-08-30 19:00:00,SHAP,0.4496621915585479,False,1.858601141258045,0.6585365853497919,0.3676597604536486,0.3419731606732613,4.095651955320773,0.7078595713381626,True,-0.4012176588288426,False,2,,,,0.4687910846514952,0.0
MetroPT3,HBOS,2020-07-08 17:30:00,LIME,1.3318889100214906,False,1.569309091968207,0.7317073170553243,-0.1432734913716401,0.5421372394315208,10.091839889070318,2.198390082071564,True,-0.3939424016728551,False,7,,,,0.6110120996247047,0.0
MetroPT3,HBOS,2020-07-08 17:30:00,MAPLE,0.7196063723066188,False,1.5072507642470043,0.7317073170553243,-0.4238574777440841,-0.0933903599592433,5.16632619202236,1.0223761123186323,True,-0.0545454545454545,False,2,,,,0.5913772336548104,0.7142857142857143
MetroPT3,HBOS,2020-07-08 17:30:00,SHAP,5.042759076541583,False,1.845608028922068,0.7317073170553243,-0.29867653966079,0.6548299619377739,17.712410913709007,6.768884902381353,True,-0.7781190959104828,False,5,,,,0.5011710924582,0.0
MetroPT3,HBOS,2020-07-08 18:30:00,LIME,1.0307165408798171,False,1.529264899752763,0.7317073170553243,-0.3068298483437129,0.1350323562826843,14.624220860487236,1.738812455418174,True,-0.3063996457455539,False,7,,,,0.6241291565479365,0.0
MetroPT3,HBOS,2020-07-08 18:30:00,MAPLE,0.7398671629075397,False,1.486909438242066,0.7317073170553243,-0.4514495247984169,-0.1091919198776582,5.088962391736583,0.9701409353412732,True,0.1151515151515151,False,2,,,,0.6384845711894855,0.6363636363636364
MetroPT3,HBOS,2020-07-08 18:30:00,SHAP,4.487025105943529,False,1.719738357474956,0.7317073170553243,-0.410523049076228,0.765042192126728,12.88343020147191,5.306238289173073,True,-0.6930123197952737,False,5,,,,0.5701186817809016,0.0
MetroPT3,HBOS,2020-07-15 16:00:00,LIME,0.8551302725695287,False,1.5324426046363335,0.7317073170553243,-0.2382917621764341,0.2442559004241949,10.168208796339757,1.314780740293552,True,-0.4189546176520839,False,6,,,,0.6035919140987421,0.0
MetroPT3,HBOS,2020-07-15 16:00:00,MAPLE,1.2798033804792588,False,1.541712586267199,0.7317073170553243,-0.382419269459726,0.0261984021992513,5.331007519671529,2.001569299059111,True,-0.3619904402925107,False,3,,,,0.6283915719982894,0.7666666666666667
MetroPT3,HBOS,2020-07-15 16:00:00,SHAP,1.488893343673994,False,1.5094184473545365,0.7317073170553243,-0.4220455509578072,0.8312852581877817,10.026791431354638,1.6703498778675387,True,-0.7294866524160775,False,4,,,,0.6521901627303218,0.0
MetroPT3,HBOS,2020-07-15 17:00:00,LIME,0.8422075894728585,False,1.663601502536398,0.2439024390184414,0.4134846051104438,0.3936342733639997,10.23424378723482,1.297081449658319,True,-0.4814851576001562,False,5,0.6488636640320743,68385.98005387836,,0.5385663182049578,0.0
MetroPT3,HBOS,2020-07-15 17:00:00,MAPLE,0.4094898726148974,False,1.9926505780052155,0.2439024390184414,-0.3539327928155066,-0.139842766356795,2.720083744525677,2.2462514408309784,True,0.1151515151515151,False,3,0.0007332018677685,70.4389004950249,,0.4143552684294267,0.2631578947368421
MetroPT3,HBOS,2020-07-15 17:00:00,SHAP,1.1502386461349603,False,1.738225162000697,0.2439024390184414,0.4331683826577565,0.9402389015765537,9.68070534927353,1.4120596873087343,True,-0.8997002046464956,False,5,3.93642208031704,398104.9879871291,,0.5396434861096462,0.0
MetroPT3,HBOS,2020-07-15 17:30:00,LIME,0.6321184790360995,False,1.7022806007154925,0.2439024390184414,-0.0199589057308042,0.2325657650650356,7.801971854909022,0.7932866858341777,True,-0.6199335592351852,False,5,1.0808057959479265,171039.10873889562,,0.5223622972553001,0.0
MetroPT3,HBOS,2020-07-15 17:30:00,MAPLE,0.350048991620827,False,1.951794554282121,0.2439024390184414,-0.4009717618542315,-0.2912768573439527,2.0543224905384334,2.204676508749974,True,-0.3482222584194486,False,3,0.0011644112858669,199.7612781839165,,0.4444757854587753,0.2702702702702703
MetroPT3,HBOS,2020-07-15 17:30:00,SHAP,0.940411503483132,False,1.8665507718653904,0.2439024390184414,0.2070539387092924,0.6780394117258192,9.952655112447964,1.1727380015076547,True,-0.5478938010789939,False,5,7.709288111357085,970439.9198929332,,0.4542199880005408,0.0
MetroPT3,HBOS,2020-07-15 18:00:00,LIME,0.6469228105018641,False,1.6478004950880971,0.2439024390184414,0.035091679277617,0.3053820671075473,7.818845667057802,0.8311150189787505,True,-0.4469150217965969,False,6,5431.231857712913,117190.32066145094,,0.5293596964176654,0.0
MetroPT3,HBOS,2020-07-15 18:00:00,MAPLE,0.3784362526797293,False,2.0316046512899657,0.2439024390184414,-0.2672680342818476,-0.2138105777956004,1.4812615640030635,1.1016132229130495,True,-0.0711159002218759,False,3,0.455754791262218,16.717272475314477,,0.3899473201896597,0.2702702702702703
MetroPT3,HBOS,2020-07-15 18:00:00,SHAP,1.0093582627115685,False,1.777823773191645,0.2439024390184414,0.3966795489033708,0.8673027469508106,8.871777898363025,1.215509981273864,True,-0.2788447874269649,False,4,34613.72709023079,664325.7874514608,,0.4931687615352111,0.0
MetroPT3,HBOS,2020-07-15 18:30:00,LIME,0.6758962465055466,False,1.6366077662369287,0.2439024390184414,0.1895128614442797,0.3843265805115854,7.093758577833748,0.8669015317563742,True,-0.6440645614651441,False,5,3858.32654427235,73689.76649935586,,0.57026489403786,0.0
MetroPT3,HBOS,2020-07-15 18:30:00,MAPLE,0.3099435833795596,False,2.0062386028484456,0.2439024390184414,-0.0933157375023781,-0.094297119447568,2.094533563072913,1.221694921295429,True,-0.2242424242424242,False,2,0.6057980006931811,10.881245432186525,,0.409872690812695,0.2564102564102564
MetroPT3,HBOS,2020-07-15 18:30:00,SHAP,1.0484370188863086,False,1.7500163995369955,0.2439024390184414,0.2769361049596749,0.8214965682127093,12.147821002480498,1.234049794628268,True,-0.8267515394048879,False,3,27441.215499629325,445360.2421758972,,0.5315847535733279,0.0
MetroPT3,HBOS,2020-07-15 19:00:00,LIME,1.1268911742125447,False,1.6444217399958665,0.7317073170553243,-0.2515283389400215,-0.2192183518502997,11.016239223055589,1.715965192986386,True,-0.2813874297663251,False,8,,,,0.5575813094877491,0.0
MetroPT3,HBOS,2020-07-15 19:00:00,MAPLE,1.0550265534448806,False,1.8050222724644944,0.7317073170553243,0.3850601794066661,0.1553301691956869,4.761887828508743,2.1584862852661217,True,0.2484848484848484,False,4,,,,0.529922675348224,0.7027027027027027
MetroPT3,HBOS,2020-07-15 19:00:00,SHAP,4.700103592968959,False,1.840053698217445,0.7317073170553243,-0.4596780238756361,0.2764689902153576,13.827134706748485,5.953494904967204,True,-0.7538028741632801,False,6,,,,0.5010877228448127,0.0
MetroPT3,HBOS,2020-07-17 04:00:00,LIME,0.9166263089618724,False,1.6651143696279511,0.7317073170553243,-0.3228839490141394,-0.2696004041396694,14.272794021883808,1.437803384851263,True,-0.3501710237092045,False,5,,,,0.5347475345715224,0.0
MetroPT3,HBOS,2020-07-17 04:00:00,MAPLE,0.4999323657442244,False,1.8758267562714064,0.7317073170553243,0.5528276924171214,0.4763200074189967,1.8216669794779223,0.7589689240949382,True,-0.2121212121212121,True,1,,,,0.5019166532877446,0.717948717948718
MetroPT3,HBOS,2020-07-17 04:00:00,SHAP,1.2856907293061213,False,1.7030155984371795,0.7317073170553243,-0.4371683850152808,-0.6013700740836254,13.4082935300343,1.4384712300982336,True,-0.705170430668875,False,3,,,,0.5784587500152895,0.0
MetroPT3,HBOS,2020-07-17 04:30:00,LIME,1.1040181185144853,False,1.58721972131028,0.7317073170553243,-0.2619548453300405,0.1409098005790809,13.167437925916357,1.6553259883549412,True,-0.3501710237092045,False,5,,,,0.5950062605154538,0.0
MetroPT3,HBOS,2020-07-17 04:30:00,MAPLE,0.5299510037852992,False,1.8758267562714064,0.7317073170553243,0.5528276924171214,-0.476320008611414,1.930283706875799,0.7559224145650479,True,-0.2121212121212121,True,1,,,,0.5019166532877446,0.717948717948718
MetroPT3,HBOS,2020-07-17 04:30:00,SHAP,1.281391249080396,False,1.7030155984371795,0.7317073170553243,-0.4371683850152808,0.6013701315873954,11.312739189225342,1.445887774841569,True,-0.705170430668875,False,3,,,,0.5784587500152895,0.0
MetroPT3,HBOS,2020-07-17 05:00:00,LIME,0.7116677887622225,False,1.60378963994272,0.2439024390184414,0.2525802623091662,0.3634020082086182,5.687231127720198,0.9280822933929148,True,-0.6603669725054194,False,4,1.3756196033312946,157422.2909238347,,0.5692890867359808,0.0
MetroPT3,HBOS,2020-07-17 05:00:00,MAPLE,0.2643581671882707,False,1.8717910021444528,0.2439024390184414,-0.4229152468907183,-0.2981223382712717,1.4605365591368278,0.644749980153467,True,0.1486968822821042,False,2,0.0139158791468913,2479.824415398115,,0.4792687473040811,0.2702702702702703
MetroPT3,HBOS,2020-07-17 05:00:00,SHAP,0.8854723283193606,False,1.7542473192874348,0.2439024390184414,0.1694916264440166,0.599304668957844,9.076615509929455,0.9951575690593704,True,-0.7716867372978795,False,4,5.585835709595337,824454.3148025979,,0.5301208489398156,0.0
MetroPT3,HBOS,2020-07-17 05:30:00,LIME,0.6744361351331368,False,1.6523154246966998,0.2439024390184414,0.2536959678506419,0.4748297962858397,7.858218474583441,0.8691776852993015,True,-0.5936632379089123,False,5,4113.204704803483,96929.81001696031,,0.5533865900231769,0.0
MetroPT3,HBOS,2020-07-17 05:30:00,MAPLE,0.3146848433199396,False,2.0015909890461385,0.2439024390184414,-0.2459790297480102,-0.2011585854344826,1.4647949339477755,0.7370823693541683,True,-0.2004175369889231,False,2,0.3027354196108256,9.654618985608428,,0.4133621071497989,0.2631578947368421
MetroPT3,HBOS,2020-07-17 05:30:00,SHAP,0.974516028471892,False,1.7261269165184678,0.2439024390184414,0.2924153022280479,0.8421404527996803,10.278280556095522,1.166275235243753,True,-0.7716867372978795,False,3,23974.643486452947,541533.1847158349,,0.5421322063356708,0.0
MetroPT3,HBOS,2020-07-17 07:30:00,LIME,0.6447885116254174,False,1.6225670973300406,0.2439024390184414,0.2706899375751573,-0.429460771121361,8.367966874675291,0.8709800327944848,True,-0.3935520341193913,False,5,3209.7899887866743,105101.27669018712,,0.5535287053480186,0.0
MetroPT3,HBOS,2020-07-17 07:30:00,MAPLE,0.2550317653328029,False,1.9901565707066704,0.2439024390184414,-0.2853391483692318,0.2542477387360531,2.1874259894984007,0.6815935645455578,True,0.0711159002218759,False,2,0.2728513785195436,9.873593344619144,,0.4212133823771208,0.2564102564102564
MetroPT3,HBOS,2020-07-17 07:30:00,SHAP,0.9700303791918012,False,1.6986087795485398,0.2439024390184414,0.337789884534862,-0.8384550697689135,9.54836634129442,1.1426611218734892,True,-0.382600987399789,False,3,19952.97186286825,592390.5108556079,,0.5553683156005849,0.0
MetroPT3,HBOS,2020-07-24 23:30:00,LIME,1.4416455869234244,False,1.648568228836255,0.7317073170553243,-0.4570667585120704,-0.1177883791053829,31.374282895856595,2.382062083211206,True,-0.4814851576001562,True,8,,,,0.5743693608556644,0.0
MetroPT3,HBOS,2020-07-24 23:30:00,MAPLE,1.1581107472021153,False,1.3944863179810256,0.7317073170553243,0.3583210148486609,0.1133765045263762,5.8727231264414295,1.675446849210844,True,-0.239281816464541,True,7,,,,0.6896972516878157,0.6944444444444444
MetroPT3,HBOS,2020-07-24 23:30:00,SHAP,5.083271208877125,False,1.861579894437405,0.7317073170553243,-0.1767432485606492,0.1779829100282597,17.63411321606643,6.351292244160373,True,-0.790277206784084,True,6,,,,0.4879910414176278,0.0
MetroPT3,HBOS,2020-07-25 00:00:00,LIME,1.7720273257121368,False,1.6068092640375484,0.7317073170553243,-0.5079786640941074,-0.1895238371652021,11.611515632282233,2.4886746777751125,True,-0.4564729416209273,True,8,,,,0.5876897199812852,0.0
MetroPT3,HBOS,2020-07-25 00:00:00,MAPLE,1.1334296900547407,False,1.3944863179810256,0.7317073170553243,0.3583210148486609,0.1133765045263762,6.130909245531104,1.6483120525769697,True,-0.239281816464541,True,7,,,,0.6896972516878157,0.6944444444444444
MetroPT3,HBOS,2020-07-25 00:00:00,SHAP,5.0463964789364,False,1.861579894437405,0.7317073170553243,-0.1767432485606492,0.1779829100282597,12.856864977264916,5.4691700627614415,True,-0.790277206784084,True,6,,,,0.4879910414176278,0.0
MetroPT3,HBOS,2020-07-29 00:00:00,LIME,1.6482874490038122,False,1.5890663396157485,0.7317073170553243,-0.4769990582943897,-0.1769714330591712,15.782501863573636,2.474204945426462,True,-0.4439668336313129,True,8,,,,0.6057905944172787,0.0
MetroPT3,HBOS,2020-07-29 00:00:00,MAPLE,1.141711539308795,False,1.4284144565750558,0.7317073170553243,0.3055641868600928,0.1192210459572814,4.768997562644499,1.6098887321891326,True,-0.1945297739776207,True,6,,,,0.6793842412370525,0.7142857142857143
MetroPT3,HBOS,2020-07-29 00:00:00,SHAP,5.173780814908417,False,1.835741258533219,0.7317073170553243,-0.2248199995918157,0.0306811773445331,14.229007167435151,5.91486834467425,True,-0.7294866524160775,True,6,,,,0.5077928232098473,0.0
MetroPT3,HBOS,2020-07-29 00:30:00,LIME,1.198237159115659,False,1.4965660162911985,0.7317073170553243,-0.1756974488709751,-0.6755020611883693,10.440062902534445,1.9830133202140796,True,-0.5940401295066863,False,7,,,,0.6456224102110094,0.0
MetroPT3,HBOS,2020-07-29 00:30:00,MAPLE,0.6752445155465806,False,1.3804046817814706,0.7317073170553243,-0.19808508091992,0.1070829834509653,3.404600801719629,1.3235962374497956,True,-0.066869609804807,False,3,,,,0.6870107717771884,0.8235294117647058
MetroPT3,HBOS,2020-07-29 00:30:00,SHAP,5.561174708316831,False,1.810724389541006,0.7317073170553243,-0.0158953323950148,-0.3869336677559783,11.95382308336724,6.357341162406059,True,-0.6565379871744698,False,5,,,,0.5248311433089343,0.0
MetroPT3,HBOS,2020-07-29 01:00:00,LIME,1.589445385299208,False,1.6251863598368796,0.7317073170553243,-0.4524784034164981,-0.2271170563583568,15.6871804343536,2.3367349757652134,True,-0.5064973735793852,True,8,,,,0.577940342869391,0.0
MetroPT3,HBOS,2020-07-29 01:00:00,MAPLE,1.0922230039596643,False,1.3061533937391112,0.7317073170553243,0.3084104502540831,0.1338768992380335,7.016066348425055,1.610378036817544,True,-0.2760944036129319,True,7,,,,0.7144038756560138,0.7142857142857143
MetroPT3,HBOS,2020-07-29 01:00:00,SHAP,5.233247870383878,False,1.835741258533219,0.7317073170553243,-0.2248199995918157,0.0306811773445331,20.96615530555212,5.579972599555037,True,-0.7294866524160775,True,6,,,,0.5077928232098473,0.0
MetroPT3,HBOS,2020-07-31 06:00:00,LIME,0.7531649703619481,False,1.6803245940042055,0.2439024390184414,0.0988121072257444,-0.3711401972425925,6.948058605710108,1.1670730586760605,True,-0.6128888596984219,False,5,2003.8425131433924,386915.6661316653,,0.5488766796779734,0.0
MetroPT3,HBOS,2020-07-31 06:00:00,MAPLE,0.2579602320019077,False,2.01032174894975,0.2439024390184414,-0.3770354281673395,0.0736004895347315,1.7484585541076465,0.6460489553673746,True,-0.3072549338995135,False,2,0.1415371543878988,34.56884714162709,,0.4027491697992315,0.4
MetroPT3,HBOS,2020-07-31 06:00:00,SHAP,0.8866910503882035,False,1.741527626640386,0.2439024390184414,0.4568269473754786,-0.706859318783337,9.689927433426094,0.992466952199497,True,-0.4246176958362202,False,3,11947.25765478546,1982478.3850363505,,0.5161722776933727,0.0
MetroPT3,HBOS,2020-08-03 02:00:00,LIME,1.8959955663539991,False,1.5329905929718182,0.7317073170553243,-0.4753488097343218,0.1604270809027115,11.07878876652139,2.9347801317883717,True,-0.5315095895586142,True,8,,,,0.6319489360291425,0.0
MetroPT3,HBOS,2020-08-03 02:00:00,MAPLE,1.08976919281232,False,1.5329847126846934,0.7317073170553243,0.2817677335115839,0.1206778532465058,5.0100985688701565,2.31206047382087,True,-0.1823716631040193,True,6,,,,0.6416643153544428,0.6944444444444444
MetroPT3,HBOS,2020-08-03 02:00:00,SHAP,5.014972529752785,False,1.866935959037624,0.7317073170553243,-0.1479872381594789,0.334614598742514,13.947108397524005,6.108942031422656,True,-0.8389096502784892,True,6,,,,0.4842961686157742,0.0
MetroPT3,HBOS,2020-08-03 05:00:00,LIME,2.00707648807162,False,1.5494791431704311,0.7317073170553243,-0.3889411310565889,0.3428568114504229,14.59909749489151,2.993466574051901,True,-0.6440645614651441,True,8,,,,0.6207979903442409,0.0
MetroPT3,HBOS,2020-08-03 05:00:00,MAPLE,1.174814942220164,False,1.5329847126846934,0.7317073170553243,0.2817677335115839,0.1206778532465058,5.823303362466505,2.426642782410076,True,-0.1823716631040193,True,6,,,,0.6416643153544428,0.6944444444444444
MetroPT3,HBOS,2020-08-03 05:00:00,SHAP,5.015789807723994,False,1.866935959037624,0.7317073170553243,-0.1479872381594789,0.334614598742514,13.93983965437332,5.731514456916474,True,-0.8389096502784892,True,6,,,,0.4842961686157742,0.0
MetroPT3,HBOS,2020-08-03 05:30:00,LIME,1.7858891690694818,False,1.494593095833053,0.7317073170553243,-0.2434949436537631,0.1250242572010479,13.77762040700275,2.431583624807569,True,-0.4939912655897706,True,8,,,,0.6443741486784776,0.0
MetroPT3,HBOS,2020-08-03 05:30:00,MAPLE,1.0974640117132086,False,1.5329847126846934,0.7317073170553243,0.2817677335115839,0.1206778532465058,4.7174292700402525,2.083647371272968,True,-0.1823716631040193,True,6,,,,0.6416643153544428,0.6944444444444444
MetroPT3,HBOS,2020-08-03 05:30:00,SHAP,4.986632535937497,False,1.866935959037624,0.7317073170553243,-0.1479872381594789,0.334614598742514,14.733464655938258,6.077665279544479,True,-0.8389096502784892,True,6,,,,0.4842961686157742,0.0
MetroPT3,HBOS,2020-08-03 06:00:00,LIME,1.7885775892162257,False,1.5551832411138635,0.7317073170553243,-0.4098038093336576,-0.0135628135859531,15.3765132803572,3.095677734670208,True,-0.4189546176520839,True,8,,,,0.6188092178086472,0.0
MetroPT3,HBOS,2020-08-03 06:00:00,MAPLE,1.147556845861525,False,1.5329847126846934,0.7317073170553243,0.2817677335115839,0.1206778532465058,5.50367855308097,2.439671282344178,True,-0.1823716631040193,True,6,,,,0.6416643153544428,0.6944444444444444
MetroPT3,HBOS,2020-08-03 06:00:00,SHAP,5.052236046486252,False,1.866935959037624,0.7317073170553243,-0.1479872381594789,0.334614598742514,18.833725850933128,5.728698605095505,True,-0.8389096502784892,True,6,,,,0.4842961686157742,0.0
MetroPT3,HBOS,2020-08-05 08:30:00,LIME,0.809847622761807,False,1.6572581145090022,0.2439024390184414,0.218133547296566,-0.7467114071043652,6.573772611420282,1.3420806796700049,True,-0.3311008782278831,False,4,1.4666783706809332,219198.0428709732,,0.5730425836154023,0.0
MetroPT3,HBOS,2020-08-05 08:30:00,MAPLE,0.2328137480959198,False,1.9248688593981031,0.2439024390184414,-0.4530912708411915,-0.0343966870748812,2.4739813803017547,0.4658012651702981,True,0.3618780332594269,False,2,0.0015672389102065,237.33995728915437,,0.4630797773077288,0.2857142857142857
MetroPT3,HBOS,2020-08-05 08:30:00,SHAP,0.8551259787060738,False,1.8163914867674,0.2439024390184414,0.2426526100991174,-0.5934500946114235,8.191521760954721,1.0113092730083757,True,-0.4451637133766824,False,4,8.241268464994787,1211729.6272398762,,0.5053851288421822,0.0
MetroPT3,HBOS,2020-08-07 04:30:00,LIME,1.5323269735676492,False,1.5459224325897791,0.7317073170553243,-0.0734158137826001,-0.393599118989203,8.834243537982015,2.405803867008518,True,-0.3001465917507467,False,6,,,,0.6257257930029143,0.0
MetroPT3,HBOS,2020-08-07 04:30:00,MAPLE,0.7001421706814455,False,1.3916272148713091,0.7317073170553243,-0.3549703229326885,0.148766425027493,5.838770850840144,0.9035066941071668,True,-0.2363636363636363,False,3,,,,0.6748735426692803,0.6153846153846154
MetroPT3,HBOS,2020-08-07 04:30:00,SHAP,1.8546288954685872,False,1.7045268843548889,0.7317073170553243,-0.1957856848032036,-0.5313133581886009,13.046929154872874,2.2199823924479825,True,-0.7333333333333332,False,5,,,,0.5662636142256235,0.0
MetroPT3,HBOS,2020-08-08 16:00:00,LIME,0.9515683791213714,False,1.5380188900916223,0.7317073170553243,-0.1003036935826837,-0.076767431633552,11.695395910785262,1.4571490037091868,True,-0.11255497190653,False,6,,,,0.5842342959479907,0.0
MetroPT3,HBOS,2020-08-08 16:00:00,MAPLE,0.7014152448838531,False,1.2335807929147105,0.7317073170553243,-0.3008341254031836,0.1373367032156893,4.9973514991365535,1.2008066970791431,True,-0.309090909090909,False,3,,,,0.6705169909308476,0.7368421052631579
MetroPT3,HBOS,2020-08-08 16:00:00,SHAP,1.9627443145988963,False,1.588651146879362,0.7317073170553243,-0.0079812995365429,-0.4002398537242789,13.953747136520946,2.3087945015719478,True,-0.6606060606060605,False,5,,,,0.6120687786757494,0.0
MetroPT3,HBOS,2020-08-08 20:00:00,LIME,1.4316856802461233,False,1.403063310677818,0.7317073170553243,-0.129991970490829,-0.2918620644493878,9.120978314279112,2.2921658612740576,True,-0.11255497190653,True,6,,,,0.6644823669890819,0.0
MetroPT3,HBOS,2020-08-08 20:00:00,MAPLE,0.6416253484532776,False,1.3355202189432855,0.7317073170553243,-0.2420036917518903,0.178142385855654,3.072638894508441,1.0974895897239554,True,-0.1393939393939393,True,3,,,,0.6676957110086008,0.7567567567567568
MetroPT3,HBOS,2020-08-08 20:00:00,SHAP,1.9722679761914184,False,1.5898810079662684,0.7317073170553243,0.0278004265448633,-0.3251902775968467,12.515501860793655,2.263842981570259,True,-0.6606060606060605,True,5,,,,0.6114554567409785,0.0
MetroPT3,HBOS,2020-08-09 00:00:00,LIME,1.4102592815382438,False,1.620296370331922,0.7317073170553243,0.0172627361778528,-0.1844099441836643,20.351541219569533,2.1169131902054605,True,-0.1875916198442167,False,6,,,,0.5817594986750461,0.0
MetroPT3,HBOS,2020-08-09 00:00:00,MAPLE,3.4313546821427803,False,2.0694161766161634,0.7317073170553243,-0.0819557510519806,-0.0536047981063213,8.541962378104397,7.744710896046389,True,-0.2484848484848484,False,3,,,,0.3504382838118142,0.7368421052631579
MetroPT3,HBOS,2020-08-09 00:00:00,SHAP,1.9910071581094624,False,1.5396380552567164,0.7317073170553243,0.0152555384790131,-0.3228992738426419,10.580543797275476,2.2979048813005662,True,-0.6242424242424242,False,5,,,,0.6322413820548433,0.0
MetroPT3,HBOS,2020-08-10 11:30:00,LIME,0.6495009431537478,False,1.5550696614618915,0.2439024390184414,0.3892522385064704,-0.5885278365724221,8.006699422227786,1.1578096480456943,True,-0.6290322580645161,False,3,0.2145081649782915,139833.3165086657,,0.601013351084639,0.0
MetroPT3,HBOS,2020-08-10 11:30:00,MAPLE,1.0696480413817506,False,1.894912848134073,0.2439024390184414,0.1513893143997069,-0.5114707047825715,2.761501972166516,2.2744046423234616,True,-0.1975708101407431,False,1,0.0001092182429668,47.19905109259263,,0.4581361180686913,0.2432432432432432
MetroPT3,HBOS,2020-08-10 11:30:00,SHAP,0.8304282056265285,False,1.8244056612855173,0.2439024390184414,0.3749255433289594,-0.3186757886433228,7.87373174086791,0.9699012415019552,True,-0.6315584534755296,False,4,1.141106083122484,550339.782093572,,0.5173312809468581,0.0
MetroPT3,HBOS,2020-08-12 23:00:00,LIME,1.2826292493128948,False,1.5160782303507592,0.7317073170553243,-0.1588474825438191,-0.1906999197071004,14.660509154050605,2.104812116014788,True,-0.1500732958753733,False,6,,,,0.6317208342184288,0.0
MetroPT3,HBOS,2020-08-12 23:00:00,MAPLE,0.6328880317099997,False,1.6433188348009642,0.7317073170553243,-0.2985556435923558,0.0785770608043928,3.572008548882206,1.1892593906463602,True,-0.4303030303030302,False,3,,,,0.583071603281055,0.725
MetroPT3,HBOS,2020-08-12 23:00:00,SHAP,1.979543404383704,False,1.482909311522848,0.7317073170553243,-0.0652209599706125,-0.4328366919739732,13.974147355005709,2.1591050527137945,True,-0.5878787878787878,False,5,,,,0.6496737867200114,0.0
MetroPT3,HBOS,2020-08-12 23:30:00,LIME,1.5321472469064925,False,1.659044247297814,0.7317073170553243,-0.003123673777316,0.0357680485479071,12.528099267315,2.2709180087900616,True,-0.0125061079896144,False,7,,,,0.5699372709239279,0.0
MetroPT3,HBOS,2020-08-12 23:30:00,MAPLE,1.7240283392684117,False,2.1612492535667425,0.7317073170553243,0.4065987204281888,0.2657938217240613,4.6276633095046025,4.682285322667893,True,0.2484848484848484,False,5,,,,0.2888670691153331,0.717948717948718
MetroPT3,HBOS,2020-08-12 23:30:00,SHAP,2.0686307138610887,False,1.5911894703663902,0.7317073170553243,-0.0972103836234169,-0.3217563884895709,11.701463224784048,2.2754926298819576,True,-0.6121212121212121,False,6,,,,0.6143178515534702,0.0
MetroPT3,HBOS,2020-08-14 23:00:00,LIME,2.189245134407532,False,1.670248126008426,0.7317073170553243,-0.4896169669808817,-0.3838389227325066,13.352390579925666,3.4281998244101066,True,-0.0375183239688433,False,7,,,,0.5585940631933731,0.0
MetroPT3,HBOS,2020-08-14 23:00:00,MAPLE,0.9673848963861856,False,1.882240220714317,0.7317073170553243,0.3196904311886303,0.1516044618079637,4.28892671277165,2.01139694211283,True,0.0909090909090908,False,5,,,,0.4936129355927218,0.7142857142857143
MetroPT3,HBOS,2020-08-14 23:00:00,SHAP,2.070204796286913,False,1.5582117323543774,0.7317073170553243,-0.1056876327659242,-0.3252042027695165,13.810674911500229,2.2916142528035865,True,-0.6121212121212121,False,6,,,,0.6279101697784698,0.0
MetroPT3,HBOS,2020-08-15 00:00:00,LIME,1.966611645695808,False,1.6257079063908595,0.7317073170553243,-0.4928390196961692,-0.3145728833270862,13.02912068922417,3.0434390422721243,True,-0.0500244319584577,False,7,,,,0.5695346610100143,0.0
MetroPT3,HBOS,2020-08-15 00:00:00,MAPLE,0.9343842225109904,False,1.882240220714317,0.7317073170553243,0.3196904311886303,0.1516044618079637,4.009985163017575,2.021003077201531,True,0.0909090909090908,False,5,,,,0.4936129355927218,0.7142857142857143
MetroPT3,HBOS,2020-08-15 00:00:00,SHAP,2.048582075277529,False,1.5582117323543774,0.7317073170553243,-0.1056876327659242,-0.3252042027695165,16.391116269108775,2.225401274253898,True,-0.6121212121212121,False,6,,,,0.6279101697784698,0.0
MetroPT3,HBOS,2020-08-15 05:30:00,LIME,1.6751636912399743,False,1.5715272272463972,0.7317073170553243,0.0791443035279346,0.0120983354195593,13.827313713287582,2.615850487840897,True,-0.4939912655897706,True,8,,,,0.6178113224510894,0.0
MetroPT3,HBOS,2020-08-15 05:30:00,MAPLE,2.162185387889292,False,1.710930285913415,0.7317073170553243,0.50065287153761,0.0234164632680844,4.469254519578155,4.955640616804729,True,-0.3251778531441198,True,7,,,,0.5614109740214903,0.6944444444444444
MetroPT3,HBOS,2020-08-15 05:30:00,SHAP,4.9786243165259565,False,1.866935959037624,0.7317073170553243,-0.1479872381594789,0.1923768445686816,15.099348497131473,6.998722155239354,True,-0.8267515394048879,True,6,,,,0.4842961686157742,0.0
MetroPT3,HBOS,2020-08-15 08:30:00,LIME,0.8051007584005541,False,1.457460450419883,0.7317073170553243,-0.1825124799785355,-0.6837898424673314,9.832843796035563,1.4598334338274244,True,-0.3939424016728551,False,6,,,,0.653307916131879,0.0
MetroPT3,HBOS,2020-08-15 08:30:00,MAPLE,0.7501056462062511,False,1.5643514825982885,0.7317073170553243,-0.3688247201370679,-0.2096354179892222,3.767421181688746,0.956779007283701,True,-0.5227987675648555,False,2,,,,0.6198281448445913,0.0
MetroPT3,HBOS,2020-08-15 08:30:00,SHAP,1.9107055525251064,False,1.3398082517788616,0.7317073170553243,-0.0070764623645292,-0.6240560420380067,12.735750324350182,2.4084080841695963,True,-0.4863244349440517,False,4,,,,0.6957322376512339,0.0
MetroPT3,HBOS,2020-08-19 00:30:00,LIME,2.160917272370442,False,1.6520952872793595,0.7317073170553243,-0.5115285253648217,-0.2113589928220397,12.261589226505556,3.082133108705976,True,0.0,False,7,,,,0.5740102950138632,0.0
MetroPT3,HBOS,2020-08-19 00:30:00,MAPLE,1.832332915412452,False,2.164615436293952,0.7317073170553243,0.4156373709702684,0.2859777935820117,4.795754355315074,4.712464448576174,True,0.2606060606060606,False,5,,,,0.2859482329426028,0.717948717948718
MetroPT3,HBOS,2020-08-19 00:30:00,SHAP,2.056984938375192,False,1.5911894703663911,0.7317073170553243,-0.0972103836234164,-0.3217563884895708,13.609522493243542,2.5000845934446287,True,-0.6121212121212121,False,6,,,,0.6143178515534699,0.0
MetroPT3,HBOS,2020-08-19 11:00:00,LIME,0.8901471079896042,False,1.5804445965380676,0.2439024390184414,0.1226895986670975,-0.5972029869185189,9.181990941687005,1.5661455718772712,True,-0.2438691057974817,False,4,0.2493776946953865,47042.67263130687,,0.6055067390804008,0.0
MetroPT3,HBOS,2020-08-19 11:00:00,MAPLE,0.7534028401337184,False,1.779752902863401,0.2439024390184414,-0.1127176363308041,0.1956084312916274,2.5304652253442224,1.9055326516138,True,0.2969696969696969,False,4,0.0003345998119544,68.45117279229486,,0.5399623743840254,0.2647058823529412
MetroPT3,HBOS,2020-08-19 11:00:00,SHAP,1.18744508701588,False,1.7709482627890396,0.2439024390184414,-0.3266089216088317,-0.4708348939404187,14.16936286736992,1.4711652350439672,True,-0.6484848484848483,False,5,1.288596395870966,200030.93679320032,,0.5474672706411152,0.0
MetroPT3,HBOS,2020-08-22 12:30:00,LIME,1.0085728318563083,False,1.458882706990428,0.7317073170553243,-0.3190894285583919,-0.1930788328880681,10.17677071480228,1.6446114864843835,True,-0.2751343757715178,False,6,,,,0.6370748189518208,0.0
MetroPT3,HBOS,2020-08-22 12:30:00,MAPLE,0.7220953825235593,False,1.7548083188752883,0.7317073170553243,-0.3267487452422774,0.1568994492552578,4.066050008181287,1.1974858407619298,True,-0.1151515151515151,False,3,,,,0.555550008390679,1.0
MetroPT3,HBOS,2020-08-22 12:30:00,SHAP,1.8151130571617948,False,1.7482550307379523,0.7317073170553243,-0.1785111775422793,-0.5481853034716071,10.444794012353404,2.124832595653513,True,-0.7818181818181817,False,5,,,,0.5419252896064469,0.0
MetroPT3,HBOS,2020-08-24 06:30:00,LIME,1.7346261930065194,False,1.4531093012670044,0.7317073170553243,-0.5758168560489574,-0.2917315333440194,17.110410758530634,2.646060012143626,True,0.0,False,7,,,,0.6624949619359457,0.0
MetroPT3,HBOS,2020-08-24 06:30:00,MAPLE,1.8995687725020216,False,2.1223689176254927,0.7317073170553243,0.3883946339248303,0.2625295695412715,4.511662650248605,4.380815102499564,True,0.3575757575757575,False,5,,,,0.3278813121223861,0.7105263157894737
MetroPT3,HBOS,2020-08-24 06:30:00,SHAP,2.061820846038186,False,1.5911894703663902,0.7317073170553243,-0.0972103836234169,-0.3217563884895709,16.585605965883165,2.3430778602606943,True,-0.6121212121212121,False,6,,,,0.6143178515534702,0.0
MetroPT3,HBOS,2020-08-24 10:00:00,LIME,1.4116455117532092,False,1.697886686757924,0.7317073170553243,-0.5795204193786768,-0.1773317168503396,13.315067892332213,2.1897228632281056,True,-0.1875916198442167,True,7,,,,0.5417542507372622,0.0
MetroPT3,HBOS,2020-08-24 10:00:00,MAPLE,0.9713007976889596,False,1.730703951619737,0.7317073170553243,0.3584053241846298,0.1861692753755384,4.527008654940663,2.0631715356575517,True,0.1393939393939393,True,5,,,,0.5643076342285467,0.8
MetroPT3,HBOS,2020-08-24 10:00:00,SHAP,2.0573230413397248,False,1.6818934167040689,0.7317073170553243,-0.0661455824063822,-0.2897356975770969,13.806366770798036,2.231369186321246,True,-0.709090909090909,True,6,,,,0.5742131540612361,0.0
MetroPT3,HBOS,2020-08-30 08:30:00,LIME,1.9072657581075825,False,1.6839944084116625,0.7317073170553243,-0.4387242783155701,-0.0652258225457803,17.728412365702553,2.786615968583802,True,-0.5815340215170718,False,8,,,,0.5424639834656517,0.0
MetroPT3,HBOS,2020-08-30 08:30:00,MAPLE,1.080264217931521,False,1.4013793335289615,0.7317073170553243,0.2715890970804806,0.1667469727423276,4.863642620206214,1.6410453635642772,True,-0.1823716631040193,False,6,,,,0.6855930953537802,0.7142857142857143
MetroPT3,HBOS,2020-08-30 08:30:00,SHAP,5.216827647301763,False,1.8234048811070485,0.7317073170553243,-0.2379854910829349,0.1399310747359377,11.729416164488814,5.949050017048479,True,-0.7538028741632801,False,6,,,,0.515866218654067,0.0
MetroPT3,HBOS,2020-08-30 19:00:00,LIME,1.375034109870967,False,1.4625292657421465,0.7317073170553243,-0.1031291170306069,-0.6143664590790967,10.283448343538796,2.374667081065076,True,-0.3564240777040118,False,7,,,,0.6599203300568423,0.0
MetroPT3,HBOS,2020-08-30 19:00:00,MAPLE,0.6800353603825977,False,1.2677963275712678,0.7317073170553243,-0.3260416579838603,0.1252756414400371,3.167782836532581,1.3114634614793257,True,-0.1033439424256109,False,3,,,,0.7016295577526837,0.7777777777777778
MetroPT3,HBOS,2020-08-30 19:00:00,SHAP,5.562787121407853,False,1.8082837936431733,0.7317073170553243,-0.0191699506585174,-0.3673966132060048,12.676242400308912,7.678727368048091,True,-0.6808542089216723,False,5,,,,0.5259824660133715,0.0
MetroPT3,IForest,2020-07-08 17:30:00,LIME,1.6219831344764923,False,1.4859311357767822,0.4146341463313504,-0.2788575295017646,0.4812398704777196,13.680936943948916,2.664699780335797,True,0.6440645614651441,False,5,,,,0.6217984485755594,0.0
MetroPT3,IForest,2020-07-08 17:30:00,MAPLE,0.7872966478143079,False,1.5057678565074086,0.4146341463313504,0.2129366289322429,-0.7188802958539441,5.748708781070312,1.524407489635231,True,0.4498501023232478,False,1,,,,0.6218227512331177,0.46875
MetroPT3,IForest,2020-07-08 17:30:00,SHAP,3.437563665634057,False,1.825195598079483,0.4146341463313504,-0.5811148756741997,0.6407362835117358,3.5279659564522245,4.521839990497813,True,0.0790277206784084,False,3,,,,0.5057179878600917,0.0
MetroPT3,IForest,2020-07-08 18:30:00,LIME,1.1374504194555517,False,1.3184713808991797,0.4146341463313504,-0.1049261250272556,-0.2566221076902681,11.333403069320532,1.856876530285803,True,0.7941378573405176,False,5,,,,0.6989599184792501,0.0
MetroPT3,IForest,2020-07-08 18:30:00,MAPLE,0.7529644430958828,False,1.6446975109941713,0.4146341463313504,0.16295808636079,-0.6768186118147841,4.899209316922224,0.9426754660392213,True,0.3829804925184407,False,1,,,,0.5966877956360108,0.5
MetroPT3,IForest,2020-07-08 18:30:00,SHAP,1.5415368260260445,False,1.4680651347899611,0.4146341463313504,-0.7210930297641482,0.5150007822656197,3.5843678524639904,2.218045473448283,True,0.4741663240704503,False,3,,,,0.6455695198354154,0.0
MetroPT3,IForest,2020-07-15 16:00:00,LIME,1.0111759222998014,False,1.5495886159261516,0.4146341463313504,0.0588319037016782,0.0501282975881181,10.4539177915226,1.587427997187881,True,0.5064973735793852,False,5,,,,0.6180927221674737,0.0
MetroPT3,IForest,2020-07-15 16:00:00,MAPLE,0.6528905863895329,False,1.9364874589677163,0.4146341463313504,-0.0427462672337409,-0.4039345515426426,2.1021566806646,1.0904315993780749,True,0.309090909090909,False,2,,,,0.4553651140110798,0.4482758620689655
MetroPT3,IForest,2020-07-15 16:00:00,SHAP,0.6238259053973572,False,1.5187799591690798,0.4146341463313504,-0.4932512734846826,0.5416069894179314,2.10696551123305,0.890172506033639,True,0.1215811087360129,False,3,,,,0.6524222231233904,0.0
MetroPT3,IForest,2020-07-15 17:00:00,LIME,0.8933747323913889,False,1.6058720244957798,0.5609756097424152,-0.0125244307996668,0.1802990311769667,10.297228831270472,1.5350167181291283,True,0.3126526997403612,False,4,4.167819402504447,4127215257.37396,,0.5949640217260979,0.0
MetroPT3,IForest,2020-07-15 17:00:00,MAPLE,0.5195585847620425,False,2.1620433211925407,0.5609756097424152,-0.3576261907117875,-0.3961572897028241,1.224771617576416,2.89097138220953,True,0.1757575757575757,False,2,0.0001528736978176,13706.96770071877,,0.2922804271117027,0.5428571428571428
MetroPT3,IForest,2020-07-15 17:00:00,SHAP,0.4781788568167632,False,1.7059642877818424,0.5609756097424152,0.6468180416674515,0.8642671183041302,1.7800868004301231,0.7567422371962746,True,-0.1580554413568168,False,4,9.894470071556838e-05,2367.289091810732,,0.5719611123649951,0.0
MetroPT3,IForest,2020-07-15 17:30:00,LIME,0.5199831356391856,False,1.5976311795660232,0.5609756097424152,0.420339724478585,0.0826020935171105,6.382771849422585,0.7953035646924256,True,0.5752809675222647,False,3,6.129766895220711,133762127.90522264,,0.5992733931953642,0.0
MetroPT3,IForest,2020-07-15 17:30:00,MAPLE,0.5920694534994637,False,2.003003993691589,0.5609756097424152,-0.0012800706046448,-0.2084380913997947,1.1212897658916234,1.166147168105233,True,0.406060606060606,False,1,0.0014148162634323,83674.09035995259,,0.4069540183875761,0.5882352941176471
MetroPT3,IForest,2020-07-15 17:30:00,SHAP,0.2900199821795755,False,1.8086039137554504,0.5609756097424152,0.8147012011396753,0.7138499298264349,1.819933532508237,0.4520048605957463,True,0.1155020532992122,False,3,9.872471172497492e-05,1715.360133499193,,0.5094184532695981,0.0
MetroPT3,IForest,2020-07-15 18:00:00,LIME,0.534818980324191,False,1.5971349830904955,0.5609756097424152,0.4112546613766442,-0.2373741368282773,5.40637494954894,0.7962537937301629,True,0.362677131698819,False,5,22708.489724708063,116043285.6265959,,0.5997265835949565,0.0
MetroPT3,IForest,2020-07-15 18:00:00,MAPLE,0.4843687908657718,False,1.9875032505403545,0.5609756097424152,0.3194240431491182,-0.1941371656226731,1.3791371654528712,1.5045099904682244,True,-0.0303030303030303,False,2,9.797492566494777,129518.62925826768,,0.378531821332603,0.5757575757575758
MetroPT3,IForest,2020-07-15 18:00:00,SHAP,0.3056682687640417,False,1.6750101469483696,0.5609756097424152,0.842105555102596,0.4489373449210777,1.811542267951559,0.5212513720402885,True,0.1823716631040193,False,3,0.3492849863686483,34044.74990465905,,0.5763721999880395,0.0
MetroPT3,IForest,2020-07-15 18:30:00,LIME,0.4611487632716353,False,1.6127224567289262,0.5609756097424152,0.4629875586268733,-0.1516826924679078,5.5051893422804925,0.7342334415543501,True,0.1750855118546022,False,5,14535.262282733216,89857357.35276364,,0.592369585502094,0.0
MetroPT3,IForest,2020-07-15 18:30:00,MAPLE,0.3908663513362832,False,2.025093846179248,0.5609756097424152,0.2968679824727177,-0.2062968943506472,1.2485947668349222,0.9463791717432688,True,-0.1878787878787878,False,2,0.7087357669941646,6140.530964815494,,0.371928275826252,0.5757575757575758
MetroPT3,IForest,2020-07-15 18:30:00,SHAP,0.2836651146673256,False,1.6781742272061635,0.5609756097424152,0.8266626661579848,0.505857661885948,2.101389919778817,0.4905183098897576,True,0.0,False,3,0.302261970558524,1423.6656096747506,,0.5741706175322618,0.0
MetroPT3,IForest,2020-07-15 19:00:00,LIME,0.998247637213664,False,1.5215251934938216,0.4146341463313504,0.1314822049787907,-0.2428057580711047,13.915928418540943,1.6459824350137957,True,0.6565706694547585,False,5,,,,0.6295909332523073,0.0
MetroPT3,IForest,2020-07-15 19:00:00,MAPLE,0.7989288640115091,False,1.832980555437488,0.4146341463313504,0.0711756218657488,-0.5212673023875689,7.928889431909422,1.768857493576527,True,0.9393939393939392,False,2,,,,0.5061502837741079,0.6363636363636364
MetroPT3,IForest,2020-07-15 19:00:00,SHAP,1.292218461452196,False,1.7286875551069951,0.4146341463313504,-0.2616176158984425,0.2112838096501297,2.872208609690183,1.819833638392668,True,0.3100318272768329,False,3,,,,0.56327950706194,0.0
MetroPT3,IForest,2020-07-17 04:00:00,LIME,0.6401580360456505,False,1.5838356852886428,0.5609756097424152,0.3043060324460631,0.0310162788532625,7.183716705476519,1.0078822793204971,True,0.7691256413612886,False,4,3.306491074492545,4228603.458959388,,0.6042044418541922,0.0
MetroPT3,IForest,2020-07-17 04:00:00,MAPLE,0.6532086732867929,False,2.029521674340237,0.5609756097424152,-0.4982905262397518,0.069837255859768,2.561780384683067,0.9986835832526928,True,0.6,False,2,0.0001729506814871,100.07158290348004,,0.4094315540748169,0.5789473684210527
MetroPT3,IForest,2020-07-17 04:00:00,SHAP,0.3399665601087817,False,1.5366897975648055,0.5609756097424152,0.9254312506334182,-0.7810005128070947,2.130884454688049,0.516039463339077,True,0.291794660966431,False,4,0.0016986973095149,694.8459623246351,,0.6333532581157846,0.0
MetroPT3,IForest,2020-07-17 04:30:00,LIME,0.6259322219877285,False,1.5684042198812664,0.5609756097424152,0.2996560321179606,-0.029457955376861,7.160300783705965,1.0103252252709307,True,0.7441134253820596,False,4,3.1920636908423456,2119690.147098205,,0.6087683627893394,0.0
MetroPT3,IForest,2020-07-17 04:30:00,MAPLE,0.6514145386156172,False,2.029521674340237,0.5609756097424152,-0.4982905262397518,-0.0698372449967002,2.631875593236127,1.029979860485183,True,0.6,False,2,0.0002195915547682,94.69498350464154,,0.4094315540748169,0.5789473684210527
MetroPT3,IForest,2020-07-17 04:30:00,SHAP,0.3470207922265155,False,1.5366897975648055,0.5609756097424152,0.9254312506334182,0.7810003827367042,3.2020859906175527,0.4951056939526994,True,0.291794660966431,False,4,0.0013154472312719,509.7695452670674,,0.6333532581157846,0.0
MetroPT3,IForest,2020-07-17 05:00:00,LIME,0.4908742202333451,False,1.594534477858801,0.5609756097424152,0.5107650599206801,0.1033978155284291,5.741737692552541,0.7467806960732225,True,0.6378115074703368,False,3,3.748362781412,179425243.15933904,,0.6006363824183527,0.0
MetroPT3,IForest,2020-07-17 05:00:00,MAPLE,0.3434859474645874,False,2.08755211825818,0.5609756097424152,0.0083816303351392,-0.2074405736489575,0.6713223835441464,0.9209469936179028,True,0.3454545454545454,False,1,0.0001642595447693,1506.3783131598675,,0.3646030475241945,0.5945945945945946
MetroPT3,IForest,2020-07-17 05:00:00,SHAP,0.2838036658687617,False,1.7554413662213468,0.5609756097424152,0.8852758217635142,0.8163914769227545,1.738730329947677,0.4611151169047572,True,0.1762926076672187,False,3,0.0002733972738463,7034.474945969133,,0.5438745442298798,0.0
MetroPT3,IForest,2020-07-17 05:30:00,LIME,0.4615362746445091,False,1.5890593257272054,0.5609756097424152,0.5353435714727871,-0.0732770425131797,6.038610129201111,0.7301173657550379,True,0.6315584534755296,False,5,13739.191759779698,42665281.71578848,,0.605366992801041,0.0
MetroPT3,IForest,2020-07-17 05:30:00,MAPLE,0.4002633791959635,False,2.033961975876963,0.5609756097424152,0.2578522830187427,-0.2834843656885022,0.966078600429232,1.1894362162653294,True,0.0666666666666666,False,2,0.2643986482732671,3929.174375995819,,0.3636227193995076,0.5757575757575758
MetroPT3,IForest,2020-07-17 05:30:00,SHAP,0.2676995965043847,False,1.6188059891281283,0.5609756097424152,0.882909167156134,0.6229152008979514,1.6578735620939384,0.470951598747803,True,0.3343480490240355,False,3,0.5217982810152239,5627.186421705738,,0.6108449614957533,0.0
MetroPT3,IForest,2020-07-17 07:30:00,LIME,0.4872774093730074,False,1.6058546000463545,0.5609756097424152,0.5381660871572014,0.0886605583122619,5.556454085060139,0.7583806318656279,True,0.6503176154599513,False,5,12281.440812164905,45323937.41928671,,0.5952577185152472,0.0
MetroPT3,IForest,2020-07-17 07:30:00,MAPLE,0.367636172198948,False,2.016396017019945,0.5609756097424152,0.2532303204585355,0.3317432244104653,0.8938565796262329,1.0659511131620134,True,0.2606060606060606,False,2,0.4202013362953474,56910.87074313987,,0.3824490486033237,0.5757575757575758
MetroPT3,IForest,2020-07-17 07:30:00,SHAP,0.3148922359728296,False,1.544905412236241,0.5609756097424152,0.9073977132058296,-0.6355410977851237,2.002846481764774,0.4538532875168308,True,0.3404271044608361,False,3,0.997128145523451,20066.027223157016,,0.6416093168947089,0.0
MetroPT3,IForest,2020-07-24 23:30:00,LIME,1.500160153105042,False,1.53540165522241,0.4146341463313504,-0.2388452888231331,-0.1434175635387194,12.15268920275076,2.334166240853062,True,0.5940401295066863,True,5,,,,0.6229973383985781,0.0
MetroPT3,IForest,2020-07-24 23:30:00,MAPLE,1.4488303027196046,False,1.809983487111636,0.4146341463313504,0.4283870667719704,0.5188948986759729,5.987790514585008,4.325721986455108,True,0.18845071854082,True,1,,,,0.505835396806593,0.3947368421052631
MetroPT3,IForest,2020-07-24 23:30:00,SHAP,4.882004068031406,False,1.963006156079934,0.4146341463313504,-0.4536974013173412,-0.1565973041322764,6.562857474386475,6.185809873297385,True,0.1215811087360129,True,3,,,,0.4078769013046631,0.0
MetroPT3,IForest,2020-07-25 00:00:00,LIME,1.5776253885484528,False,1.544330415850721,0.4146341463313504,-0.257708102782989,-0.1445481052757178,15.06985781736778,2.5308813272743302,True,0.5940401295066863,True,5,,,,0.6209660505294889,0.0
MetroPT3,IForest,2020-07-25 00:00:00,MAPLE,1.4599789709739723,False,1.809983487111636,0.4146341463313504,0.4283870667719704,0.5188948986759729,5.644194184810606,4.160814425701775,True,0.18845071854082,True,1,,,,0.505835396806593,0.3947368421052631
MetroPT3,IForest,2020-07-25 00:00:00,SHAP,4.669789749096603,False,1.963006156079934,0.4146341463313504,-0.4536974013173412,-0.1565973041322764,4.581582261465394,6.115469247363694,True,0.1215811087360129,True,3,,,,0.4078769013046631,0.0
MetroPT3,IForest,2020-07-29 00:00:00,LIME,1.4959445463348993,False,1.4414734979881263,0.4146341463313504,-0.1601698010435015,-0.0756684642419003,13.948508628442404,2.2596099886552152,True,0.5064973735793852,True,5,,,,0.6513199143264199,0.0
MetroPT3,IForest,2020-07-29 00:00:00,MAPLE,1.2868667908895557,False,1.8215811210585613,0.4146341463313504,0.4265750277155032,0.5813934400299472,4.220938607180892,3.997046599655753,True,0.2848484848484848,True,0,,,,0.5249130160138524,0.3947368421052631
MetroPT3,IForest,2020-07-29 00:00:00,SHAP,4.982545664641357,False,1.9753052035524896,0.4146341463313504,-0.2951773249338406,-0.2972452899981498,4.970371080090505,6.658389770693155,True,0.1337392196096141,True,3,,,,0.399103455757604,0.0
MetroPT3,IForest,2020-07-29 00:30:00,LIME,1.6537779723960853,False,1.416468592371233,0.4146341463313504,-0.2116235798632343,-0.4414792237426394,12.798371106877758,2.525413662582116,True,0.3689301856936262,False,5,,,,0.6482809388534015,0.0
MetroPT3,IForest,2020-07-29 00:30:00,MAPLE,1.109710187033045,False,1.9065226441378416,0.4146341463313504,0.2473947641875702,0.5816262722931412,6.895150934655676,2.766309448406242,True,0.5151515151515151,True,0,,,,0.4514523686585958,0.3846153846153846
MetroPT3,IForest,2020-07-29 00:30:00,SHAP,4.02309180419919,False,1.9966432585787184,0.4146341463313504,-0.186286091847504,-0.5723257172207639,4.6938444626471885,5.867416374407676,True,0.3708223816448394,False,3,,,,0.3766420660060651,0.0
MetroPT3,IForest,2020-07-29 01:00:00,LIME,1.5990537938071927,False,1.5569076599978109,0.4146341463313504,-0.2687505350351273,-0.1733897284636402,13.823306239502877,2.445974815913293,True,0.6065462374963008,True,5,,,,0.6099023179658896,0.0
MetroPT3,IForest,2020-07-29 01:00:00,MAPLE,2.0106349580076426,False,1.892234002177168,0.4146341463313504,0.4070440797577294,0.3847559588233809,3.691736511417569,6.281251798747755,True,0.1762926076672187,True,1,,,,0.4457427136646553,0.4166666666666667
MetroPT3,IForest,2020-07-29 01:00:00,SHAP,4.655558437310791,False,1.970238746011883,0.4146341463313504,-0.5182100606848977,-0.3608137829156551,3.8560718034891166,6.01639996315918,True,0.2310041065984245,True,3,,,,0.4028684976382834,0.0
MetroPT3,IForest,2020-07-31 06:00:00,LIME,0.4789158427384589,False,1.6218358092720706,0.5609756097424152,0.6979689765053436,-0.5802917767537102,6.928939929857973,0.981109791123085,True,0.3689301856936262,False,5,6769.719824727211,411378781.4940749,,0.5913296463864114,0.0
MetroPT3,IForest,2020-07-31 06:00:00,MAPLE,0.2053775075013492,False,2.004594664470796,0.5609756097424152,0.1492026968515591,0.1324119062056293,0.5458513233638083,0.4849130620934946,True,0.0545454545454545,False,2,0.4686565550235759,39982.15373999357,,0.3857485583196095,0.5483870967741935
MetroPT3,IForest,2020-07-31 06:00:00,SHAP,0.3011070919459432,False,1.6327455508883209,0.5609756097424152,0.8922431515559226,-0.7810259314050212,2.9920995470823266,0.548017677086428,True,0.3890595479552414,False,3,0.8415435250229489,24026.71670553708,,0.5739167837726135,0.0
MetroPT3,IForest,2020-08-03 02:00:00,LIME,1.5866837444629078,False,1.5157639994246597,0.4146341463313504,-0.1288976377341011,-0.1296638062628647,13.191628866097355,2.4295668538666573,True,0.2438691057974817,True,5,,,,0.6066171930969532,0.0
MetroPT3,IForest,2020-08-03 02:00:00,MAPLE,1.211535674055768,False,1.7962305103483795,0.4146341463313504,0.5668134182253741,0.6675532789372886,8.508379640219719,3.267157319765853,True,0.3696969696969697,True,0,,,,0.5338881085014013,0.4102564102564102
MetroPT3,IForest,2020-08-03 02:00:00,SHAP,4.948188609113628,False,2.001015629477157,0.4146341463313504,-0.1819626352919784,-0.2336253496196684,4.9232165075986725,6.417647059779668,True,0.2674784392192283,True,3,,,,0.375667684873822,0.0
MetroPT3,IForest,2020-08-03 05:00:00,LIME,1.6916683761477338,False,1.4544993610305823,0.4146341463313504,-0.0820259409019756,-0.1110331858766465,12.985072892690091,2.5082755426313503,True,0.2938935377559395,True,5,,,,0.6346041179616103,0.0
MetroPT3,IForest,2020-08-03 05:00:00,MAPLE,1.11216648291116,False,1.7962305103483795,0.4146341463313504,0.5668134182253741,0.6675532789372886,4.452304134051902,3.011822474620238,True,0.3696969696969697,True,0,,,,0.5338881085014013,0.4102564102564102
MetroPT3,IForest,2020-08-03 05:00:00,SHAP,4.575135190194415,False,2.001015629477157,0.4146341463313504,-0.1819626352919784,-0.2336253496196684,4.831026414346479,6.533340671971821,True,0.2674784392192283,True,3,,,,0.375667684873822,0.0
MetroPT3,IForest,2020-08-03 05:30:00,LIME,1.6895582822596598,False,1.4820788923717532,0.4146341463313504,-0.1250197015799646,-0.1777757954352102,15.28372642786882,2.540473098174945,True,0.4814851576001562,True,5,,,,0.632996380606599,0.0
MetroPT3,IForest,2020-08-03 05:30:00,MAPLE,1.064285927365787,False,1.7962305103483795,0.4146341463313504,0.5668134182253741,0.6675532789372886,6.502329166025397,3.2330803421382672,True,0.3696969696969697,True,0,,,,0.5338881085014013,0.4102564102564102
MetroPT3,IForest,2020-08-03 05:30:00,SHAP,4.764265227744365,False,2.001015629477157,0.4146341463313504,-0.1819626352919784,-0.2336253496196684,5.539118461879563,6.597927943126654,True,0.2674784392192283,True,3,,,,0.375667684873822,0.0
MetroPT3,IForest,2020-08-03 06:00:00,LIME,1.689035700853502,False,1.430383634761917,0.4146341463313504,-0.1146306189035335,-0.1756012795807866,12.797249952017298,2.5349228601815086,True,0.4814851576001562,True,5,,,,0.6504539824154866,0.0
MetroPT3,IForest,2020-08-03 06:00:00,MAPLE,1.0953985408489144,False,1.7962305103483795,0.4146341463313504,0.5668134182253741,0.6675532789372886,7.2972700609105585,3.422757072641247,True,0.3696969696969697,True,0,,,,0.5338881085014013,0.4102564102564102
MetroPT3,IForest,2020-08-03 06:00:00,SHAP,4.810200619478048,False,2.001015629477157,0.4146341463313504,-0.1819626352919784,-0.2336253496196684,4.015172959566519,6.273444087551216,True,0.2674784392192283,True,3,,,,0.375667684873822,0.0
MetroPT3,IForest,2020-08-05 08:30:00,LIME,0.4817147721210058,False,1.5869006316776637,0.5609756097424152,0.7079275202877935,-0.7208581607087875,6.937592913715243,0.9559198895633794,True,0.1500732958753733,False,3,4.041478741566583,118397892.05265208,,0.6076631907841541,0.0
MetroPT3,IForest,2020-08-05 08:30:00,MAPLE,0.3047342895182863,False,2.1311366219046985,0.5609756097424152,0.02856854039043,0.1998912242984375,0.733194180966337,0.588264981227621,True,0.4545454545454545,False,1,8.802480363676894e-05,849.577509318745,,0.3059616077093138,0.5945945945945946
MetroPT3,IForest,2020-08-05 08:30:00,SHAP,0.3572109419023253,False,1.7595996299045735,0.5609756097424152,0.8485596763507776,-0.7812441190716272,2.077307592425901,0.5609926009203543,True,0.0364743326208038,False,3,0.0005103719516299,7352.640150077648,,0.539974711084711,0.0
MetroPT3,IForest,2020-08-07 04:30:00,LIME,1.4804279863592398,False,1.311457606250211,0.5609756097424152,0.2000246840693791,-0.325002269121086,16.75906508100428,2.316861668448513,True,0.1938446738390239,False,4,1.5332854383752972,352049.734785002,,0.7014253778747066,0.0
MetroPT3,IForest,2020-08-07 04:30:00,MAPLE,0.822075638317958,False,1.6199947196401143,0.5609756097424152,-0.3354110982859373,0.5806459251342344,8.748678818814742,1.1140377551548315,True,0.5636363636363636,False,1,9.154397693611552,1314557.269796734,,0.6083405268739468,0.4
MetroPT3,IForest,2020-08-07 04:30:00,SHAP,0.5156433375620353,False,1.061294094824821,0.5609756097424152,0.9096922869924474,-0.8128023764631305,3.898393184743535,0.7380695354318751,True,0.1757575757575757,False,3,0.0006234902778856,108.69498212212028,,0.747070036712305,0.0
MetroPT3,IForest,2020-08-08 16:00:00,LIME,1.058983949496543,False,1.5146504852217542,0.5609756097424152,-0.1625658971609335,0.2194641069941106,14.12278209923509,1.6457241932581392,True,0.2876404837611323,False,4,1.59183769723179,426323.6624655205,,0.6296438273082384,0.0
MetroPT3,IForest,2020-08-08 16:00:00,MAPLE,0.8047109141732119,False,1.2803858428645305,0.5609756097424152,-0.3029801859041729,0.5597362897156442,5.006359038905173,1.384322711536263,True,0.3575757575757575,False,1,5.875529075684587,1480124.0321324414,,0.6955649968086693,0.5526315789473685
MetroPT3,IForest,2020-08-08 16:00:00,SHAP,0.5079449894411542,False,0.6392245335394258,0.5609756097424152,0.931107900145035,-0.8404224791678208,3.419054244436188,0.7552225537575668,True,0.3575757575757575,False,3,0.0019415773331628,273.6067618127468,,0.8188003083875528,0.0
MetroPT3,IForest,2020-08-08 20:00:00,LIME,1.5867095604938046,False,1.486451766545629,0.5609756097424152,0.2655019011938064,-0.3991205570341899,11.718686579934491,2.493662876704392,True,0.3251588077299756,False,4,2.385769155542359,435887.6389879792,,0.6296718934787677,0.0
MetroPT3,IForest,2020-08-08 20:00:00,MAPLE,0.7985572659816124,False,1.3763946757651884,0.5609756097424152,-0.4225927881732736,0.6347487741399639,5.331495842103006,1.883106346872512,True,0.5030303030303029,False,1,8.484115267546624,1501864.91548845,,0.6900686228933596,0.5833333333333334
MetroPT3,IForest,2020-08-08 20:00:00,SHAP,0.51920840825558,False,0.7841325320295477,0.5609756097424152,0.9365583149564572,-0.8507058885372835,3.344198652944856,0.7374302709195606,True,0.5515151515151515,False,3,0.0126562630226213,1857.042751708154,,0.7868047672987529,0.0
MetroPT3,IForest,2020-08-09 00:00:00,LIME,1.640520852327981,False,1.4829059243301477,0.5609756097424152,0.2641989275808794,-0.4201225033353331,12.29683265606507,2.4613020052602645,True,0.2876404837611323,False,4,1.907713773852044,370242.61032165866,,0.6415349565887575,0.0
MetroPT3,IForest,2020-08-09 00:00:00,MAPLE,1.7710544330363172,False,1.7654056775492943,0.5609756097424152,-0.6344480298939698,0.6061106644669002,4.404251787630787,4.603960100699763,True,0.5878787878787878,False,1,13.790573180172228,2225383.9262742554,,0.5450137497853758,0.5714285714285714
MetroPT3,IForest,2020-08-09 00:00:00,SHAP,0.5106366098197865,False,0.8682636866666228,0.5609756097424152,0.9354102760957514,-0.8484594031277621,3.082131519475808,0.7912749178364845,True,0.5757575757575757,False,3,0.0005246037777003,88.74034107983431,,0.7750072838007176,0.0
MetroPT3,IForest,2020-08-10 11:30:00,LIME,0.7378785965397928,False,1.4500603369329874,0.5609756097424152,0.0685429247614965,-0.0398119363892501,15.220909714259813,1.3364320711994164,True,0.3751832396884334,False,3,0.9314377605896224,2008461.71746592,,0.6551963119841462,0.0
MetroPT3,IForest,2020-08-10 11:30:00,MAPLE,0.8343832586604855,False,1.6794157404930177,0.5609756097424152,0.286507394240184,0.0386864607351599,2.846188238889618,1.9945822667944075,True,-0.0607905543680064,False,1,9.536954486506375e-05,204.2006588556631,,0.5816270305794871,0.5588235294117647
MetroPT3,IForest,2020-08-10 11:30:00,SHAP,0.2732531207183318,False,1.6092687696425814,0.5609756097424152,0.8025268472619962,-0.7243155654665725,1.3683840674576209,0.4908882691461629,True,0.1272727272727272,False,4,0.000141573452279,297.25139430953004,,0.621810667220797,0.0
MetroPT3,IForest,2020-08-12 23:00:00,LIME,1.5699983718472037,False,1.3042554217723523,0.5609756097424152,0.2186268986321286,-0.3280093852622468,11.901617380507563,2.444077826987632,True,0.168832457859795,False,4,1.010885527488695,405479.1894920872,,0.699207408495907,0.0
MetroPT3,IForest,2020-08-12 23:00:00,MAPLE,0.7470394840971939,False,1.816645407259555,0.5609756097424152,-0.4302099634826579,0.6651185450381011,5.199963641592858,1.4527063266059788,True,0.6363636363636362,False,1,9.510632336420809,1284364.32470585,,0.5013900775483962,0.5789473684210527
MetroPT3,IForest,2020-08-12 23:00:00,SHAP,0.5375709878974081,False,0.7449735976496746,0.5609756097424152,0.9442804367495102,-0.8459405872067042,2.8460914070475805,0.8148854191665358,True,0.0909090909090908,False,3,0.002074056822295,276.3476272139935,,0.8077780089523272,0.0
MetroPT3,IForest,2020-08-12 23:30:00,LIME,1.5512839835648944,False,1.5044943768732189,0.5609756097424152,0.26664842557019,-0.3175088029759039,12.854124899917634,2.2934484574915657,True,0.4189546176520839,False,4,1.4999893074498905,253631.2718217444,,0.6229424487662135,0.0
MetroPT3,IForest,2020-08-12 23:30:00,MAPLE,2.13340491988223,False,1.5815466030481524,0.5609756097424152,-0.795091591078747,0.6724645704505643,5.551487468990383,5.921104652472163,True,0.006060606060606,False,1,14.360238372140904,1835150.126981613,,0.6236992767985198,0.5555555555555556
MetroPT3,IForest,2020-08-12 23:30:00,SHAP,0.5779605919152896,False,0.9658459498029464,0.5609756097424152,0.921208351789578,-0.8277368164119701,3.5887044397893653,0.8274530683018508,True,0.6484848484848483,False,3,0.000354753141377,34.5513552715322,,0.743327672942349,0.0
MetroPT3,IForest,2020-08-14 23:00:00,LIME,1.6066400251987922,False,1.52951305287658,0.5609756097424152,0.3113969092959202,-0.401784413133503,13.704308700261066,2.432569897332681,True,0.3439179697143973,False,4,1.268396313067655,267455.7944402096,,0.606684453109291,0.0
MetroPT3,IForest,2020-08-14 23:00:00,MAPLE,1.1072133037351055,False,1.730150547585393,0.5609756097424152,-0.6746299376190381,0.6796750023708465,5.8566953670226,2.148665972103452,True,0.5151515151515151,False,1,11.79262538316489,1709275.0741342497,,0.5595078073688321,0.44
MetroPT3,IForest,2020-08-14 23:00:00,SHAP,0.5768673298859287,False,0.7183106717574014,0.5609756097424152,0.9322265227152732,-0.8333418594914533,3.424124579557937,0.8294070164939772,True,0.7454545454545454,False,3,0.001360261392217,243.9068268708814,,0.8016184938998251,0.0
MetroPT3,IForest,2020-08-15 00:00:00,LIME,1.6468533447893483,False,1.4933612616586251,0.5609756097424152,0.3209822335099367,-0.4013089721585197,12.634002275926903,2.43777759511776,True,0.3439179697143973,False,4,1.1871692365157014,266793.0767439509,,0.6297065136367258,0.0
MetroPT3,IForest,2020-08-15 00:00:00,MAPLE,1.0171970282750318,False,1.730150547585393,0.5609756097424152,-0.6746299376190381,0.6796750023708465,4.952163737067876,2.325309338720491,True,0.5151515151515151,False,1,7.350409151174946,1533890.8509876474,,0.5595078073688321,0.44
MetroPT3,IForest,2020-08-15 00:00:00,SHAP,0.5678565500362779,False,0.7183106717574014,0.5609756097424152,0.9322265227152732,-0.8333418594914533,3.749425401091435,0.8241844894518866,True,0.7454545454545454,False,3,0.0016980138034998,246.67716263673185,,0.8016184938998251,0.0
MetroPT3,IForest,2020-08-15 05:30:00,LIME,1.5854125647489576,False,1.5140586190901844,0.4146341463313504,-0.1286849818091583,-0.251144514380254,13.293016817440304,2.493287255056576,True,0.6315584534755296,True,5,,,,0.6175938306206823,0.0
MetroPT3,IForest,2020-08-15 05:30:00,MAPLE,2.4084234790050467,False,1.7633946439356476,0.4146341463313504,-0.1489756629686678,-0.397148842730984,9.339948084170793,6.228055185922261,True,0.2857156055296304,True,1,,,,0.5215033825400229,0.4166666666666667
MetroPT3,IForest,2020-08-15 05:30:00,SHAP,4.350053178170292,False,1.9668746958821623,0.4146341463313504,-0.4059621231222283,-0.4482854892432835,4.0122892344092405,5.81563726225535,True,0.4133757697024439,True,3,,,,0.4082957341645148,0.0
MetroPT3,IForest,2020-08-15 08:30:00,LIME,1.2966783472472656,False,1.400826696667466,0.4146341463313504,0.0779954584242008,-0.6074608205787368,9.984344214524372,2.052530586174988,True,0.2000977278338311,False,5,,,,0.6846366392168391,0.0
MetroPT3,IForest,2020-08-15 08:30:00,MAPLE,0.902551442260657,False,1.630979211420058,0.4146341463313504,0.3851614203514013,0.1936745019182651,5.550120997037762,1.1019396939506765,True,0.0243162217472025,True,1,,,,0.6085025310659011,0.0
MetroPT3,IForest,2020-08-15 08:30:00,SHAP,0.923620060955112,False,1.3542316947072168,0.4146341463313504,0.5262530351191226,-0.3162389405977875,2.9061637517991503,1.357502773488192,True,-0.0972648869888103,False,3,,,,0.6910449929158521,0.0
MetroPT3,IForest,2020-08-19 00:30:00,LIME,1.5965439898311695,False,1.4847285693744694,0.5609756097424152,0.3309228379530378,-0.3270027666156274,12.527271622807078,2.3581900802677183,True,0.4001954556676623,False,4,1.255274972210089,246279.45644077944,,0.6293978037605975,0.0
MetroPT3,IForest,2020-08-19 00:30:00,MAPLE,1.9200033158626897,False,1.878492527976806,0.5609756097424152,-0.7398661472743681,0.6116661434090906,6.524536499378934,5.390125494689159,True,-0.0787878787878787,False,1,10.198980726869353,2077673.2707177012,,0.4758285757648325,0.5675675675675675
MetroPT3,IForest,2020-08-19 00:30:00,SHAP,0.5775859512416638,False,0.7954080128071718,0.5609756097424152,0.9293842652711446,-0.8407368811228056,5.613118354192636,0.8095994506955769,True,0.6969696969696969,False,3,0.0041916903817558,427.70429451917016,,0.7817526088293439,0.0
MetroPT3,IForest,2020-08-19 11:00:00,LIME,1.2764187720228897,False,1.3583467607411548,0.5609756097424152,-0.1882548225177077,-0.0908261946162805,10.726703652669457,1.974495339992924,True,0.2188568898182528,False,3,0.9764823938201568,594399.4506969557,,0.6912743986161026,0.0
MetroPT3,IForest,2020-08-19 11:00:00,MAPLE,0.5818436755982589,False,1.8937253252449835,0.5609756097424152,-0.2406429710667513,0.4349715458999729,2.6562408756777875,1.036860518725284,True,0.3212121212121211,False,2,0.0002626360686477,80.6647625140352,,0.4658616615774849,0.56
MetroPT3,IForest,2020-08-19 11:00:00,SHAP,0.3939302877937045,False,1.2407711167983664,0.5609756097424152,0.7821715867794746,-0.8552819710605826,1.930738055043862,0.6163509942866388,True,-0.0666666666666666,False,4,0.0032902618624972,1616.2274358778288,,0.7356751056331514,0.0
MetroPT3,IForest,2020-08-22 12:30:00,LIME,1.093784988056968,False,1.3138671447100427,0.5609756097424152,0.0265620685171626,0.1327580692753284,12.932716981763209,1.765969284059322,True,0.2438691057974817,False,4,1.746562350060298,501949.7849040144,,0.6996839808626828,0.0
MetroPT3,IForest,2020-08-22 12:30:00,MAPLE,0.7019298189686924,False,1.66185827842095,0.5609756097424152,-0.375186808113528,0.648215414891164,5.34421556220436,0.9468428529895876,True,0.6242424242424242,False,1,7.078113411828682,1505195.395716373,,0.5948655232361633,0.5714285714285714
MetroPT3,IForest,2020-08-22 12:30:00,SHAP,0.4901166627367133,False,0.9656194228269848,0.5609756097424152,0.923498578953398,-0.8161428054224579,3.700302994224384,0.7706072267394481,True,0.2484848484848484,False,3,0.0011576576888505,174.85948932293087,,0.7794469790201065,0.0
MetroPT3,IForest,2020-08-24 06:30:00,LIME,1.5675854391752475,False,1.4662289243561253,0.4146341463313504,-0.3041533212289397,-0.3303930806645167,13.438712680062809,2.404011304561993,True,0.4127015636572768,False,4,,,,0.6379537178633067,0.0
MetroPT3,IForest,2020-08-24 06:30:00,MAPLE,2.027755517694797,False,1.864882037947227,0.4146341463313504,0.7096343113480027,0.6148121575354929,6.13348574051501,5.958735150601785,True,0.2121212121212121,True,1,,,,0.49995075904312,0.4054054054054054
MetroPT3,IForest,2020-08-24 06:30:00,SHAP,0.5915191035878451,False,0.8677535366448552,0.4146341463313504,-0.918808720075798,-0.8150152912685815,3.3682876141598435,0.862851801381021,True,0.7333333333333332,False,3,,,,0.7749813663027536,0.0
MetroPT3,IForest,2020-08-24 10:00:00,LIME,1.1479602144486465,False,1.478988593601171,0.5609756097424152,0.003111021656827,0.100654571669438,13.000534802647277,1.8148332788885528,True,0.3814362936832406,False,4,1.3816252924067924,319639.4443157508,,0.6427417602755451,0.0
MetroPT3,IForest,2020-08-24 10:00:00,MAPLE,0.9077911783319244,False,1.4381090581319855,0.5609756097424152,-0.5660643759675428,0.6353336652607935,6.590453729062424,2.2071065084031,True,0.5272727272727272,False,1,11.824371292052035,2109995.145614616,,0.6802598325833067,0.4827586206896552
MetroPT3,IForest,2020-08-24 10:00:00,SHAP,0.5640391819768023,False,0.633018392354678,0.5609756097424152,0.9327893766763532,-0.8496358338077804,3.462537307433119,0.8170871491209845,True,0.6484848484848483,False,3,0.0010124323427746,171.7116135814469,,0.8171679135949943,0.0
MetroPT3,IForest,2020-08-30 08:30:00,LIME,1.472098248797339,False,1.6017619522490412,0.4146341463313504,-0.3134417849541128,-0.2009703881028987,21.63419034783749,2.36950432232826,True,0.6315584534755296,True,5,,,,0.5912470472746798,0.0
MetroPT3,IForest,2020-08-30 08:30:00,MAPLE,2.051955903603768,False,1.645582338759373,0.4146341463313504,0.2654298569266615,0.3668255758628032,6.112486263737981,6.078146548665996,True,0.3006361283785259,True,2,,,,0.5905377687202434,0.4054054054054054
MetroPT3,IForest,2020-08-30 08:30:00,SHAP,4.84411770653532,False,1.9010266957997253,0.4146341463313504,-0.5393914191850468,-0.4430924003415318,4.155569567190279,6.351555903963997,True,0.3039527718400323,True,3,,,,0.4482533433086157,0.0
MetroPT3,IForest,2020-08-30 19:00:00,LIME,1.6579991671244452,False,1.3540742339303733,0.4146341463313504,-0.2302981616172668,-0.4295161297087108,13.720089724179903,2.48598310834482,True,0.5815340215170718,False,5,,,,0.6697231573927731,0.0
MetroPT3,IForest,2020-08-30 19:00:00,MAPLE,0.8221793459685309,False,1.593280223510618,0.4146341463313504,0.3471662733226731,0.7240648985770978,6.779777811110799,1.0158213185766771,True,0.5515151515151515,True,0,,,,0.6129902254048576,0.4
MetroPT3,IForest,2020-08-30 19:00:00,SHAP,3.923867914050348,False,1.9731323263775689,0.4146341463313504,-0.2014597882411851,-0.5718770329191737,5.938906088334048,5.721152906981726,True,0.1641344967936174,True,3,,,,0.4027800440893276,0.0
MetroPT3,MCD,2020-07-08 17:30:00,LIME,2.973273143812449,False,1.288949677116435,0.9999999999756098,0.0487446339749431,0.9361359880240104,6.706269648846383,5.684452642278741,True,0.2952752952754429,False,4,0.9388169712287538,28592931.47131235,,0.7082313861999198,0.0
MetroPT3,MCD,2020-07-08 17:30:00,MAPLE,0.4689566825164481,False,-1.000088900581841e-12,0.9999999999756098,0.0613184515813936,-0.9999941452286027,2.17750853426331,1.1979504378765828,True,0.5303300858899106,False,3,1.4922095131031842e-05,391.12540650476416,,0.8999981758587162,0.0
MetroPT3,MCD,2020-07-08 17:30:00,SHAP,0.960865917621412,False,0.0578012286252539,0.9999999999756098,-0.0682464953140374,0.9999929950834844,3.266480017395031,2.68413100348221,True,0.5741178280525739,False,6,0.0043702020236659,27242.458095740916,,0.8974651499634413,0.0
MetroPT3,MCD,2020-07-08 18:30:00,LIME,0.8146503323883794,False,0.4075743099287653,0.9999999999756098,-0.0131483591505392,-0.997945493637117,6.925324911587869,1.308039653391024,True,0.4051363274242855,False,7,0.8023126261407929,26045302.519606136,,0.8687623306114166,0.0
MetroPT3,MCD,2020-07-08 18:30:00,MAPLE,0.4022140917158666,False,-1.000088900581841e-12,0.9999999999756098,0.0447301444539002,-0.9999941126690908,1.803664277270673,1.1892713956659384,True,0.528680532637681,False,6,1.4850446071292442e-05,395.1880985856369,,0.8999981736425398,0.0
MetroPT3,MCD,2020-07-08 18:30:00,SHAP,0.9108452003575792,False,0.0621330003423835,0.9999999999756098,-0.051624975396031,0.9999928840382,3.328623197080191,2.646971380564799,True,0.7446471099018033,False,7,0.0035490812009254,18359.40422989632,,0.8969954903191069,0.0
MetroPT3,MCD,2020-07-15 16:00:00,LIME,0.6811106105167696,False,0.4147591203371282,0.9999999999756098,-0.0497049651097659,-0.9979908828166494,7.081226975224646,1.3244603331777622,True,0.835593675312589,False,5,0.7463153765351691,23504891.985434145,,0.8654835987805171,0.0
MetroPT3,MCD,2020-07-15 16:00:00,MAPLE,0.1774792309779673,False,-1.000088900581841e-12,0.9999999999756098,-0.0012363943075897,-0.999994056607348,1.1621400780993505,0.7256866355859937,True,0.528680532637681,False,2,1.1854784857002572e-05,233.21649994483477,,0.899998275329115,0.0
MetroPT3,MCD,2020-07-15 16:00:00,SHAP,0.7138403044778034,False,0.0559547103319113,0.9999999999756098,-0.0054846785756765,0.9999941237328324,4.143005251161727,2.6478805823962257,True,0.7323388932092116,False,7,0.0042078793600693,25933.30405511672,,0.8974980855239802,0.0
MetroPT3,MCD,2020-07-15 17:00:00,LIME,0.8122029080085919,False,0.5100379646182814,0.9999999999756098,-0.0545412122564789,-0.9969181811319228,8.068362396472903,1.33574481142513,True,0.3825974418598517,False,6,0.2577454096569539,29467655.727808744,,0.8565399260214548,0.0
MetroPT3,MCD,2020-07-15 17:00:00,MAPLE,0.116447398961802,False,-1.000088900581841e-12,0.9999999999756098,0.0123164667239113,-0.9999939545109086,1.490291338758043,0.3284326406091205,True,0.5238227218271836,False,5,4.362971579944708e-06,367.2915038971319,,0.8999986814148333,0.0
MetroPT3,MCD,2020-07-15 17:00:00,SHAP,1.0162430500719335,False,0.0638118014862442,0.9999999999756098,-0.019267946180197,0.9999929253048596,4.170575499874321,2.7252815909190886,True,0.2560975609756097,False,7,0.003127330335463,40934.58374066545,,0.8968394373240011,0.0
MetroPT3,MCD,2020-07-15 17:30:00,LIME,0.8292492229947619,False,0.4090929635192612,0.9999999999756098,0.0900631164071627,-0.9985975197863644,6.672378651907047,1.3344428759660594,True,0.2383393900110552,False,5,0.987620343336079,13863603.961104002,,0.8640749647789168,0.0
MetroPT3,MCD,2020-07-15 17:30:00,MAPLE,0.1186754350922598,False,-1.000088900581841e-12,0.9999999999756098,0.118806297400502,-0.999994690149634,0.9483257819354703,0.3608199639860414,True,0.5238227218271836,False,6,1.4722535554439587e-05,266.6702236853039,,0.8999986647666142,0.0
MetroPT3,MCD,2020-07-15 17:30:00,SHAP,0.9448545631014124,False,0.5039197621390336,0.9999999999756098,-0.3274174099483604,0.977773605123613,4.652882651938939,2.5930927225383518,True,0.5121951219512195,False,6,0.0061249847869227,14889.163815437269,,0.8611357718704657,0.0
MetroPT3,MCD,2020-07-15 18:00:00,LIME,0.8480245873359091,False,0.4715989673193819,0.9999999999756098,0.0100664599325035,-0.9937872262128724,6.85244986449131,1.3357502091078195,True,0.506420409280357,False,7,3530.5458534543777,11025119.076112391,,0.8649317043326898,0.0
MetroPT3,MCD,2020-07-15 18:00:00,MAPLE,0.1089064181858804,False,-1.000088900581841e-12,0.9999999999756098,0.1179753275902933,-0.9999985998895956,0.9645477663072994,0.3621760787984278,True,0.528680532637681,False,6,0.0420975409391218,200.4245129637832,,0.8999986526634741,0.0
MetroPT3,MCD,2020-07-15 18:00:00,SHAP,0.8633589574006761,False,0.4871608463412291,0.9999999999756098,-0.3261928557864421,0.9775375893120192,3.3293103726554167,2.529263161573876,True,0.4123252592018249,False,7,19.43222591135368,59327.56846215465,,0.8625787126680493,0.0
MetroPT3,MCD,2020-07-15 18:30:00,LIME,0.7751939468794624,False,0.4200265796320055,0.9999999999756098,0.0300116156884266,-0.9957685262555366,7.345796509166264,1.365508114860291,True,0.6140347462524328,False,4,3114.8872817430565,9099675.3369317,,0.868956040650735,0.0
MetroPT3,MCD,2020-07-15 18:30:00,MAPLE,0.100535562441858,False,-1.000088900581841e-12,0.9999999999756098,0.1186460338233933,-0.9999981777080612,0.7169917346198462,0.4746409831080387,True,0.528680532637681,False,3,0.0192871633246111,38.21108223101202,,0.8999986428937136,0.0
MetroPT3,MCD,2020-07-15 18:30:00,SHAP,0.8448091710608291,False,0.4851894521538969,0.9999999999756098,-0.3265233533904875,0.9776560501031883,3.4034829732894383,2.672694460269857,True,0.6707978097462526,False,6,4.649766615652037,13847.170142578065,,0.86275246962633,0.0
MetroPT3,MCD,2020-07-15 19:00:00,LIME,0.711568908755806,False,0.4586206989780087,0.9999999999756098,-0.0036735992831746,-0.9984287304418028,7.205617683228144,1.337597895599486,True,0.671007042296473,False,4,0.5621955577293055,21363022.342619404,,0.854382162118358,0.0
MetroPT3,MCD,2020-07-15 19:00:00,MAPLE,0.4493382750391797,False,-1.000088900581841e-12,0.9999999999756098,0.0325550022449723,-0.999994125085682,2.0384041432187843,1.1714188754069652,True,0.528680532637681,False,3,1.4727980218929884e-05,459.2439039067708,,0.899998080639019,0.0
MetroPT3,MCD,2020-07-15 19:00:00,SHAP,0.7365721889545527,False,0.0600983532225918,0.9999999999756098,-0.0394183003136846,0.9999931631726916,4.254007078253288,2.7386524883596306,True,0.4861745593573757,False,6,0.0034805882010977,26689.69665332867,,0.8972387114992627,0.0
MetroPT3,MCD,2020-07-17 04:00:00,LIME,0.7275012708960081,False,0.7023199269441395,0.9999999999756098,-0.0338751650772751,0.9850616033704964,7.542941342701935,1.3464517167572594,True,0.520583404497831,False,3,0.7473696983877475,17473471.30034517,,0.8337037485249471,0.0
MetroPT3,MCD,2020-07-17 04:00:00,MAPLE,0.2369804150033935,False,-1.000088900581841e-12,0.9999999999756098,0.1183271542341931,0.9999233294459656,1.7424329892004988,0.4607456800306987,True,0.5238227218271836,False,2,1.7268721926944516e-05,113.43017532402212,,0.8999986364950908,0.0
MetroPT3,MCD,2020-07-17 04:00:00,SHAP,0.9483942079287933,False,0.5136863948311846,0.9999999999756098,-0.3247093760695871,-0.9801185163867367,3.189535136105183,2.642844011816885,True,0.6463414634146342,False,4,0.0039395977907252,15254.15438702017,,0.8602192901935887,0.0
MetroPT3,MCD,2020-07-17 04:30:00,LIME,0.7166104898823196,False,0.6157649560931512,0.9999999999756098,0.0156709551700967,-0.9924870968736496,5.751900322982472,1.3230720039156725,True,0.570760118184369,False,3,0.7965462561798267,12357189.528533423,,0.8431009023504092,0.0
MetroPT3,MCD,2020-07-17 04:30:00,MAPLE,0.260768886083456,False,-1.000088900581841e-12,0.9999999999756098,0.1183271542341931,-0.99992332944372,1.055341694596068,0.4607429272909635,True,0.5238227218271836,False,2,1.202517987637766e-05,194.9800508154636,,0.8999986364950908,0.0
MetroPT3,MCD,2020-07-17 04:30:00,SHAP,1.0043549348668386,False,0.5136863948311846,0.9999999999756098,-0.3247093760695871,0.980118516207362,5.083717973560749,2.636774854095312,True,0.6463414634146342,False,4,0.0042524458354275,15695.48229059033,,0.8602192901935887,0.0
MetroPT3,MCD,2020-07-17 05:00:00,LIME,0.8189991589689068,False,0.478552765631255,0.9999999999756098,0.0596497392264971,-0.9972236202033842,5.745342293336384,1.3433909925086325,True,0.3700532634382172,False,6,0.9066219111649692,14919927.5095627,,0.8590443137104433,0.0
MetroPT3,MCD,2020-07-17 05:00:00,MAPLE,0.1911528283789053,False,-1.000088900581841e-12,0.9999999999756098,0.1188660367941325,-0.99999074649499,1.2469087025080308,0.4704339849279494,True,0.5238227218271836,False,5,9.552826287325984e-06,56.70109761746404,,0.8999986899581573,0.0
MetroPT3,MCD,2020-07-17 05:00:00,SHAP,0.9485015095947752,False,0.4982099675118448,0.9999999999756098,-0.3267954011614548,0.9781427531911746,2.824802021495924,2.6153967047259603,True,0.6097560975609757,False,7,0.0057898045042498,17739.848402468728,,0.8616084845437768,0.0
MetroPT3,MCD,2020-07-17 05:30:00,LIME,0.867678929492385,False,0.3928748033346124,0.9999999999756098,0.0522043281361791,-0.9973913560202514,7.903756576214113,1.348337831269124,True,0.671007042296473,False,4,2457.9786389570813,13911262.966261564,,0.8708943422496569,0.0
MetroPT3,MCD,2020-07-17 05:30:00,MAPLE,0.1568396612745291,False,-1.000088900581841e-12,0.9999999999756098,0.1197240848838994,-0.9999974404509014,0.9943803329995664,0.4996955310458706,True,0.528680532637681,False,3,0.0133538492366427,57.23060532263365,,0.8999986651955165,0.0
MetroPT3,MCD,2020-07-17 05:30:00,SHAP,1.036968284070142,False,0.4848616798592652,0.9999999999756098,-0.3270486946148569,0.9778413565046662,2.743928601499294,2.5914057059945788,True,0.646181376361069,False,6,2.4355300201013117,9250.572649532416,,0.8627589336491449,0.0
MetroPT3,MCD,2020-07-17 07:30:00,LIME,0.7609909343411679,False,0.5297303453585338,0.9999999999756098,0.0261557243266744,0.9948870449431622,6.678374998941325,1.3361021142594818,True,0.5048255048257572,False,4,2248.048856346803,12927252.08101323,,0.8542856501507182,0.0
MetroPT3,MCD,2020-07-17 07:30:00,MAPLE,0.1271011462661549,False,-1.000088900581841e-12,0.9999999999756098,0.1201301934439793,0.9999970281204388,1.2544792550629429,0.2828814609312497,True,0.5303300858899106,False,3,0.0388954818606402,140.44846329779676,,0.8999988985227926,0.0
MetroPT3,MCD,2020-07-17 07:30:00,SHAP,0.8015015035414251,False,0.4864281464127735,0.9999999999756098,-0.3272440050378826,-0.9779203137842252,3.775852906648782,2.5800380323885768,True,0.4815181783666749,False,6,1.990394870509851,11714.278115274596,,0.8626479810799236,0.0
MetroPT3,MCD,2020-07-24 23:30:00,LIME,3.136789723427983,False,0.8945721197959561,0.9999999999756098,-0.1406922567602423,-0.984646743292209,7.023671111289911,6.03573917876984,True,0.5127506643963614,False,5,0.734939704264043,22663332.735346533,,0.7983391245580688,0.0
MetroPT3,MCD,2020-07-24 23:30:00,MAPLE,90419.02849590518,False,-1.000088900581841e-12,0.9999999999756098,0.0789137257220449,0.9999941962847256,4.725101015160926,125284.2782195404,True,0.528680532637681,False,1,4.810882030316892,134767247.94416028,,0.8002640405011274,0.0
MetroPT3,MCD,2020-07-24 23:30:00,SHAP,0.9466053135218232,False,0.0709236743516312,0.9999999999756098,-0.0858756233845741,-0.9999915674032606,3.578058500910489,2.69147795910779,True,0.5230992094351512,False,7,0.0012522548185272,14243.71410622835,,0.8962299514675061,0.0
MetroPT3,MCD,2020-07-25 00:00:00,LIME,3.3081456203368687,False,0.6540290003132432,0.9999999999756098,0.0075445482481563,-0.9887325658857408,7.490485116447162,6.187911413544574,True,0.7026583178764954,False,5,0.7054305661422581,23027429.25614952,,0.8425705687713329,0.0
MetroPT3,MCD,2020-07-25 00:00:00,MAPLE,90978.39479263408,False,-1.000088900581841e-12,0.9999999999756098,0.0789137257220449,0.9999941962847256,4.080813903715925,125114.2669407007,True,0.528680532637681,False,1,5.752838905431703,176054060.94878003,,0.8002640405011274,0.0
MetroPT3,MCD,2020-07-25 00:00:00,SHAP,0.8791367009641672,False,0.0709236743516312,0.9999999999756098,-0.0858756233845741,-0.9999915674032606,4.099334609294949,2.702399532862802,True,0.5230992094351512,False,7,0.0014646396806115,14816.280192670907,,0.8962299514675061,0.0
MetroPT3,MCD,2020-07-29 00:00:00,LIME,2.8072859129323344,False,1.1152335310096246,0.9999999999756098,-0.7223729079303576,-0.738494531801636,7.834733899132657,4.814979823790161,True,0.6645161290322582,False,5,0.7423629835938838,32144288.719514918,,0.7496240090929301,0.0
MetroPT3,MCD,2020-07-29 00:00:00,MAPLE,60986.58502308794,False,-1.000088900581841e-12,0.9999999999756098,-0.076145498795636,-0.9999941908637175,5.78185817849884,85080.39186260504,True,0.5388159060803247,False,2,3.1462808165027853,117662154.9485557,,0.8295438326950828,0.0
MetroPT3,MCD,2020-07-29 00:00:00,SHAP,0.934131510676884,False,0.0699107879358498,0.9999999999756098,-0.0830943575484297,-0.9999918146459896,3.1301634730957364,2.598490307161298,True,0.5268554937086483,False,7,0.0018635905432788,22533.75317295216,,0.8963011947648554,0.0
MetroPT3,MCD,2020-07-29 00:30:00,LIME,2.7302344540647505,False,1.3148363727552224,0.9999999999756098,-0.3965014816259833,-0.9161650831619224,8.454526907943418,5.322519579279477,True,0.4621086234683257,False,4,0.5391996547224255,17783876.870392263,,0.7078865640899131,0.0
MetroPT3,MCD,2020-07-29 00:30:00,MAPLE,24986.79642574281,False,-1.000088900581841e-12,0.9999999999756098,0.0770852293136628,0.9999941654054814,5.52846425981389,35452.942497774384,True,0.528680532637681,False,3,0.9800728811202498,37632101.57946872,,0.8715066170483444,0.0
MetroPT3,MCD,2020-07-29 00:30:00,SHAP,0.937967146667879,False,0.0609523840825088,0.9999999999756098,-0.0840634330508606,-0.9999926412256852,5.187070412081492,2.578373646327289,True,0.4615581259721921,False,6,0.0032176891866009,24067.0872693423,,0.8972021819874995,0.0
MetroPT3,MCD,2020-07-29 01:00:00,LIME,2.9006200380944422,False,1.0160384417931212,0.9999999999756098,-0.4144316813354913,-0.9352994975933392,7.671076443830541,5.96907753395259,True,0.6140347462524328,False,5,0.7940292563671765,30665894.046622377,,0.7838453811611327,0.0
MetroPT3,MCD,2020-07-29 01:00:00,MAPLE,8200.306484940278,False,-1.000088900581841e-12,0.9999999999756098,-0.0782405966292587,-0.9999941934059264,5.96711816889217,11876.86018927908,True,0.528680532637681,False,2,0.4264887457962556,10744080.145454792,,0.8894404084574523,0.0
MetroPT3,MCD,2020-07-29 01:00:00,SHAP,0.9683812012658466,False,0.0704022648638516,0.9999999999756098,-0.0851956964035931,-0.999991679650023,3.6827309398557326,2.576216887112934,True,0.5230992094351512,False,7,0.0015352420548439,19968.35936679416,,0.8962713913820892,0.0
MetroPT3,MCD,2020-07-31 06:00:00,LIME,2.927284292329912,False,1.0353475771640717,0.9999999999756098,-0.2256462168926787,-0.9825992648220948,5.879821910866061,5.833916297175671,True,0.5444019399763838,False,6,1516.7860663578315,17731901.628641136,,0.7595740308663528,0.0
MetroPT3,MCD,2020-07-31 06:00:00,MAPLE,0.0489613464730922,False,-1.000088900581841e-12,0.9999999999756098,0.1265697524599147,0.999990884737446,1.5738196423990023,0.132930256462259,True,0.528680532637681,False,7,0.0118398872869493,129.78223868802763,,0.8999991000008999,0.0
MetroPT3,MCD,2020-07-31 06:00:00,SHAP,0.8210451117315535,False,0.5129935743705316,0.9999999999756098,-0.3310141690178575,-0.978800239538207,3.5419338384690597,2.6243549438806437,True,0.4861745593573757,False,6,0.8914263907949329,5687.202320509253,,0.8608351089296258,0.0
MetroPT3,MCD,2020-08-03 02:00:00,LIME,3.8368298769197855,False,0.953383143043404,0.9999999999756098,-0.2128811852236769,-0.9839748396357176,8.594075574668214,6.126245096040923,True,0.8166029099645755,False,5,0.7999219345756469,27624070.177913062,,0.7860560615267272,0.0
MetroPT3,MCD,2020-08-03 02:00:00,MAPLE,17887.54531321459,False,-1.000088900581841e-12,0.9999999999756098,0.0798460456610015,0.9999941864791394,4.969294151449032,25839.634497673767,True,0.528680532637681,False,2,1.1024089613343768,23276292.15931443,,0.877717047612101,0.0
MetroPT3,MCD,2020-08-03 02:00:00,SHAP,0.8103178907985247,False,0.0699948370869676,0.9999999999756098,-0.0868129233396096,-0.9999916360955976,3.0379845960277523,2.638142433982915,True,0.5107909927425592,False,7,0.0023335755226158,22367.077562407823,,0.8963380346545384,0.0
MetroPT3,MCD,2020-08-03 05:00:00,LIME,3.4106115566133552,False,0.98222767504825,0.9999999999756098,-0.2266013670450279,-0.9810858368410026,7.993607986813035,5.48034003693474,True,0.588713725788415,False,5,0.8821828474249157,22301739.438484587,,0.7768967653202337,0.0
MetroPT3,MCD,2020-08-03 05:00:00,MAPLE,16826.809476849314,False,-1.000088900581841e-12,0.9999999999756098,0.0798460456610015,0.9999941864791394,5.487940603366573,25658.793792214125,True,0.528680532637681,False,2,1.0540670916839847,22255139.98393512,,0.877717047612101,0.0
MetroPT3,MCD,2020-08-03 05:00:00,SHAP,0.9311758844230495,False,0.0699948370869676,0.9999999999756098,-0.0868129233396096,-0.9999916360955976,4.000866247553474,2.659954752841435,True,0.5107909927425592,False,7,0.0024430270789813,10740.095585059284,,0.8963380346545384,0.0
MetroPT3,MCD,2020-08-03 05:30:00,LIME,2.8766828279645127,False,0.9708132275972908,0.9999999999756098,-0.3663728063107188,-0.9539515052564742,6.4617102237956265,5.498758021577672,True,0.8419239304285934,False,5,0.7896823025227558,33075939.15395414,,0.7911925824497897,0.0
MetroPT3,MCD,2020-08-03 05:30:00,MAPLE,20141.39674509258,False,-1.000088900581841e-12,0.9999999999756098,0.0798460456610015,0.9999941864791394,5.266604487242896,25620.25207093792,True,0.528680532637681,False,2,0.8692444076125893,31095253.57705187,,0.877717047612101,0.0
MetroPT3,MCD,2020-08-03 05:30:00,SHAP,1.077634224207553,False,0.0699948370869676,0.9999999999756098,-0.0868129233396096,-0.9999916360955976,3.850708468591357,2.6468673258950317,True,0.5107909927425592,False,7,0.0012552805333679,18577.671867018023,,0.8963380346545384,0.0
MetroPT3,MCD,2020-08-03 06:00:00,LIME,2.916158462515931,False,1.141443013266547,0.9999999999756098,-0.3923847640760388,-0.9413068534776894,9.645525450221012,5.513416032288339,True,0.6140347462524328,False,5,0.7598165915483781,31857676.738408536,,0.7545926734571452,0.0
MetroPT3,MCD,2020-08-03 06:00:00,MAPLE,18490.457946153107,False,-1.000088900581841e-12,0.9999999999756098,0.0798460456610015,0.9999941864791394,5.057764175944793,25433.711910129565,True,0.528680532637681,False,2,1.0714803707595302,23956068.37361725,,0.877717047612101,0.0
MetroPT3,MCD,2020-08-03 06:00:00,SHAP,0.914157772271324,False,0.0699948370869676,0.9999999999756098,-0.0868129233396096,-0.9999916360955976,3.3966117835605387,2.6453303169335154,True,0.5107909927425592,False,7,0.0018427504512181,19495.353423592715,,0.8963380346545384,0.0
MetroPT3,MCD,2020-08-05 08:30:00,LIME,2.284611724157123,False,0.9515521368084152,0.9999999999756098,-0.5589955390757552,-0.8917148766009794,7.013893335673085,4.709571530266429,True,0.3700532634382172,False,4,0.9115268944579082,11297461.689296488,,0.7907069356167574,0.0
MetroPT3,MCD,2020-08-05 08:30:00,MAPLE,0.0399557021242876,False,-1.000088900581841e-12,0.9999999999756098,0.1215224348372403,0.999983218372232,1.4643161530384077,0.1259674119599321,True,0.5238227218271836,False,3,4.3267384065005696e-06,176.914698957671,,0.8999990876324719,0.0
MetroPT3,MCD,2020-08-05 08:30:00,SHAP,0.8237131286694966,False,0.5034844643840464,0.9999999999756098,-0.3281032243898875,-0.9787115278209948,4.208189277833986,2.563972884827468,True,0.7317073170731708,False,5,0.0037136935595594,18002.213027125934,,0.8615102036111033,0.0
MetroPT3,MCD,2020-08-07 04:30:00,LIME,3.0005026905147414,False,1.3150981139540163,0.9999999999756098,-0.3995261323680295,-0.9195490714094748,6.656799375821342,5.863092500025084,True,0.1191696950055276,False,6,0.477662540691591,31236837.13513507,,0.710533655847914,0.0
MetroPT3,MCD,2020-08-07 04:30:00,MAPLE,0.9231951975438089,False,-1.000088900581841e-12,0.9999999999756098,0.0936280646952254,0.999993910642242,2.435273173711227,1.7196774449836538,True,0.5238227218271836,False,5,1.692527589957318e-05,582.6089416467695,,0.8999977301160488,0.0
MetroPT3,MCD,2020-08-07 04:30:00,SHAP,0.9818149372427222,False,0.0869772778413093,0.9999999999756098,-0.1012621167119301,-0.999988670886637,3.263376409705151,2.647027814278695,True,0.56535215562246,False,6,0.0023297135530373,36213.14390328507,,0.8945889036625333,0.0
MetroPT3,MCD,2020-08-08 16:00:00,LIME,0.8462210373059703,False,0.4853088854880767,0.9999999999756098,0.0503743447304479,0.997925667812615,6.276886402333915,1.3354729044713936,True,0.2446114792218724,False,6,0.3406861221976549,23281870.269518208,,0.8524266270947428,0.0
MetroPT3,MCD,2020-08-08 16:00:00,MAPLE,0.3657955019897969,False,-1.000088900581841e-12,0.9999999999756098,0.0915575302495923,0.9999939642644428,3.0259717348401454,0.9981555913834728,True,0.5238227218271836,False,5,6.705180311774168e-06,249.59659047551668,,0.8999985851751406,0.0
MetroPT3,MCD,2020-08-08 16:00:00,SHAP,0.8114700649963248,False,0.0824661835873986,0.9999999999756098,-0.098987431794233,-0.9999899169393572,3.2743205610351,2.5877702208811204,True,0.6079055436800646,False,6,0.0010120846051752,23559.56005744393,,0.8948561356089582,0.0
MetroPT3,MCD,2020-08-08 20:00:00,LIME,2.7821361971616945,False,1.0334357266998704,0.9999999999756098,-0.2335881727557509,-0.9808347973804458,7.327664566505199,5.779732090584327,True,0.2696998360651413,False,6,0.4062532642307047,28510521.14489483,,0.7593183483258283,0.0
MetroPT3,MCD,2020-08-08 20:00:00,MAPLE,2727.019628594101,False,-1.000088900581841e-12,0.9999999999756098,0.0989944698155503,0.9999939661287188,4.298818228799891,3896.1997481907374,True,0.5238227218271836,False,5,0.0793455568150678,4347023.912232128,,0.8967682605791837,0.0
MetroPT3,MCD,2020-08-08 20:00:00,SHAP,0.8916053412075223,False,0.08311750472588,0.9999999999756098,-0.1064233931903281,-0.9999898858349612,3.87317961618122,2.66977926538972,True,0.4498501023232477,False,6,0.0019929453268625,27321.88822770292,,0.8947484966981161,0.0
MetroPT3,MCD,2020-08-09 00:00:00,LIME,2.582979706896411,False,1.246600771109015,0.9999999999756098,-0.5711719622294773,-0.837311260353468,6.648794009326944,5.163579063538866,True,0.1442580518487965,False,7,0.2887994840703911,30181419.01381424,,0.7310310760879769,0.0
MetroPT3,MCD,2020-08-09 00:00:00,MAPLE,1947.455052818314,False,-1.000088900581841e-12,0.9999999999756098,0.0975880179423086,0.9999939984372832,5.153170777649347,2915.74575226291,True,0.5238227218271836,False,4,0.0444727252524857,3517599.70823481,,0.8976388573880234,0.0
MetroPT3,MCD,2020-08-09 00:00:00,SHAP,0.8640261153714183,False,0.0797257307159082,0.9999999999756098,-0.104913564687495,-0.999990374745677,3.418902168135133,2.609062983569686,True,0.4924034903808523,False,7,0.0013720472100686,31884.834300291383,,0.8952224269072282,0.0
MetroPT3,MCD,2020-08-10 11:30:00,LIME,0.469420002338107,False,0.3191206453337963,0.9999999999756098,-0.99874965600363,0.9984113790654228,3.318989239554129,1.6198331165976665,True,0.6585693671358104,False,3,0.3994539901245059,578011.8997110092,,0.8794475703271419,0.0
MetroPT3,MCD,2020-08-10 11:30:00,MAPLE,0.1555320091224627,False,-1.000088900581841e-12,0.9999999999756098,-0.9999671257043942,0.99998942275333,3.237791190379781,0.539515584110172,True,0.5238227218271836,False,6,3.815954831414138e-06,21.31372898581892,,0.8999990846088537,0.0
MetroPT3,MCD,2020-08-10 11:30:00,SHAP,1.0744752335223162,False,0.1159854614065082,0.9999999999756098,-0.9999954780707486,0.999943280734274,5.74629107956097,3.290478620655447,True,0.6443798763008685,False,4,0.0002991101302678,1466.9828489921708,,0.8887206565573116,0.0
MetroPT3,MCD,2020-08-12 23:00:00,LIME,3.186437477293738,False,0.6293811586721305,0.9999999999756098,-0.110752159922572,-0.9962722690438408,7.168829345936463,5.912855265083104,True,-0.156802230270431,False,6,0.4463386089789264,28077113.378098156,,0.8385876443523109,0.0
MetroPT3,MCD,2020-08-12 23:00:00,MAPLE,0.2841243210458363,False,-1.000088900581841e-12,0.9999999999756098,0.0955237491823369,0.9999939368428754,3.687455128545998,0.9967403492388582,True,0.5238227218271836,False,5,5.297683664696923e-06,82.05170899826742,,0.8999987429132269,0.0
MetroPT3,MCD,2020-08-12 23:00:00,SHAP,1.0402775558368982,False,0.0846913617573785,0.9999999999756098,-0.1030408700272527,-0.999989417638947,4.641519015361701,2.66030357595266,True,0.5775102664960614,False,6,0.0034708014790624,34563.79544907483,,0.8946737481943445,0.0
MetroPT3,MCD,2020-08-12 23:30:00,LIME,3.281934749465405,False,1.2828622514032058,0.9999999999756098,-0.4993374632556009,-0.8945115020866408,10.195847753847646,5.360532471804375,True,0.338692817384131,False,7,0.383258471471552,26964848.228780247,,0.7190346702328504,0.0
MetroPT3,MCD,2020-08-12 23:30:00,MAPLE,790.0729550545785,False,-1.000088900581841e-12,0.9999999999756098,0.10242174352102,0.9999939046653228,6.546750441188347,1085.4076734757812,True,0.5238227218271836,False,4,0.0166058541350843,944430.82420517,,0.8990574504340257,0.0
MetroPT3,MCD,2020-08-12 23:30:00,SHAP,0.767460313969376,False,0.0828890985154126,0.9999999999756098,-0.1097901836986463,-0.9999894360768918,4.148219752047346,2.690155254320547,True,0.4437710468864471,False,7,0.0018938897831766,32428.239685622622,,0.8950612431896281,0.0
MetroPT3,MCD,2020-08-14 23:00:00,LIME,3.1483835183715034,False,0.9869996430688668,0.9999999999756098,-0.3235725454008767,-0.9691283605396938,7.1760994640169935,5.979931438369716,True,0.3198765497516793,False,7,0.4200069853787339,30007666.130850185,,0.7867380718901483,0.0
MetroPT3,MCD,2020-08-14 23:00:00,MAPLE,19891.164179621643,False,-1.000088900581841e-12,0.9999999999756098,-0.0969733017937931,-0.9999938568795764,4.413004604555452,27722.003630655105,True,0.5238227218271836,False,4,0.4682059073379668,25562129.43943205,,0.8762807314665131,0.0
MetroPT3,MCD,2020-08-14 23:00:00,SHAP,1.0075017531781734,False,0.0835018477058691,0.9999999999756098,-0.1044242583787757,-0.9999894089322142,4.480870459544287,2.621421609093608,True,0.5531940447488588,False,7,0.0019548971374418,23685.403610490644,,0.8948936994249769,0.0
MetroPT3,MCD,2020-08-15 00:00:00,LIME,3.128163722719984,False,0.869648306902925,0.9999999999756098,-0.1777497644202968,-0.9898955068742058,8.051903923201959,6.052110858307263,True,0.131713873427162,False,7,0.4503577753812646,25915659.79961984,,0.7969727788071329,0.0
MetroPT3,MCD,2020-08-15 00:00:00,MAPLE,17216.25755288725,False,-1.000088900581841e-12,0.9999999999756098,-0.0969733017937931,-0.9999938568795764,4.079424666777366,27488.36663832348,True,0.5238227218271836,False,4,0.5504841341402983,36546891.97466129,,0.8762807314665131,0.0
MetroPT3,MCD,2020-08-15 00:00:00,SHAP,0.9497057818481358,False,0.0835018477058691,0.9999999999756098,-0.1044242583787757,-0.9999894089322142,3.786065904584349,2.581303662910432,True,0.5531940447488588,False,7,0.0033615742211677,26500.10484078236,,0.8948936994249769,0.0
MetroPT3,MCD,2020-08-15 05:30:00,LIME,2.850440863693536,False,1.0136169591253483,0.9999999999756098,-0.1561969016229805,-0.981078297401048,9.083096480699409,6.059666122933035,True,0.4621086234683257,False,5,0.8175365964782677,31336967.750682727,,0.7644027867872458,0.0
MetroPT3,MCD,2020-08-15 05:30:00,MAPLE,64573.20205464644,False,-1.000088900581841e-12,0.9999999999756098,-0.0806599661780767,-0.9999941902031696,4.638138929272548,94447.45977180752,True,0.528680532637681,False,2,3.888353935536432,133503559.07436796,,0.822473559635752,0.0
MetroPT3,MCD,2020-08-15 05:30:00,SHAP,0.7306623023324711,False,0.0705480190571696,0.9999999999756098,-0.0876273492698185,-0.9999915130064329,4.710884161889337,2.6699660717983376,True,0.5107909927425592,False,7,0.0019966166315888,19090.30152247936,,0.8962945588677956,0.0
MetroPT3,MCD,2020-08-15 08:30:00,LIME,3.037177335345973,False,0.8400773594518831,0.9999999999756098,-0.3408284053420478,-0.9531333973285478,7.91120432265038,5.949191525745005,True,0.5317414297443748,False,6,0.8601318121209687,26105189.328407463,,0.8168881953802365,0.0
MetroPT3,MCD,2020-08-15 08:30:00,MAPLE,0.8842287673926773,False,-1.000088900581841e-12,0.9999999999756098,0.0470896065926838,0.9999940759127216,2.363602463925337,1.7501581332977592,True,0.528680532637681,False,7,5.6321632788499264e-05,930.8623940418654,,0.899997878143928,0.0
MetroPT3,MCD,2020-08-15 08:30:00,SHAP,0.8931521980221558,False,0.0628326444311529,0.9999999999756098,-0.0541095857414004,-0.999992959693626,3.983445851909398,2.6769513580529964,True,0.3877088258166414,False,6,0.0027126663563506,22122.92483057701,,0.8967806950759383,0.0
MetroPT3,MCD,2020-08-19 00:30:00,LIME,2.746232321907083,False,0.91380218098186,0.9999999999756098,-0.3842008179509582,-0.955228333927752,7.707658930600135,5.78329885718478,True,0.2508835684326896,False,7,0.3294955819856148,31879318.434477262,,0.8045634853956105,0.0
MetroPT3,MCD,2020-08-19 00:30:00,MAPLE,1848.2905167506651,False,-1.000088900581841e-12,0.9999999999756098,0.100924933079937,0.9999939235868994,5.217554644620045,2672.0073024370504,True,0.5238227218271836,False,4,0.0692093185052206,1991518.244636125,,0.8976567726640957,0.0
MetroPT3,MCD,2020-08-19 00:30:00,SHAP,0.8429047311071249,False,0.0815548123833867,0.9999999999756098,-0.1082590756502416,-0.9999895084086188,3.40248474955798,2.655846568868986,True,0.4194548251392445,False,8,0.0077582114075698,301639.242839127,,0.895240881618179,0.0
MetroPT3,MCD,2020-08-19 11:00:00,LIME,3.184579329458893,False,0.8033052323015181,0.9999999999756098,-0.0817332850962003,-0.9883793442966322,5.749273303025868,5.507902716585438,True,0.1505301410596138,False,4,0.3741259759065678,30356226.85302924,,0.8126185192516341,0.0
MetroPT3,MCD,2020-08-19 11:00:00,MAPLE,0.4345293826126725,False,-1.000088900581841e-12,0.9999999999756098,0.1224414942317215,0.9999934532351524,1.9358126275765453,1.2073926918146882,True,0.5238227218271836,False,5,1.346755203581286e-06,104.36383182288534,,0.899998146212895,0.0
MetroPT3,MCD,2020-08-19 11:00:00,SHAP,0.8458782242051163,False,0.1200248037242848,0.9999999999756098,-0.1314439435560137,-0.9999803867772676,3.873994608899988,2.653909308922853,True,0.7659609850368815,False,6,0.0191194792363934,717973.5613695119,,0.8907846723355225,0.0
MetroPT3,MCD,2020-08-22 12:30:00,LIME,0.838245495008592,False,0.4574267153651322,0.9999999999756098,0.027406920336712,0.9971381164170856,8.650222051078106,1.2948942807453894,True,0.2320673008002379,False,6,0.4265102302896227,29429101.460744724,,0.8628152716656222,0.0
MetroPT3,MCD,2020-08-22 12:30:00,MAPLE,0.2489390466098477,False,-1.000088900581841e-12,0.9999999999756098,0.0898239727805387,0.9999938984742776,2.4889874271699512,0.9981921337097984,True,0.5238227218271836,False,5,4.729891932639045e-06,259.28615884861284,,0.8999988009189679,0.0
MetroPT3,MCD,2020-08-22 12:30:00,SHAP,0.9225590167389912,False,0.0873151765916111,0.9999999999756098,-0.0974859932248439,-0.9999884657742296,4.0896529291000245,2.6504220648151677,True,0.56535215562246,False,6,0.001983862001347,29253.666973913994,,0.8945960493234357,0.0
MetroPT3,MCD,2020-08-24 06:30:00,LIME,2.817738385773408,False,0.9248259641361138,0.9999999999756098,-0.2626432283596517,-0.9770324844270724,8.592900561284196,5.676231193713032,True,0.2634277468543241,False,7,0.4259597777298169,32723944.741220385,,0.7932625784279125,0.0
MetroPT3,MCD,2020-08-24 06:30:00,MAPLE,1122.9411586328547,False,-1.000088900581841e-12,0.9999999999756098,0.1033484383806009,0.9999938974748066,4.208838093859212,1497.471354347894,True,0.5238227218271836,False,4,0.0306202809132176,1818289.7466837247,,0.8986846475562922,0.0
MetroPT3,MCD,2020-08-24 06:30:00,SHAP,0.7961669342828186,False,0.0835154432553374,0.9999999999756098,-0.1107335969262647,-0.9999893743463878,3.784598400948566,2.604019625196084,True,0.4437710468864471,False,7,0.0019755605677936,33080.13966835832,,0.8949740790621753,0.0
MetroPT3,MCD,2020-08-24 10:00:00,LIME,0.8508240372038273,False,0.597384403948138,0.9999999999756098,-0.0565234086897433,0.9885125844362276,10.87074786943361,1.308082401818051,True,0.3637811742274,False,7,0.4237226822418484,24554859.487174995,,0.8521304623151981,0.0
MetroPT3,MCD,2020-08-24 10:00:00,MAPLE,1.801678265861301,False,-1.000088900581841e-12,0.9999999999756098,0.0847901867136625,0.999993938693192,3.242175383140274,2.745031567698182,True,0.5238227218271836,False,4,5.033325137651302e-05,2859.61718098226,,0.8999966355577315,0.0
MetroPT3,MCD,2020-08-24 10:00:00,SHAP,0.8829256346091247,False,0.0811999878663546,0.9999999999756098,-0.0920671316679726,-0.9999900277783422,4.043796934138398,2.6188919292776376,True,0.4924034903808523,False,7,0.0012860560780283,25425.822555113897,,0.8951248184226882,0.0
MetroPT3,MCD,2020-08-30 08:30:00,LIME,3.022991482138524,False,1.0324285225525558,0.9999999999756098,-0.3233966845796478,-0.9524502896946968,7.457664938797174,5.553670497423443,True,0.8322580645161289,False,5,0.7211440015448021,20349537.872651458,,0.7808903093900746,0.0
MetroPT3,MCD,2020-08-30 08:30:00,MAPLE,17946.575140965648,False,-1.000088900581841e-12,0.9999999999756098,0.0730378450374553,0.9999941884386456,4.469015553041437,25253.370252364675,True,0.5388159060803247,False,2,1.0318385850646452,36110366.19533519,,0.8778755387611131,0.0
MetroPT3,MCD,2020-08-30 08:30:00,SHAP,0.8888666527301585,False,0.069448590105948,0.9999999999756098,-0.0799802411108109,-0.999991924324278,3.856906741198368,2.52673673317738,True,0.5268554937086483,False,7,0.0015143006377571,20713.6736110496,,0.8963321616979615,0.0
MetroPT3,MCD,2020-08-30 19:00:00,LIME,2.7567435014500568,False,1.0699385047021208,0.9999999999756098,-0.4691069304583992,-0.908657261301612,6.801348940297404,5.293043181834024,True,0.5254111746283703,False,4,0.6606709332776874,17989637.892324135,,0.7749965833343796,0.0
MetroPT3,MCD,2020-08-30 19:00:00,MAPLE,15531.131010290312,False,-1.000088900581841e-12,0.9999999999756098,0.0758014728926008,0.9999941664812682,4.401884185087409,24425.022409632755,True,0.528680532637681,False,3,0.7451473637822968,26584587.893050224,,0.8813941623377093,0.0
MetroPT3,MCD,2020-08-30 19:00:00,SHAP,0.9897812235286232,False,0.0602729241108783,0.9999999999756098,-0.0827733786659498,-0.9999926851482236,3.3348519381181063,2.6907839913407763,True,0.4000170425092331,False,6,0.0057873599603283,48739.61530163542,,0.8972770519714482,0.0
MetroPT3,VAE,2020-07-08 17:30:00,LIME,1.246435034905876,False,0.8879298539961346,0.9512195121719216,-0.1602010596258407,0.1813913761015819,16.586746750160327,2.2006154654587613,False,0.3939424016728551,False,4,4.925670937754718,2411272.696197061,,0.7898137977296618,0.0
MetroPT3,VAE,2020-07-08 17:30:00,MAPLE,0.654731841100563,False,1.9147190856483236,0.9512195121719216,-0.4178400429104511,-0.5170398326708283,4.009906418836815,0.9139091504610198,False,0.5393939393939393,False,1,16.573697141264084,4853423.4510822585,,0.4609853296526682,0.9090909090909092
MetroPT3,VAE,2020-07-08 17:30:00,SHAP,1.5139859751191256,False,1.889079532399567,0.9512195121719216,-0.2831981925618718,0.6407319591477305,1.2844763966208008,3.2272005156025307,False,0.085106776115209,False,2,1.433083832682029,252768.9482185497,,0.4669169046212936,0.0
MetroPT3,VAE,2020-07-08 18:30:00,LIME,1.1838271823779878,False,0.9695503061512084,0.9512195121719216,-0.0460993714698325,-0.281588072006992,9.39390864114089,2.0212589783335417,False,0.5690279135274574,False,4,4.022084472979572,1919813.488976703,,0.7901781173872564,0.0
MetroPT3,VAE,2020-07-08 18:30:00,MAPLE,0.6938279649372922,False,1.9273429472535404,0.9512195121719216,-0.6486443334268314,-0.4500500828050927,5.538741742723106,0.8292045138489503,False,0.4787878787878787,False,1,17.486958051937645,5581968.610368746,,0.4559466198949247,0.9411764705882352
MetroPT3,VAE,2020-07-08 18:30:00,SHAP,1.0756983675965834,False,1.695513014433407,0.9512195121719216,-0.5264302366330303,0.5890036258360156,1.0367196374951362,2.143015283700275,False,0.1580554413568168,False,2,0.7285848721094076,230056.2678955773,,0.5674029428705247,0.0
MetroPT3,VAE,2020-07-15 16:00:00,LIME,1.1842403572021318,False,1.1926998165624985,0.9512195121719216,-0.2533370147619861,-0.2308376586034632,10.541567658153609,1.9662407784655735,False,0.3564240777040118,False,4,2.8802673632465274,1902113.3843332464,,0.7434119086559411,0.0
MetroPT3,VAE,2020-07-15 16:00:00,MAPLE,0.2720006863336581,False,1.6299424051566809,0.9512195121719216,0.0141536456635242,-0.7643807519568253,4.135578991573151,0.6787409303617985,False,0.309090909090909,False,1,0.000186201827715,63.24943297450235,,0.6066831576457722,1.0
MetroPT3,VAE,2020-07-15 16:00:00,SHAP,0.5354192101858984,False,1.571196189853979,0.9512195121719216,-0.8740632646653179,0.4741293483189284,1.1071949904546938,0.976742356909308,False,0.2066878848512219,False,2,0.7558867903874857,239388.83097034963,,0.6282444858131899,0.0
MetroPT3,VAE,2020-07-15 17:00:00,LIME,1.1209222802208034,False,1.2567225781950582,0.9512195121719216,-0.2402453741317045,-0.212757637709738,14.836242492935073,1.9187163035740704,False,0.2751343757715178,False,4,1.079538838438561,25885521.63114199,,0.7276450617572149,0.0
MetroPT3,VAE,2020-07-15 17:00:00,MAPLE,0.1355278474101014,False,1.940416864715468,0.9512195121719216,-0.1785363750725752,-0.779703260066748,1.2931865541230565,0.5046685125373325,False,0.3696969696969697,False,0,0.0005648075505399,3818.775981433639,,0.4464522143387673,0.9393939393939394
MetroPT3,VAE,2020-07-15 17:00:00,SHAP,0.5314815205989869,False,1.6278354031268647,0.9512195121719216,-0.8856586067579464,0.6558494473112605,0.874039929686773,0.8550422136155571,False,0.170213552230418,False,2,0.3073741755021065,5716438.781269488,,0.6088256213957313,0.0
MetroPT3,VAE,2020-07-15 17:30:00,LIME,0.2665911551449397,False,1.2559820760788878,0.9512195121719216,-0.868351105357238,-0.0975715840654182,2.7410070486191174,0.544956928728331,False,0.3001465917507467,False,4,,,,0.728172434474073,0.0
MetroPT3,VAE,2020-07-15 17:30:00,MAPLE,0.0994703936346732,False,1.9319058131544624,0.9512195121719216,-0.2632159781985578,-0.7280277650491245,0.9245244124768988,0.3685274636560794,False,0.309090909090909,False,0,,6889.640213003802,,0.4543253467644664,0.9393939393939394
MetroPT3,VAE,2020-07-15 17:30:00,SHAP,0.2965762597100815,False,1.4418821042274328,0.9512195121719216,-0.9822101294235842,0.4409757340194268,1.0608533280365038,0.4791116545176956,False,0.37690143708164,False,2,,,,0.6643696503650177,0.0
MetroPT3,VAE,2020-07-15 18:00:00,LIME,0.2795985919446005,False,1.2605760524060297,0.9512195121719216,-0.9164863168842514,-0.1376219451898503,2.695433080466044,0.5311638256227217,False,0.6253053994807224,False,4,3202.272602240982,502678.2508791973,,0.724863517662902,0.0
MetroPT3,VAE,2020-07-15 18:00:00,MAPLE,0.3338780493827118,False,1.965663423250625,0.9512195121719216,-0.3282603372587898,-0.7488881165436732,2.6854217727586005,0.4485663097617567,False,0.5636363636363636,False,0,0.5707263972825045,103.66547794860624,,0.4430017573429187,0.9310344827586208
MetroPT3,VAE,2020-07-15 18:00:00,SHAP,0.2789093696078975,False,1.2572514291520802,0.9512195121719216,-0.985616635930738,0.3286165554126991,1.1281615485693737,0.4981757553323362,False,0.5592731001856595,False,2,3528.2991187353427,,,0.7158172070534742,0.0
MetroPT3,VAE,2020-07-15 18:30:00,LIME,0.2829661366351634,False,1.2563951806150109,0.9512195121719216,-0.9331599501942364,-0.1126061835666808,2.752763283376836,0.4979063334509911,False,0.6753298314391802,False,4,4280.419947610665,988753.1325841068,,0.7254484141460147,0.0
MetroPT3,VAE,2020-07-15 18:30:00,MAPLE,0.2900901315117546,False,1.9598306717049656,0.9512195121719216,-0.3515389099575191,-0.7445609329149384,2.3620597829821213,0.4436768095529135,False,0.5515151515151515,False,0,0.7663190155935696,142.18895692369392,,0.4455676501402315,0.9310344827586208
MetroPT3,VAE,2020-07-15 18:30:00,SHAP,0.2978736899153738,False,1.2816333146274344,0.9512195121719216,-0.9838841044619578,0.3373369445738772,0.9406284814897948,0.5941189491606145,False,0.6626170426112704,False,2,2518.9303499829384,361155.0677956012,,0.7072602138050191,0.0
MetroPT3,VAE,2020-07-15 19:00:00,LIME,1.1983072362350613,False,1.1500333137947465,0.9512195121719216,-0.2613428550156715,-0.2622926670919388,11.345621488065884,1.9735054436712356,False,0.362677131698819,False,4,4.302366744427425,2004016.271561971,,0.757358188938048,0.0
MetroPT3,VAE,2020-07-15 19:00:00,MAPLE,0.8649836519424299,False,1.7610277826649687,0.9512195121719216,-0.3462482105412028,-0.5838817241117773,4.348724002349687,1.1230395345812263,False,0.2188459957248232,False,2,23.611691767144272,9314273.847803485,,0.5311933466818468,1.0
MetroPT3,VAE,2020-07-15 19:00:00,SHAP,1.3137516326630785,False,1.8699757797261911,0.9512195121719216,-0.4937201007640076,0.6078792420566451,1.1416696264798325,2.6846543773267486,False,0.066869609804807,False,2,0.8972876284582727,319933.8777777072,,0.4853356771305148,0.0
MetroPT3,VAE,2020-07-17 04:00:00,LIME,0.4723536238023282,False,1.2274845778047867,0.0243902439018441,0.3364739384118222,-0.147562537819033,3.3170649648971158,0.8567298278557346,False,0.3814362936832406,False,4,,,,0.7346462315486487,0.0
MetroPT3,VAE,2020-07-17 04:00:00,MAPLE,0.0785532660916853,False,1.9238242454105736,0.0243902439018441,-0.3027662509641543,0.5343326672088863,0.7112540262841227,0.1423741208757656,False,0.8181818181818182,False,1,,,,0.4735504437342202,0.0434782608695652
MetroPT3,VAE,2020-07-17 04:00:00,SHAP,0.2084885820771231,False,1.138470429409514,0.0243902439018441,0.98452397963092,-0.8619508647571978,1.3654820103698633,0.368936530748573,False,0.4741663240704503,False,2,,,,0.7592817773533034,0.0
MetroPT3,VAE,2020-07-17 04:30:00,LIME,0.4536914853637146,False,1.1768768262083698,0.0243902439018441,0.3265407286159658,0.1582862929775943,6.28826247207326,0.8543909037167818,False,0.4252076716468912,False,4,,,,0.7483395927304746,0.0
MetroPT3,VAE,2020-07-17 04:30:00,MAPLE,0.0792849112426067,False,1.9238242454105736,0.0243902439018441,-0.3072871331773908,-0.5355973592860813,0.7608377388317561,0.1425179449748947,False,0.8787878787878788,False,0,,,,0.4735504437342202,0.0434782608695652
MetroPT3,VAE,2020-07-17 04:30:00,SHAP,0.2044034067712791,False,1.1333047092420796,0.0243902439018441,0.9837917926160148,0.8612081639489491,1.4297489322350403,0.3700904294349371,False,0.4376919914496465,False,2,,,,0.7600925836660011,0.0
MetroPT3,VAE,2020-07-17 05:00:00,LIME,0.2686181925198215,False,1.2729109668545733,0.9512195121719216,-0.825065075962933,-0.0190263891651152,2.7405005586548747,0.5538877493159113,False,0.4127015636572768,False,4,,,,0.7223431953138398,0.0
MetroPT3,VAE,2020-07-17 05:00:00,MAPLE,0.0700322717231256,False,1.9289549805103603,0.9512195121719216,-0.1586748375546292,-0.7014921929779728,0.8336365854189067,0.1312410984521708,False,0.6484848484848483,False,0,,,,0.4568133518692711,0.9393939393939394
MetroPT3,VAE,2020-07-17 05:00:00,SHAP,0.3188983080209452,False,1.4194755364748262,0.9512195121719216,-0.9848427804430832,0.5050041958224736,0.9744685730434316,0.5106830147539283,False,0.5835893219328621,False,2,,,,0.6847524823350671,0.0
MetroPT3,VAE,2020-07-17 05:30:00,LIME,0.2876135793313824,False,1.2553324813073234,0.9512195121719216,-0.9158288648289196,-0.0953816815315677,3.045592652198163,0.5110578980704535,False,0.6628237234495657,False,4,4780.576064186793,1620004.7687701485,,0.7275802045395715,0.0
MetroPT3,VAE,2020-07-17 05:30:00,MAPLE,0.295532476059603,False,1.9529838266921933,0.9512195121719216,-0.3119765382645508,-0.7505052797630639,2.5155776486546144,0.3779829548120081,False,0.6121212121212121,False,0,0.5887923243479741,72310.12489636269,,0.448605604301084,0.9310344827586208
MetroPT3,VAE,2020-07-17 05:30:00,SHAP,0.3168859392141681,False,1.2799331789394757,0.9512195121719216,-0.9864822858293302,0.3869751816856528,1.0306594867240353,0.5381200907592792,False,0.4498501023232478,False,2,2196.9295136141004,5432611.653315488,,0.7186973556194877,0.0
MetroPT3,VAE,2020-07-17 07:30:00,LIME,0.2738609066656984,False,1.254025399668434,0.9512195121719216,-0.8975159551151075,0.1002585990160503,3.240426625218715,0.4966896366151663,False,0.5877870755118791,False,4,2410.673416716922,22877679.00579422,,0.7285388848891202,0.0
MetroPT3,VAE,2020-07-17 07:30:00,MAPLE,0.2695225131112228,False,1.9597241067945776,0.9512195121719216,-0.2858982093313329,0.735656147796003,3.021364292639308,0.3833010577097216,False,0.7818181818181817,False,0,0.3389056235584421,1244.0163493354803,,0.4455099401599919,0.935483870967742
MetroPT3,VAE,2020-07-17 07:30:00,SHAP,0.3025355268943009,False,1.2092103610285467,0.9512195121719216,-0.982692273525904,-0.3994906503950265,1.126079393991645,0.5436884830654425,False,0.4863244349440517,False,2,2342.597163921389,1815386.5043269629,,0.7349920100993921,0.0
MetroPT3,VAE,2020-07-24 23:30:00,LIME,1.2160182304871014,False,0.9544531445360194,0.9512195121719216,-0.0308157335290657,-0.112868769991644,18.279381622265387,2.164986097954128,False,0.1063019179117228,False,4,6.100479012017396,4873206.575707952,,0.7890004296702134,0.0
MetroPT3,VAE,2020-07-24 23:30:00,MAPLE,0.8959449690249728,False,1.9022694138499616,0.9512195121719216,-0.3126353079626668,0.5586030325040892,3.832673427200224,1.146642381751205,False,0.2969696969696969,False,1,15.26865992017684,6152550.996423539,,0.4657522337196563,0.9375
MetroPT3,VAE,2020-07-24 23:30:00,SHAP,1.7502240405209455,False,1.9255299305081937,0.9512195121719216,0.2966266371108864,-0.4169827311520989,1.6461141129776182,3.593227425600554,False,-0.2431622174720258,False,2,1.2723070699091144,430829.4732883078,,0.4436414759429846,0.0
MetroPT3,VAE,2020-07-25 00:00:00,LIME,1.359030691325409,False,0.9061232073317396,0.9512195121719216,-0.1637881007961694,-0.0931452540458163,13.58281218436012,2.2710671680672614,False,0.1063019179117228,False,4,5.429281433449869,17354309.675387144,,0.7976049056308359,0.0
MetroPT3,VAE,2020-07-25 00:00:00,MAPLE,0.8930508790243812,False,1.9022694138499616,0.9512195121719216,-0.0538570034811759,0.5369714795614352,4.152011299805217,1.201560967194408,False,0.309090909090909,False,1,15.70071676361961,13227604.450264608,,0.4657522337196563,0.9375
MetroPT3,VAE,2020-07-25 00:00:00,SHAP,1.6500899521455858,False,1.921324816159528,0.9512195121719216,0.4869505680570329,-0.4574240320741856,1.3805768058044978,3.247296850991092,False,-0.2188459957248232,False,2,1.2862370150279268,535546.4514526837,,0.4485852471220456,0.0
MetroPT3,VAE,2020-07-29 00:00:00,LIME,1.0125283247839751,False,0.9087068371678768,0.9512195121719216,-0.1002285021101207,-0.0977335994989966,13.16791933291288,2.123497283915029,False,0.1063019179117228,False,4,5.452478222044897,2541813.0563445594,,0.7946615813876491,0.0
MetroPT3,VAE,2020-07-29 00:00:00,MAPLE,0.8979889948214977,False,1.9018137879645056,0.9512195121719216,-0.4834059467740353,0.5604427887797759,3.829204595725052,1.2122973454902912,False,0.709090909090909,False,1,16.677637326173897,8772900.445098415,,0.4697248045369845,0.9473684210526316
MetroPT3,VAE,2020-07-29 00:00:00,SHAP,1.549253665071034,False,1.934889513589354,0.9512195121719216,0.4425879284733489,-0.4151717005263267,1.19938133175055,3.3736614333550947,False,-0.2188459957248232,False,2,0.9866045621044603,981418.334792401,,0.4355067311884042,0.0
MetroPT3,VAE,2020-07-29 00:30:00,LIME,1.1605395307096784,False,0.8972891649729076,0.9512195121719216,-0.1257985492009029,-0.1652971288210799,10.892649138276798,2.184817734765609,False,0.4439668336313129,False,4,5.146357755855044,1277090.0165431711,,0.7864533488030858,0.0
MetroPT3,VAE,2020-07-29 00:30:00,MAPLE,1.5145663114283698,False,1.7761918348798376,0.9512195121719216,-0.4568651538737365,0.1317034137651195,5.502273348882647,1.8198563450453096,False,-0.1580554413568168,False,2,21.48127211565899,6328174.072833606,,0.5223249131404788,1.0
MetroPT3,VAE,2020-07-29 00:30:00,SHAP,1.856360592737851,False,1.841879317435941,0.9512195121719216,0.4086775840585319,-0.6746534168268119,1.4614417176450327,3.488363559096832,False,-0.1823716631040193,False,2,1.1297369391502476,305113.85969912604,,0.4890033178632721,0.0
MetroPT3,VAE,2020-07-29 01:00:00,LIME,1.2568180470992327,False,0.9568172984845974,0.9512195121719216,-0.1845377635277046,-0.0934926560917179,13.249349568827764,2.1763127768851014,False,0.1063019179117228,False,4,5.547876311554852,3706433.4111424703,,0.784779696838959,0.0
MetroPT3,VAE,2020-07-29 01:00:00,MAPLE,1.338534278887836,False,1.8756738561044264,0.9512195121719216,-0.1935971961240745,0.0667326204480098,5.972823430953147,1.7084995726337522,False,0.2242424242424242,False,1,14.790462100776848,4733972.392398006,,0.4958475335624283,1.0
MetroPT3,VAE,2020-07-29 01:00:00,SHAP,1.6901466436800408,False,1.9327471410566253,0.9512195121719216,0.3701096248033259,-0.4535891234501812,1.4665539793242188,3.413937429196332,False,-0.2310041065984245,False,2,1.3045516377080748,549690.3792873026,,0.4366170119868476,0.0
MetroPT3,VAE,2020-07-31 06:00:00,LIME,0.3294070519729721,False,1.1534885216992168,0.9512195121719216,-0.8224749895008018,-0.4730430728998325,2.3671318613351398,0.5410693720248287,False,0.6190523454859151,False,4,,,,0.7297788851113225,0.0
MetroPT3,VAE,2020-07-31 06:00:00,MAPLE,0.08213184748738,False,1.797610638838157,0.9512195121719216,0.0303891567228765,0.7754874306961844,0.9441850430441228,0.2364083059397695,False,0.7575757575757575,False,1,0.2121432998694964,,,0.5216501303300995,0.9090909090909092
MetroPT3,VAE,2020-07-31 06:00:00,SHAP,0.2749205411934384,False,1.259488692347336,0.9512195121719216,-0.9847445327807552,-0.5671820997866824,1.356709908864829,0.4631463234133559,False,0.4680872686336497,False,2,1556.3601976657897,14814470.861405669,,0.7231218044299899,0.0
MetroPT3,VAE,2020-08-03 02:00:00,LIME,1.2631655676534217,False,0.8674647353796427,0.9512195121719216,-0.2391794596505076,-0.0656408399314774,10.822547379281122,2.1785982957932206,False,0.1313141338909517,False,4,5.636982718551344,5184260.924769662,,0.7907674471731428,0.0
MetroPT3,VAE,2020-08-03 02:00:00,MAPLE,2.4024732701174534,False,1.3086843777698052,0.9512195121719216,-0.2150546976744114,-0.2250816634776501,6.261342038448087,2.8290030952561125,False,-0.1779275045505561,False,3,26.87912138932147,8270883.047957997,,0.712065357668764,1.0
MetroPT3,VAE,2020-08-03 02:00:00,SHAP,1.6369010241093511,False,1.9572133706940893,0.9512195121719216,0.3491572598617573,-0.4198075799378881,1.3374729930524751,3.276105437968996,False,-0.1823716631040193,False,2,1.2129934510959366,346860.48527961,,0.4184345868450169,0.0
MetroPT3,VAE,2020-08-03 05:00:00,LIME,1.1001268839691345,False,0.7626081124379853,0.9512195121719216,-0.1648673583768871,-0.1189041865301096,13.634286493645677,2.202139321051965,False,0.1563263498701806,False,4,5.056896946617977,6265262.583333658,,0.8180935330555008,0.0
MetroPT3,VAE,2020-08-03 05:00:00,MAPLE,2.2815905270008288,False,1.3086843777698052,0.9512195121719216,-0.4088743419443217,-0.2372301675722234,6.662346949829257,2.6836609305362336,False,-0.1165731926365712,False,3,24.88513514880916,33910522.950850554,,0.712065357668764,1.0
MetroPT3,VAE,2020-08-03 05:00:00,SHAP,1.5213072918155937,False,1.9500679914318049,0.9512195121719216,0.1769996084697065,-0.4188055817023234,1.7157126416556685,2.9593456094041453,False,-0.1094229978624116,False,2,1.222307719020618,372037.0815086864,,0.4234205572483068,0.0
MetroPT3,VAE,2020-08-03 05:30:00,LIME,1.1323651970497863,False,0.8232129501919694,0.9512195121719216,-0.1166051784743586,-0.1120496224288039,12.922726799035855,2.213465466057768,False,0.1563263498701806,False,4,5.483740593672493,3134148.2803387973,,0.8061050021365573,0.0
MetroPT3,VAE,2020-08-03 05:30:00,MAPLE,2.409365126809833,False,1.3086843777698052,0.9512195121719216,-0.5799062658906783,-0.2503603662690701,7.587037075699377,2.770962311576772,False,-0.1411149174021652,False,3,24.705970341285543,10475208.693328,,0.712065357668764,1.0
MetroPT3,VAE,2020-08-03 05:30:00,SHAP,1.6185837372268592,False,1.954839636659472,0.9512195121719216,0.4389921789085225,-0.3748113533046485,1.6224550911422628,3.1888662636770304,False,-0.1580554413568168,False,2,1.1515694121976838,439842.6770011607,,0.4192289042136247,0.0
MetroPT3,VAE,2020-08-03 06:00:00,LIME,1.2136195764561604,False,0.7439919658376986,0.9512195121719216,-0.222033584991341,-0.1379516399934701,12.02716148378922,2.2022070023326283,False,0.1563263498701806,False,4,5.034770057575913,3886675.2223032895,,0.8219410179046143,0.0
MetroPT3,VAE,2020-08-03 06:00:00,MAPLE,2.3543258534990064,False,1.3086843777698052,0.9512195121719216,-0.6999982997388223,-0.1934205264821117,6.298275219694281,2.801859941277393,False,-0.1165731926365712,False,3,22.273769791826524,11214028.08732981,,0.712065357668764,1.0
MetroPT3,VAE,2020-08-03 06:00:00,SHAP,1.6714433956076962,False,1.9612211083365831,0.9512195121719216,0.3220493488913263,-0.4187197628055664,1.2557991881812824,3.1094306069244744,False,-0.1580554413568168,False,2,1.321253149779379,283034.8952097325,,0.4140537185449995,0.0
MetroPT3,VAE,2020-08-05 08:30:00,LIME,0.3216790388376222,False,1.1248741819052184,0.9512195121719216,-0.8991516894020487,-0.5462314532167779,2.9464063686641286,0.5155057631579729,False,0.4001954556676623,False,4,0.724014396365111,171302853.739179,,0.7374385795732323,0.0
MetroPT3,VAE,2020-08-05 08:30:00,MAPLE,0.0591946443189099,False,1.92700928558214,0.9512195121719216,-0.1136673020986441,0.6380939504188058,0.6451145283114639,0.0880311028565874,False,0.709090909090909,False,1,0.0009805556853082,137418.07984605536,,0.460666484067714,0.9393939393939394
MetroPT3,VAE,2020-08-05 08:30:00,SHAP,0.3008003212474388,False,1.3533353683817986,0.9512195121719216,-0.9777942328045984,-0.5863563472310955,0.9678082329214648,0.4601835135895483,False,0.4376919914496465,False,2,0.9204243039539344,10273600.889230471,,0.7059643524322716,0.0
MetroPT3,VAE,2020-08-07 04:30:00,LIME,1.3457131464117793,False,0.7349338291050131,0.9512195121719216,-0.1350846578132583,-0.1154165346665959,15.515771751145266,2.0795586850712326,False,0.0625305399480722,False,4,0.3458374259897083,354476462.1235683,,0.8210663389231931,0.0
MetroPT3,VAE,2020-08-07 04:30:00,MAPLE,0.8010147471441441,False,1.904904196887336,0.9512195121719216,0.4943676004757627,0.6352287456123856,4.415738965146203,0.9931398012091124,False,0.7818181818181817,False,1,9.06003160640154,614851277.9376198,,0.4566844504606886,0.9411764705882352
MetroPT3,VAE,2020-08-07 04:30:00,SHAP,0.2118272670338238,False,0.7158504705101139,0.9512195121719216,-0.996976041276448,-0.7364682173190812,1.5299229151211182,0.4097899414630169,False,0.4545454545454545,False,1,0.2987264624072701,180381848.38412297,,0.8089629965232249,0.0
MetroPT3,VAE,2020-08-08 16:00:00,LIME,1.3052530174332595,False,1.1468935577558592,0.9512195121719216,-0.0596424637417859,0.2471144444604084,12.72043456546296,1.96127792155316,False,-0.0312652699740361,False,4,0.5036706030828437,31752653.0589296,,0.7564050446668349,0.0
MetroPT3,VAE,2020-08-08 16:00:00,MAPLE,0.7347692109060656,False,1.9137568475645428,0.9512195121719216,0.5276832520379937,0.8141820968302423,4.134524105032573,0.954613572063022,False,0.7454545454545454,False,1,9.835305871223929,367470070.2460406,,0.4553512284996202,0.9411764705882352
MetroPT3,VAE,2020-08-08 16:00:00,SHAP,0.2007600671036247,False,0.6627662359981473,0.9512195121719216,-0.9981897773386338,-0.7577030723984478,1.769869411476777,0.4425760614264643,False,0.5878787878787878,False,2,0.2526575876850602,9193994.575349044,,0.8139254782409696,0.0
MetroPT3,VAE,2020-08-08 20:00:00,LIME,1.391801583062105,False,0.8572797072017331,0.9512195121719216,-0.1442772688827709,-0.0898126157432696,10.571371109359973,2.101046626557845,False,0.1063019179117228,False,4,0.4267811970361554,4068571923.097509,,0.7908239816386486,0.0
MetroPT3,VAE,2020-08-08 20:00:00,MAPLE,0.9444678082608402,False,1.977889431666856,0.9512195121719216,0.5814445697200673,0.7562737231067337,4.731519763708871,1.1372487890723677,False,0.6969696969696969,False,1,15.908068698014011,1197852798.9767127,,0.4040046331472508,0.9428571428571428
MetroPT3,VAE,2020-08-08 20:00:00,SHAP,0.190851852719943,False,0.6343558708423657,0.9512195121719216,-0.998564028530458,-0.7503065001374062,1.479864834478338,0.4269493073095053,False,0.5757575757575757,False,1,0.4291259699129228,23185038.073813107,,0.8221517169911328,0.0
MetroPT3,VAE,2020-08-09 00:00:00,LIME,1.3015711762651196,False,0.7754778442460138,0.9512195121719216,-0.1439488994185269,-0.0971009161904635,11.193252876933204,2.0688019740518864,False,0.11255497190653,False,4,0.4500830851294956,254870232.70185784,,0.8152944952279725,0.0
MetroPT3,VAE,2020-08-09 00:00:00,MAPLE,1.5935208824947922,False,1.8920998815032168,0.9512195121719216,0.675178686035685,0.5001925301312012,5.570588038442475,1.8445511384750937,False,0.3212121212121211,False,1,9.701803732006422,826295627.1124618,,0.4762139522218222,1.0
MetroPT3,VAE,2020-08-09 00:00:00,SHAP,0.196105819023905,False,0.6863330109312028,0.9512195121719216,-0.9985758484634124,-0.7413113772182074,1.463857159813996,0.441579912225608,False,0.5878787878787878,False,1,0.2611321198146957,58272211.31037377,,0.8128937628292348,0.0
MetroPT3,VAE,2020-08-10 11:30:00,LIME,1.0738564109644324,False,1.0732068078740764,0.9512195121719216,-0.2208795659834455,0.0910576668872105,13.776844072867943,1.910180995360788,False,0.1188080259013372,False,4,,,,0.7739492278655218,0.0
MetroPT3,VAE,2020-08-10 11:30:00,MAPLE,0.4990208358649801,False,1.7948720466960066,0.9512195121719216,0.3063182137715458,0.8377715926551963,3.7218172492539687,0.7198512020005328,False,0.3454545454545454,False,1,,,,0.5373706755582754,0.0
MetroPT3,VAE,2020-08-10 11:30:00,SHAP,0.291964642256815,False,1.3118027146539912,0.9512195121719216,-0.9888789529924742,-0.5492208349452081,1.3943519571538108,0.6444232636417355,False,0.406060606060606,False,1,,,,0.7104581644315466,0.0
MetroPT3,VAE,2020-08-12 23:00:00,LIME,1.3339824051222564,False,0.7215472759291607,0.9512195121719216,-0.1287005093865569,-0.0982961395010755,10.62724635706291,2.0877404636182777,False,0.0625305399480722,False,4,0.4271013210978996,33725727.34180672,,0.8245406223563956,0.0
MetroPT3,VAE,2020-08-12 23:00:00,MAPLE,0.9005336434766753,False,1.9462704699842344,0.9512195121719216,0.5747132798953473,0.7543020195483087,4.285592440299636,1.1357365477615753,False,0.7696969696969697,False,1,8.371717715905454,551565430.1459281,,0.433525446798223,0.9428571428571428
MetroPT3,VAE,2020-08-12 23:00:00,SHAP,0.2000412696885642,False,0.6621913129986636,0.9512195121719216,-0.9976895064972884,-0.7383198847630935,1.4138683940218948,0.3944403255869361,False,0.309090909090909,False,1,0.4277315299284425,118657658.89255022,,0.8165337384073547,0.0
MetroPT3,VAE,2020-08-12 23:30:00,LIME,1.3388627599417924,False,0.9607460457655446,0.9512195121719216,-0.1664555363711624,-0.054073732087645,11.359424664196531,2.0420805458272824,False,0.0687835939428794,False,4,0.2522385959073279,36451130.823949605,,0.7703004214274557,0.0
MetroPT3,VAE,2020-08-12 23:30:00,MAPLE,1.765407106248105,False,1.5409318866084734,0.9512195121719216,0.8743063239883473,0.5828885845770896,6.577419221817305,2.05356210921561,False,0.309090909090909,False,1,10.391173430875426,330736078.133743,,0.641046796447072,1.0
MetroPT3,VAE,2020-08-12 23:30:00,SHAP,0.2008107433441619,False,0.7440612754306081,0.9512195121719216,-0.998808760424134,-0.7686595889170533,1.6959430142201957,0.4428440715757886,False,0.406060606060606,False,1,0.499924636711606,61325112.32596191,,0.7949599404681459,0.0
MetroPT3,VAE,2020-08-14 23:00:00,LIME,1.2513028868466534,False,0.8019854154812361,0.9512195121719216,-0.1434791321952885,-0.0735567786563913,14.08392245996506,2.1062125349938485,False,0.0687835939428794,False,4,0.2982567760638523,41747999.36859207,,0.8097372518488729,0.0
MetroPT3,VAE,2020-08-14 23:00:00,MAPLE,1.6694455133460488,False,1.7858357442979806,0.9512195121719216,0.8212889106268528,0.679916221906682,7.621849146921329,1.967737145138256,False,0.5030303030303029,False,1,8.772130548326452,1053518666.7039404,,0.5322313216066462,1.0
MetroPT3,VAE,2020-08-14 23:00:00,SHAP,0.1954101743269239,False,0.6859103184130524,0.9512195121719216,-0.9987217295902372,-0.7631725354123888,1.4051109993768225,0.4534628497297707,False,0.5878787878787878,False,1,0.3323393469781789,16787927.39215323,,0.809223532285396,0.0
MetroPT3,VAE,2020-08-15 00:00:00,LIME,1.3976065207541266,False,0.7163059438717981,0.9512195121719216,-0.1312811664891896,-0.0646785223388266,11.226510702231186,2.091212086294374,False,0.0687835939428794,False,4,0.4159288527583969,45979705.88282292,,0.8267446311944766,0.0
MetroPT3,VAE,2020-08-15 00:00:00,MAPLE,1.685418660164417,False,1.7858357442979806,0.9512195121719216,0.8185796816348988,0.6768630812689416,7.866772226906546,1.9482740004191916,False,0.5030303030303029,False,1,11.285409904537252,472805704.7457788,,0.5322313216066462,1.0
MetroPT3,VAE,2020-08-15 00:00:00,SHAP,0.2054905423376619,False,0.6758156655362266,0.9512195121719216,-0.9986086724571532,-0.7714327102486769,1.5600672446389003,0.4203473246079405,False,0.5515151515151515,False,1,0.247555998435416,17720235.003423695,,0.813048183482121,0.0
MetroPT3,VAE,2020-08-15 05:30:00,LIME,1.1407959008063475,False,0.9260466110066584,0.9512195121719216,-0.2420772529919684,-0.0853810055262875,11.297067167341902,2.1813827498213803,False,0.3314118617247829,False,4,4.847305098067619,3262403.916810888,,0.7742828423766803,0.0
MetroPT3,VAE,2020-08-15 05:30:00,MAPLE,3.222172241137284,False,1.8400289856883736,0.9512195121719216,-0.5785247856651536,-0.2047239327808515,6.989868532192786,3.8469212627545386,False,-0.3525852153344375,False,2,24.20589189025989,13734081.05229428,,0.4998315771779875,1.0
MetroPT3,VAE,2020-08-15 05:30:00,SHAP,1.5477948689418142,False,1.9571248395651148,0.9512195121719216,0.3432876821577179,-0.5331764948106386,1.0770973162665107,3.2060916043540404,False,-0.1215811087360129,False,2,1.196499933924408,409354.27359103726,,0.4147791891249495,0.0
MetroPT3,VAE,2020-08-15 08:30:00,LIME,1.2664311300439386,False,0.9219718057971568,0.9512195121719216,-0.3295730326804504,-0.2553300114894198,12.259310561909484,2.1028832842205487,False,0.4001954556676623,False,4,3.981062677526882,1175974.7020503697,,0.7863291604627084,0.0
MetroPT3,VAE,2020-08-15 08:30:00,MAPLE,0.7003407170880206,False,1.5962607598047334,0.9512195121719216,-0.0537898732732568,0.5891209584293248,4.586659189857509,1.0603341418608518,False,0.2006088294144213,False,2,0.0014737637488305,550.8560865139199,,0.6137812184321287,1.0
MetroPT3,VAE,2020-08-15 08:30:00,SHAP,0.7193676609983813,False,1.521919043816023,0.9512195121719216,-0.8759570438439654,-0.4694940350845384,1.1779156421293444,1.5078677338751356,False,-0.0243162217472025,False,2,0.7915829402817423,204952.26923982523,,0.6460869664669765,0.0
MetroPT3,VAE,2020-08-19 00:30:00,LIME,1.3463938870345036,False,0.8073847179983078,0.9512195121719216,-0.1465712852754065,-0.0601676812351927,15.912088560704571,2.08542365597374,False,-0.0312652699740361,False,4,0.4081773884706595,65537910.5687772,,0.8080815260219792,0.0
MetroPT3,VAE,2020-08-19 00:30:00,MAPLE,1.90981224704464,False,1.7421652732534552,0.9512195121719216,0.859407264827675,0.4581920135999435,8.751777491463304,2.182680835561767,False,0.5878787878787878,False,1,9.2110876237079,751732229.0579133,,0.5561913259704793,0.935483870967742
MetroPT3,VAE,2020-08-19 00:30:00,SHAP,0.1957573943602395,False,0.7483614359338315,0.9512195121719216,-0.998961162133646,-0.7656582939671833,1.5982638773180546,0.4526739950829799,False,0.4909090909090908,False,1,0.314541090051922,146254928.11612877,,0.7942696918492376,0.0
MetroPT3,VAE,2020-08-19 11:00:00,LIME,1.404692132390173,False,0.9206393131665304,0.9512195121719216,-0.190899822988019,-0.1612444291972724,13.912385667697729,2.092941788688496,False,-0.0375183239688433,False,4,0.6419914282436937,,,0.7868759274409233,0.0
MetroPT3,VAE,2020-08-19 11:00:00,MAPLE,0.3303743032523183,False,1.8992200425466104,0.9512195121719216,0.5037209566591672,0.8108749745659488,1.8632313892408812,0.542413630219336,False,0.5636363636363636,False,0,,,,0.4846401869054114,0.9444444444444444
MetroPT3,VAE,2020-08-19 11:00:00,SHAP,0.2205744746265968,False,1.2407375055100638,0.9512195121719216,-0.9968722035794336,-0.7587792237140779,1.2104213433755555,0.3917574219532613,False,0.4545454545454545,False,1,,17425099.31767566,,0.7184212546949141,0.0
MetroPT3,VAE,2020-08-22 12:30:00,LIME,1.1563324270224045,False,0.9497396515748702,0.9512195121719216,-0.0774242445474354,0.2488207488314388,12.695121925539803,1.9542324945612377,False,0.1438202418805661,False,4,0.3146570217678348,47190254.69474572,,0.7967448392927423,0.0
MetroPT3,VAE,2020-08-22 12:30:00,MAPLE,0.7352467876512436,False,1.885545916346034,0.9512195121719216,0.487747253134872,0.6891220769291305,4.3160844630284005,0.9530505158292478,False,0.7575757575757575,False,1,13.440354468312616,2564293437.702268,,0.4774147135084857,0.9411764705882352
MetroPT3,VAE,2020-08-22 12:30:00,SHAP,0.2057012259996199,False,0.7625928500493269,0.9512195121719216,-0.9973484924057062,-0.7330050363023201,1.243156952931762,0.4512993636598973,False,0.4545454545454545,False,1,0.1800827144330216,24042205.005438656,,0.7973347773850874,0.0
MetroPT3,VAE,2020-08-24 06:30:00,LIME,1.3339086682481622,False,0.8522997088530264,0.9512195121719216,-0.1529670790746209,-0.0547898457865892,10.222113311048137,2.0694508274512358,False,0.0687835939428794,False,4,0.3102819187517709,367517974.4905029,,0.7960400340392599,0.0
MetroPT3,VAE,2020-08-24 06:30:00,MAPLE,1.9975697220067332,False,1.688798413981237,0.9512195121719216,0.8402818889181836,0.5049571543774309,7.698079144307339,2.3295762999464564,False,0.406060606060606,False,1,11.456560293027312,1242543935.0307589,,0.5802706101729341,1.0
MetroPT3,VAE,2020-08-24 06:30:00,SHAP,0.1931761517666691,False,0.7382359279630821,0.9512195121719216,-0.9988187050636358,-0.7669355121483992,1.6570217538008158,0.4458773914440833,False,0.4666666666666666,False,1,0.3628114260038965,99652716.2547741,,0.7971763214408619,0.0
MetroPT3,VAE,2020-08-24 10:00:00,LIME,1.1473350601423324,False,0.9947830439250256,0.9512195121719216,-0.0865658574330647,0.2560866572394622,13.386394302184897,1.9370041120312225,False,0.0125061079896144,False,4,0.4437495865933341,59055553.48503551,,0.7876474890303208,0.0
MetroPT3,VAE,2020-08-24 10:00:00,MAPLE,1.5553464738264164,False,1.5846463607302752,0.9512195121719216,0.7214265488910978,0.4472979242365794,5.59321077208631,1.7122791914686235,False,0.0787878787878787,False,1,9.810747596427312,743656001187.0403,,0.6288922874384865,1.0
MetroPT3,VAE,2020-08-24 10:00:00,SHAP,0.2073489685593078,False,0.7099747470768171,0.9512195121719216,-0.9987784829459708,-0.7751999767408028,1.5147493262443423,0.3747281097960687,False,0.5272727272727272,False,1,0.4144129210994409,69785597.51067117,,0.8008929714158544,0.0
MetroPT3,VAE,2020-08-30 08:30:00,LIME,1.2253377945594073,False,0.9610574921886982,0.9512195121719216,-0.1592073287861506,-0.0955046681462178,11.774510603477935,2.1967943710231954,False,0.1313141338909517,False,4,5.408371276909217,44029262.36173477,,0.784180516561669,0.0
MetroPT3,VAE,2020-08-30 08:30:00,MAPLE,0.576759735283822,False,1.9467171253676656,0.9512195121719216,-0.1689615861622871,0.5528654575784167,2.677372107501024,0.9032979174899636,False,0.8424242424242423,False,0,0.0001712432214795,62.17933259052327,,0.4515755918080495,0.935483870967742
MetroPT3,VAE,2020-08-30 08:30:00,SHAP,1.7252888666610886,False,1.9266302147996317,0.9512195121719216,0.4511662231310384,-0.5073264254205264,1.4219643120004328,3.3503836885957106,False,-0.2188459957248232,False,2,1.3966199130222847,380169.8245963203,,0.4412232920392553,0.0
MetroPT3,VAE,2020-08-30 19:00:00,LIME,1.1242563796054097,False,0.8532430736871647,0.9512195121719216,-0.0667224950027292,-0.1818841128398429,12.73289901690247,2.1852736504516823,False,0.4939912655897706,False,4,5.740700038164952,1461033.9780132875,,0.7946983589298429,0.0
MetroPT3,VAE,2020-08-30 19:00:00,MAPLE,1.5393184525528745,False,1.7192359384098768,0.9512195121719216,-0.5538930713372947,0.0328529821804077,6.081320239950088,1.8982618806391427,False,-0.4741663240704503,False,2,22.17619909789112,5878715.823971323,,0.5556618136987411,1.0
MetroPT3,VAE,2020-08-30 19:00:00,SHAP,1.6745143010902903,False,1.813077020927376,0.9512195121719216,0.1225814000408663,-0.7153528545005288,1.5353333479753752,3.3870245364537803,False,0.170213552230418,False,2,1.19957816926659,261469.2289936155,,0.5040127845763064,0.0
