,PS1,PS3,PS4,PS5,EPS1,VS1
1277,158.69032666666712,1.758138166666666,0.0,9.183496833333361,2478.5849000000253,0.6135
2009,160.602398333334,1.9363214999999843,10.062851666666646,9.836687499999968,2548.5990000000343,0.5461000000000001
1755,160.64909833333363,1.9470514999999882,10.106028500000034,9.875243666666666,2550.278133333364,0.5490166666666667
1817,160.45117166666623,1.9032708333333095,10.068283333333346,9.839856166666689,2560.169100000041,0.5422166666666667
1226,158.4522366666682,1.736588666666665,0.0,9.18147316666668,2493.004033333362,0.6183666666666667
872,158.3093416666663,1.7770525000000064,0.0,9.011308999999978,2452.9324333333075,0.6023999999999999
1866,160.63437000000067,1.9483614999999934,10.072632000000029,9.844075000000002,2552.7242000000624,0.5437
1714,160.43262999999976,1.9159839999999806,10.16164383333329,9.927629500000045,2574.7972000000004,0.5392833333333333
771,158.012353333334,1.7858095000000076,0.0,8.948139999999956,2441.2920999999305,0.6016999999999999
1081,158.28513500000028,1.7224031666666582,0.0,9.111797166666653,2486.9753000000433,0.6147833333333335
244,156.14315166666626,1.6435209999999802,0.0,8.527812166666621,2416.611900000032,0.6632999999999998
1455,158.9608949999999,1.7947998333333448,0.0,9.122075166666718,2465.490000000028,0.5967833333333333
1846,160.19818999999953,1.9258341666666532,10.06539566666669,9.83159099999998,2559.152100000041,0.5513
687,172.7922850000007,1.1219653333333168,0.0015380000000000003,8.400987166666642,2604.39870000004,0.7208500000000003
640,172.6702783333349,1.1060496666666575,0.0,8.401888166666648,2620.506400000031,0.7318666666666667
1761,161.2628550000002,2.0139310000000026,10.083046333333337,9.850704666666589,2537.693033333403,0.5480999999999999
106,157.11328999999898,1.7327083333333284,0.0,8.60633166666663,2403.6278000000184,0.65485
551,172.694465,1.0910276666666552,0.05964283333333334,8.372860499999948,2599.480500000009,0.7295333333333331
2049,161.02356833333414,2.0015005000000032,10.076674500000005,9.847027333333221,2537.8399666667005,0.5471166666666665
1978,160.18524333333363,1.9179948333333106,10.055611000000003,9.825333166666619,2556.7475333333723,0.5387500000000002
1594,161.04676499999988,2.0061540000000018,0.359045166666665,9.942040499999944,2540.3830666667054,0.5623666666666665
1017,158.22782666666706,1.7436004999999952,0.0,9.058905333333296,2464.8380666666812,0.6208333333333331
1678,160.68450500000034,1.9091906666666507,10.170996666666715,9.942503666666608,2577.9458666667256,0.5466000000000001
1756,161.0340266666667,2.0015849999999986,10.107910500000017,9.873735500000016,2540.3602333333683,0.5513333333333335
95,157.16025666666675,1.7196221666666607,0.0,8.628924666666718,2413.379666666686,0.634316666666667
1314,159.04503499999973,1.7971323333333369,0.0,9.154113000000038,2464.487166666677,0.60205
1745,160.70479833333437,1.9535603333333194,10.113237666666699,9.87976233333338,2551.4266333333644,0.5468333333333334
1404,158.7112533333332,1.763325333333338,0.0,9.165663833333396,2468.631333333317,0.6094166666666667
1397,158.7914199999997,1.760823333333334,0.0,9.165586500000034,2469.2070000000385,0.6135499999999999
564,156.32621666666665,1.678685833333319,0.0,8.387849166666657,2367.3650000000057,0.7137333333333333
1259,158.84835166666718,1.753686000000013,0.0,9.17864633333337,2478.632100000037,0.6165833333333334
18,158.65068833333348,1.7934546666666664,0.0,8.836582499999968,2452.2997666667193,0.6039000000000001
1360,158.5112050000009,1.7381071666666652,0.0,9.170090666666749,2480.547900000017,0.6212833333333335
1368,158.46245000000192,1.751495333333341,0.0,9.18172883333338,2481.8664333333536,0.6190499999999999
660,155.80594500000078,1.636167833333321,0.0006951666666666665,8.399577833333321,2377.221266666708,0.6443000000000002
340,156.8266283333345,1.7626978333333378,0.05252916666666664,8.517733333333357,2397.2687000000524,0.6527833333333335
731,156.3664966666664,1.7355023333333317,0.0,8.485111666666668,2379.244233333379,0.61805
133,157.0235233333333,1.7427850000000007,0.0,8.579552499999915,2400.6577666666976,0.64555
1429,159.1983350000003,1.7916188333333427,0.0,9.130885833333323,2458.7700000000495,0.6119000000000001
1795,161.00595666666695,1.9989129999999977,10.063854166666712,9.834601499999973,2535.1669333333984,0.54635
1159,159.0946650000003,1.8116598333333453,0.0,9.138339000000016,2460.068000000029,0.6139833333333332
469,173.45069833333295,1.1608008333333235,0.0,8.470310000000046,2617.6969666667114,0.7282000000000001
1545,161.0220349999988,2.0031165000000035,2.2196626666666637,9.962347499999948,2544.184800000051,0.5637
1494,160.9376916666664,1.9916561666666674,1.4242008333333378,9.949227833333268,2541.5852333333396,0.5623333333333335
47,157.56419666666633,1.7243855000000012,0.0,8.709383166666656,2417.8548333333783,0.6304666666666668
120,157.03155499999983,1.7302994999999952,0.0,8.589607833333332,2401.902933333338,0.6547833333333332
876,158.31368333333327,1.7773165000000029,0.0,9.008379166666701,2452.5222999999655,0.6059
759,157.85581499999978,1.766200333333334,0.0,8.915635666666718,2439.9898333333035,0.5947833333333333
239,156.1431933333328,1.6344984999999823,0.0,8.530307999999968,2414.678933333381,0.6581333333333333
1786,161.0555666666664,2.0049773333333407,10.062525000000022,9.83598816666666,2538.3759333333423,0.5500666666666666
1353,158.51065500000115,1.7369468333333349,0.0,9.173818666666717,2484.959333333331,0.5994833333333335
1865,160.64032000000088,1.941866499999993,10.066325833333366,9.838484500000018,2552.7529333333805,0.5544333333333334
345,173.3080516666656,1.1306303333333214,0.4323923333333328,8.52652616666668,2652.812200000064,0.7262333333333333
1542,161.03424666666547,2.0012241666666695,2.007930000000007,9.962391166666613,2543.598800000024,0.5623833333333335
1028,158.87314166666675,1.7885983333333408,0.0,9.064009999999975,2460.367700000052,0.6196666666666667
179,157.03754666666535,1.7358198333333288,0.0,8.55067566666666,2397.0057666667003,0.6668166666666665
842,158.26740333333436,1.7940523333333418,0.0,8.992744833333292,2443.510100000023,0.5953333333333336
915,158.36483500000034,1.7790700000000064,0.0,9.001003333333339,2443.4424333333272,0.6152666666666671
279,156.44836000000026,1.700347166666661,0.0,8.51733700000005,2405.4831333333855,0.6556166666666664
1147,158.46767166666757,1.7703558333333376,0.0,9.147598333333345,2475.5641333333756,0.6129166666666667
839,158.27166833333348,1.8095588333333414,0.0,8.99743583333332,2448.370599999995,0.5980499999999999
1568,161.02704999999852,2.011618999999996,1.2941568333333273,9.950654999999921,2545.20250000008,0.5665666666666666
2145,160.692858333334,1.9441518333333203,10.147689000000051,9.917103166666687,2550.0383666666758,0.5449499999999998
157,156.96773166666614,1.7286756666666594,0.0,8.567543999999975,2399.6674000000103,0.6549666666666668
702,156.2774700000002,1.717812499999986,0.0,8.428484333333332,2369.0580000000377,0.6753166666666669
584,156.1464183333334,1.6941593333333176,0.0,8.414046666666655,2369.1638666666595,0.7105666666666668
1573,161.02884166666604,1.9974571666666718,0.9215128333333357,9.935745833333307,2541.637166666697,0.5596833333333332
1034,158.86871999999983,1.788090833333345,0.0,9.055555000000014,2459.0724333333465,0.6160333333333334
360,173.0491833333339,1.1291573333333282,0.0,8.4934816666667,2641.650033333375,0.7606500000000002
2075,160.59960666666692,1.9031546666666515,10.108020666666734,9.882101166666654,2567.611533333368,0.5405500000000001
643,155.39154666666732,1.649307499999992,5.333333333333333e-05,8.405775333333276,2386.3105333333483,0.6464333333333333
1022,158.23749666666714,1.7660466666666725,0.0,9.06692416666669,2469.752900000046,0.6259166666666668
1706,160.42525666666646,1.9320466666666576,10.17243516666668,9.939482166666647,2580.623566666742,0.5345166666666668
562,156.2838700000003,1.6840721666666578,0.0,8.378941833333325,2368.7434000000258,0.722
1486,160.84259833333334,1.9956091666666613,0.38876816666666536,9.93546616666659,2544.2557333333534,0.5586833333333338
171,157.17695000000052,1.7454363333333383,0.0011955,8.55884666666665,2401.513933333314,0.6619666666666665
474,156.30350666666575,1.7371178333333321,0.0,8.474416499999965,2387.5508333333555,0.6265166666666667
696,156.39742500000006,1.7164950000000008,0.0,8.419352999999994,2370.2948000000542,0.6416666666666668
1993,160.65138500000086,1.9346584999999867,10.053886500000038,9.828591833333293,2547.765500000037,0.5452000000000001
762,157.90750999999997,1.7648911666666711,0.0,8.924292333333403,2437.024833333372,0.5890333333333334
434,156.4777016666666,1.7392815000000004,0.0,8.449529999999989,2387.0941666666813,0.674616666666667
82,157.25583833333397,1.7146386666666564,0.0,8.643304500000033,2406.55210000004,0.6467666666666665
2136,160.7217366666665,1.9288733333333214,10.13992216666676,9.91088033333337,2548.9891666666886,0.5456500000000003
1726,160.7992633333342,1.943957333333324,10.151640000000029,9.918285666666687,2568.7736000000496,0.5317333333333335
1085,158.27938333333393,1.7222541666666629,0.0,9.113639000000004,2485.6119000000344,0.61325
1196,158.91461333333334,1.803247333333346,0.0,9.144606000000016,2465.24150000006,0.6020833333333335
950,158.12823499999948,1.7041128333333195,0.0,9.028874166666668,2472.1768333333653,0.6217166666666665
320,156.8524916666673,1.7528396666666743,0.0,8.48079466666667,2394.488600000074,0.6707833333333333
1339,158.989133333334,1.8043080000000065,0.1186323333333333,9.153543333333381,2461.9869666666877,0.6068166666666666
2062,160.98793500000076,2.004354499999996,10.082692000000023,9.855895499999884,2538.4023666667326,0.5466333333333332
1267,158.73138833333402,1.7578699999999983,0.0,9.18479016666671,2477.309033333376,0.6173999999999998
976,157.86318999999972,1.7259294999999883,0.0,9.02340749999997,2465.6341666666767,0.6191
1141,158.51565333333485,1.7574724999999964,0.0,9.14328600000004,2472.9420000000123,0.6177500000000002
99,157.1330533333333,1.7266891666666606,0.0,8.617567499999941,2406.913466666717,0.6688333333333332
100,157.14387999999903,1.7339884999999928,0.0,8.616092333333336,2405.8691333333772,0.6671666666666666
1178,158.93469166666722,1.8031818333333434,0.0,9.145307500000053,2466.48930000002,0.6034833333333335
73,157.33445833333394,1.7246159999999937,0.0,8.670238166666705,2409.4196666666826,0.640033333333333
373,172.73194333333464,1.1339134999999834,0.0,8.451398333333342,2634.929600000017,0.7588833333333332
214,167.47357499999998,1.311190666666649,0.0,8.53919916666665,2570.4765000000575,0.7347000000000005
467,156.56745999999933,1.751441999999997,0.0,8.473241833333338,2395.4236666667125,0.6491000000000003
1145,158.51115833333463,1.7690798333333395,0.0,9.144834166666698,2477.0522000000287,0.6225833333333334
763,157.90997000000053,1.779225500000005,0.0,8.9249748333334,2436.215500000005,0.5953333333333332
1944,160.47765166666625,1.9129796666666525,10.088516166666706,9.8569448333332,2568.6688000000227,0.5397333333333335
1437,159.11694999999972,1.795275500000005,0.3004385,9.138008166666685,2466.6719000000157,0.7029333333333334
1342,158.59349166666723,1.7185619999999957,0.003325,9.164217333333411,2490.8020000000474,0.6139499999999999
911,158.34351666666728,1.7825266666666757,0.0,8.991435666666614,2439.483066666685,0.6063500000000001
350,156.37633166666615,1.6611151666666495,3.257347666666663,8.509456000000046,2419.166866666676,0.6852500000000001
1898,161.19865833333395,1.9899391666666704,10.089268833333307,9.858371333333267,2542.443733333357,0.5415333333333335
2090,160.49989333333366,1.9034824999999758,10.125119500000087,9.898172999999952,2565.123100000072,0.5505833333333333
1405,158.69987999999935,1.7627053333333391,0.0,9.169405666666716,2470.2072333333563,0.6170833333333335
339,156.85210833333437,1.760433499999997,0.05631066666666668,8.518647500000021,2396.4297000000442,0.6487999999999998
1781,161.06112333333317,1.9981359999999926,10.063935500000026,9.837604166666607,2538.4404333334132,0.5496166666666666
1235,158.41278666666727,1.7488071666666738,0.0,9.185697499999995,2494.547633333353,0.6114833333333334
1189,158.92048000000014,1.8022773333333397,0.0,9.1323411666667,2467.477600000049,0.6010666666666667
619,172.92105333333402,1.086069999999989,0.05698716666666664,8.419279833333327,2626.5670666667106,0.73955
1113,158.12481500000032,1.7240073333333197,0.0,9.120050333333378,2481.522766666677,0.6139333333333332
1120,158.5996916666668,1.7444603333333313,0.0,9.111863833333286,2468.3533000000393,0.6222
685,172.8611500000007,1.1172283333333164,0.0,8.404907499999966,2604.902133333381,0.7187666666666666
624,172.80051000000057,1.0848558333333287,0.002341166666666667,8.39979183333329,2621.021766666677,0.7402499999999999
1181,158.95542499999993,1.7934678333333387,0.0,9.141526166666694,2467.4308000000046,0.5998666666666668
1920,160.93326666666692,2.001423000000001,8.362135333333358,9.838637666666727,2543.2465666666926,0.5405833333333335
1375,158.40176166666862,1.7297326666666644,0.0,9.18042616666672,2482.1540000000473,0.6081833333333332
1051,158.6820016666667,1.8030110000000124,0.0,9.055544166666659,2451.218466666723,0.6155833333333333
1949,160.47614499999946,1.9122186666666534,10.082839000000035,9.850910499999932,2562.6215666667185,0.5418499999999999
2082,160.6020033333332,1.9060218333333165,10.12444283333337,9.897357833333276,2567.9862333333463,0.5540500000000002
1438,159.1274966666659,1.7935829999999993,0.0,9.143043666666744,2467.0323666666973,0.6061666666666669
134,156.99109333333323,1.7341728333333286,0.0,8.58139899999999,2401.510400000059,0.6470999999999999
1029,158.86298500000018,1.7846085000000118,0.0,9.065245499999966,2460.4541000000095,0.6169166666666667
817,158.2173033333336,1.7953715000000074,0.0,8.985740666666587,2444.9671333333445,0.5969666666666666
1793,161.0008649999996,1.9998663333333366,10.052702499999993,9.823368000000006,2530.3535333333566,0.5554333333333333
1287,158.6409466666661,1.7554730000000087,0.0,9.180016666666729,2474.5884666666807,0.6085499999999999
508,172.54804500000145,1.0658478333333303,0.0014680000000000003,8.398019666666647,2628.82526666671,0.7209166666666669
2067,161.01275333333345,1.9870616666666692,10.089950000000046,9.862759333333262,2539.4570333333845,0.54695
3,160.1880883333334,1.9465754999999827,0.0,9.438826666666722,2511.541633333386,0.5692666666666667
843,158.27765666666667,1.78956000000001,0.0,8.99366699999997,2444.9469999999615,0.5994833333333334
533,172.8998166666671,1.0695174999999912,0.0,8.405387166666666,2621.4509333333476,0.7004166666666666
596,173.19979166666576,1.1468336666666528,0.0,8.412055499999974,2596.834366666725,0.7456833333333335
1837,160.23312999999987,1.9271888333333136,10.061086166666668,9.829859999999984,2557.5642333333826,0.5469333333333334
1317,159.02567166666617,1.7967841666666806,0.0,9.145739500000037,2465.6844666666816,0.6021499999999999
1806,160.89438833333318,1.9991041666666685,10.071829000000026,9.839482499999916,2536.75773333339,0.5442166666666668
942,157.88228833333272,1.7166394999999883,0.0,9.00625033333335,2473.6570000000734,0.6092833333333335
1908,161.11985833333412,1.9977936666666707,1.5152396666666603,9.848388166666604,2541.344900000031,0.5319166666666667
1682,160.6984700000004,1.9120813333333178,9.883800999999956,9.943636499999924,2579.291333333346,0.5502
890,158.32425499999977,1.7759926666666759,0.0,8.988291999999978,2445.4568000000218,0.6005666666666668
820,158.25453000000044,1.7993141666666705,0.0,8.98352516666664,2449.37140000004,0.5984833333333336
1347,158.60992333333502,1.7314550000000093,0.0,9.187149166666698,2489.0051333333513,0.6071333333333333
178,157.05470666666605,1.7384806666666666,0.0,8.554270166666683,2402.0494666667114,0.6678333333333334
573,173.31335333333215,1.1060179999999842,0.07238349999999998,8.40603849999998,2597.9210666666904,0.7361166666666666
1566,161.00207499999905,2.002095500000004,1.2186595000000005,9.9492114999999,2544.471466666707,0.5632833333333334
5,159.9202100000004,1.91328449999999,0.0,9.301159666666644,2501.007066666737,0.5726833333333334
1576,161.02662499999875,2.0032498333333337,4.650877166666655,9.929626333333342,2541.0871000000475,0.5583666666666667
799,158.16896500000027,1.7849708333333425,0.0,8.967701500000008,2444.2229000000207,0.6061666666666667
1992,160.64658166666683,1.9358426666666555,10.055525166666692,9.829316333333333,2547.9538333333658,0.5502833333333332
2035,161.11572000000098,2.000371000000001,10.077855833333361,9.846970499999948,2539.6522333333505,0.5458666666666666
980,157.866181666666,1.733880666666663,0.0,9.025002499999973,2469.3705000000373,0.6241333333333332
1911,161.0335100000006,2.009106166666668,1.3029921666666653,9.849072166666593,2544.0098000000207,0.5302833333333334
1038,158.7602566666666,1.7918845000000114,0.0,9.048507833333314,2454.6880333333665,0.6183833333333334
813,158.23485500000004,1.791363166666675,0.0,8.978756666666618,2446.504133333398,0.5924499999999998
480,173.0397066666678,1.1049263333333257,0.000211,8.467196333333325,2640.9174000000226,0.7457666666666666
2184,161.25792833333364,2.0045696666666704,10.188738500000003,9.958713333333348,2544.1666,0.5463000000000001
1074,158.65040166666626,1.8067308333333483,0.0,9.078923499999968,2455.9669333333777,0.6039333333333334
1041,158.75555666666625,1.7872450000000135,0.0,9.060099000000015,2460.608333333345,0.6153666666666668
1273,158.66392000000067,1.7460803333333315,0.0,9.181802833333414,2479.2889000000323,0.6187499999999998
1393,158.76942999999972,1.763640333333348,0.0,9.170267500000051,2468.276300000067,0.6046166666666667
301,157.03130166666682,1.742041833333332,0.0,8.489053666666663,2396.069033333354,0.6796833333333333
440,156.4237399999995,1.750114000000007,0.0,8.459017000000003,2388.122633333394,0.65195
2109,160.39239499999982,1.9102019999999844,10.126891833333442,9.902353333333302,2563.125500000061,0.54595
940,158.48674833333448,1.7853286666666663,0.0,9.006734333333357,2445.3392666666973,0.6175833333333334
212,156.36635333333294,1.7179616666666595,0.0036381666666666667,8.535996166666633,2425.901633333373,0.8063666666666668
512,172.51454333333484,1.0711908333333298,0.0,8.399374166666686,2626.8905000000454,0.7113999999999998
645,172.63968666666736,1.1159689999999867,0.0001231666666666667,8.40351833333332,2620.6389000000295,0.7289333333333332
646,172.618530000001,1.1097859999999895,0.0,8.403088499999997,2620.753766666711,0.7296333333333334
111,157.07037499999907,1.737611333333336,0.0,8.601834333333306,2404.651966666713,0.6663333333333333
154,156.96180166666647,1.7282928333333318,0.0,8.566863666666666,2399.853666666705,0.6579666666666665
2053,160.9623266666673,2.001527333333334,10.08416283333336,9.854939166666533,2537.6092000000594,0.5524499999999998
543,172.78422500000107,1.08465499999999,0.0,8.377099833333283,2607.3614333333926,0.7273666666666668
1454,158.99902000000063,1.8014690000000086,0.0,9.123325666666695,2466.208600000007,0.6015666666666668
93,157.16941999999995,1.7256659999999977,0.0,8.630626166666705,2412.2229333333157,0.6501666666666667
1356,158.47007666666806,1.7393756666666635,0.018431333333333327,9.17037333333341,2482.9257000000503,0.6088333333333332
1697,160.49488499999973,1.928374833333316,10.175131666666644,9.943618833333252,2578.32680000006,0.5395500000000002
1409,158.6806566666665,1.7561545000000047,0.0007958333333333333,9.167149500000047,2470.3201000000195,0.6162166666666669
1086,158.15973000000048,1.7175541666666523,0.0,9.112460333333333,2483.480600000025,0.6188500000000001
204,157.01167833333312,1.7334253333333256,0.0,8.536136666666655,2399.2843666666977,0.6543499999999999
791,158.13380166666684,1.784506333333339,0.0,8.970635166666602,2446.455766666653,0.5971833333333332
290,156.42589833333378,1.6880811666666455,0.0,8.511964666666705,2402.8809333333666,0.7252999999999997
140,157.0417399999992,1.7414036666666661,0.0,8.579330333333292,2402.8444333333414,0.6471333333333337
1254,158.81330333333463,1.75438166666667,0.0,9.179447333333378,2480.6025000000427,0.6122333333333336
1513,161.00621833333244,2.0040853333333306,0.45569066666666774,9.96398416666663,2545.558633333367,0.5565666666666668
69,157.40886666666705,1.7251659999999929,0.0,8.677133333333401,2408.912099999998,0.6367333333333336
202,156.99173999999965,1.7348908333333268,0.0,8.533642833333353,2397.1201666666825,0.6542499999999999
952,158.09180333333282,1.7055931666666533,0.0,9.028930833333304,2469.379900000041,0.6199833333333332
920,158.3689600000005,1.779614000000004,0.0,8.997368666666649,2441.067533333417,0.6276833333333335
2058,160.98490666666737,1.9927878333333362,10.07607366666668,9.848697499999924,2537.4909333333426,0.5419333333333334
944,158.10058833333298,1.704679999999981,0.0,9.021071499999959,2474.3159333333724,0.6169500000000003
554,172.69567166666786,1.0908094999999887,0.0,8.3702466666666,2600.235266666707,0.7249333333333333
1641,161.05476333333263,2.002048833333336,0.40874883333333395,9.962554833333309,2547.7522333333727,0.55015
1764,161.27221666666688,1.9953119999999986,10.084368833333363,9.851875666666576,2538.8954333333295,0.5437666666666666
1896,161.2020783333334,1.9873540000000034,10.084403500000015,9.851964333333264,2542.3832000000534,0.5407166666666667
518,172.93533500000106,1.070696833333327,0.0,8.391100333333338,2614.712233333362,0.7192500000000001
2156,161.37157499999938,1.9844833333333303,10.159519833333322,9.93084966666667,2541.4277000000598,0.5567
1810,160.45427166666641,1.9200768333333162,10.08049066666666,9.847813999999934,2564.4554000000417,0.5451833333333335
1921,160.94871000000015,2.0020398333333325,8.804883500000027,9.835026999999997,2542.2916666666797,0.53175
757,157.83074166666663,1.76282333333334,0.0,8.906858833333407,2437.5809666666687,0.6002333333333334
1293,159.21665666666667,1.7851473333333427,0.0,9.164515166666694,2470.0107000000235,0.6088999999999998
278,156.4460983333336,1.6931363333333123,0.0,8.520092500000047,2405.6343333333734,0.6558333333333334
2161,161.40472333333335,1.9883080000000057,10.164042666666688,9.934812666666623,2544.116366666631,0.5509166666666668
1308,159.12369333333314,1.797887166666685,0.0,9.14687166666673,2461.1341000000475,0.6124833333333332
1009,158.28598333333423,1.7577934999999998,0.0,9.037698333333358,2460.1385000000346,0.6256666666666665
974,157.8479483333328,1.735682166666663,0.0,9.018929166666654,2465.496600000009,0.6266666666666668
236,156.14724666666604,1.6413924999999805,0.0,8.532672333333307,2415.724066666689,0.6526666666666666
1370,158.46267666666847,1.7335623333333199,0.0,9.17982933333338,2482.5098666667186,0.6177500000000001
1491,160.92523500000007,1.9960243333333327,2.714049666666664,9.945704333333254,2543.041433333349,0.5587166666666666
557,172.6808616666671,1.0885721666666552,0.0,8.365800499999942,2599.343233333365,0.7266333333333331
1082,158.30859833333307,1.7174188333333271,0.0,9.111517833333293,2487.4863999999952,0.6178333333333332
774,158.04647500000064,1.786476833333344,0.0,8.955562833333325,2442.7999333332955,0.5968833333333333
779,158.08626000000055,1.7827645000000039,0.0,8.95929766666661,2444.331733333285,0.5981833333333334
906,158.3434283333335,1.785999666666672,0.0,8.995838499999996,2438.431066666691,0.6037000000000001
384,172.8361683333351,1.1615674999999874,0.0,8.436342999999995,2619.7363000000205,0.7219500000000001
1601,161.00548333333163,1.9979010000000026,5.333827500000013,9.943154499999904,2543.056800000018,0.5521499999999999
44,157.59208166666625,1.7351356666666655,0.0,8.717881500000015,2418.8604000000146,0.6396
672,180.54150500000108,0.8686583333333164,3.1666666666666666e-05,8.398366833333304,2708.453466666684,0.7446333333333334
1448,159.02554000000012,1.8073630000000152,0.03745433333333334,9.13947316666671,2468.3448000000594,0.5975166666666664
1571,161.0047549999994,1.9984683333333353,0.6614058333333341,9.935852333333303,2544.1995666667026,0.5612833333333334
124,156.98921833333262,1.7356883333333275,0.0,8.582928833333305,2400.85290000001,0.6490333333333335
589,156.1545566666668,1.6782534999999823,0.0,8.414716166666675,2370.4030333333676,0.6478666666666667
955,157.99564333333197,1.7124791666666597,0.0,9.037183333333369,2473.0478333333367,0.62825
408,172.83835333333406,1.1536394999999862,0.09020450000000002,8.429409333333385,2621.513166666697,0.7229166666666664
1663,161.02413333333254,2.014323166666659,9.65891316666663,9.928234500000086,2546.8043000000494,0.5445166666666666
855,158.30837166666632,1.7923381666666731,0.0,8.993964333333329,2446.103566666698,0.5938999999999999
2042,161.0984149999999,1.9915638333333348,10.070233000000014,9.842049166666628,2539.9145000000194,0.55015
1835,160.21148999999963,1.9266391666666538,10.058783999999983,9.827863333333303,2557.587866666698,0.5398999999999999
1649,161.03157166666608,2.0022623333333427,0.6062841666666683,9.948770333333236,2544.406266666708,0.5532666666666665
1685,160.5634083333333,1.91077233333332,10.175593833333346,9.943366499999891,2579.801500000054,0.5514833333333334
1640,161.0589616666662,2.0055761666666694,2.3378861666666695,9.960712166666607,2545.872300000016,0.5466999999999999
865,158.2991200000001,1.7960005000000085,0.006697000000000004,9.004346166666618,2449.650133333413,0.5942333333333333
1341,158.40174500000128,1.7405365000000026,0.0,9.158394500000092,2492.4953333333806,0.6090666666666666
1021,158.24192833333396,1.7678088333333433,0.0,9.070645166666656,2470.469600000059,0.6235166666666667
1780,161.05736333333388,2.0075438333333318,10.067294000000055,9.838435833333333,2537.935700000022,0.5485666666666666
2089,160.53434666666675,1.898697333333319,10.1283798333334,9.899662333333291,2565.020233333378,0.5469166666666668
90,157.21048333333334,1.7236663333333275,0.0,8.633079000000018,2411.2560999999996,0.6497666666666666
1091,158.23772166666674,1.7305345000000012,0.0,9.118735499999982,2487.0100333333635,0.6241999999999999
2078,160.59720166666676,1.9077668333333138,10.115844166666726,9.889318333333412,2566.0372333333753,0.5461333333333335
1335,158.96783166666688,1.79546133333334,0.38986449999999984,9.14829250000001,2462.610600000028,0.6081500000000001
552,172.70988833333405,1.0882998333333207,0.14425599999999986,8.370457333333272,2601.4165333333654,0.7231833333333331
1447,159.04358500000058,1.8059590000000163,0.0,9.147763500000028,2469.1268333333787,0.5943500000000003
1880,160.55662666666717,1.9608988333333213,10.099721833333376,9.866599333333289,2552.9708333333806,0.5404500000000001
76,157.3246583333339,1.7390356666666684,0.0,8.657282666666696,2409.31076666669,0.6537999999999998
1596,161.02567333333323,2.004450166666671,0.12538416666666677,9.946728666666592,2540.6546000000035,0.5600666666666666
1696,160.49459833333253,1.9309131666666535,10.177866666666675,9.946293166666594,2579.494900000073,0.5394500000000001
1605,161.02030499999904,2.0052173333333347,0.43280749999999973,9.951069166666604,2544.9003000000034,0.55105
312,156.88801333333393,1.748615166666673,0.09323799999999997,8.47225433333339,2390.843166666671,0.6664333333333334
673,172.668468333334,1.124110666666663,1.4081668333333333,8.39364649999999,2606.5011666666805,0.7748166666666667
2168,161.31853166666653,1.9793623333333308,10.175909000000042,9.942536666666596,2542.2045333333804,0.5488166666666668
444,156.39666166666618,1.7446001666666606,0.0,8.467289166666692,2388.9234333333648,0.6540666666666666
636,155.5664716666677,1.6292718333333265,0.027703500000000006,8.401915999999972,2388.046000000008,0.6457500000000003
713,156.34023000000008,1.7203638333333227,0.0,8.46155433333338,2376.7427000000357,0.6291000000000001
1076,158.27873333333346,1.7313281666666662,0.0,9.090906499999996,2484.899066666692,0.613066666666667
1087,158.16619833333363,1.7148281666666563,0.0,9.107432833333291,2479.8010666666814,0.6180666666666664
486,172.89851000000093,1.0703683333333271,0.00023033333333333334,8.43566066666667,2633.891266666734,0.7312833333333333
1358,158.50273666666823,1.7351511666666735,0.0,9.16919483333337,2485.344166666695,0.6092166666666667
1401,158.73554833333327,1.7711148333333466,0.0,9.164206500000043,2467.2269333333866,0.6121333333333333
349,173.2835133333334,1.111940833333323,2.1058383333333324,8.50817616666671,2646.491966666719,0.7918166666666667
1310,159.09867499999956,1.7968471666666834,0.0002591666666666667,9.148495166666683,2460.2356333333864,0.6138666666666668
1831,160.1996400000006,1.9260559999999889,10.058529333333379,9.827099333333313,2553.033933333391,0.54665
1787,161.01096166666628,1.9976808333333331,10.063546166666688,9.835513333333315,2539.06613333338,0.5505666666666668
80,157.25044666666733,1.7186421666666565,0.0,8.643149333333382,2406.8329000000153,0.6501166666666667
42,157.65831166666703,1.7281376666666666,0.0,8.724992500000013,2421.6704333333437,0.6306666666666667
2174,161.33097999999947,1.9959508333333391,10.171601499999978,9.943033333333265,2542.839633333367,0.5435833333333334
1170,159.00138333333263,1.8050828333333404,0.0,9.144013333333332,2470.923700000024,0.6102166666666667
804,158.17937166666653,1.7865311666666697,0.0016040000000000002,8.967726666666639,2439.7276666666935,0.61765
1558,161.01212333333243,2.0084348333333315,3.1043875,9.962424499999964,2545.1700000000073,0.5627333333333332
1346,158.59489833333492,1.7400638333333338,0.0,9.186870833333362,2488.6172999999953,0.6109500000000001
956,158.00162833333275,1.7191571666666592,0.0,9.039698000000003,2475.028733333373,0.6283833333333335
1958,160.36067833333288,1.9271918333333136,10.07195133333337,9.842490833333272,2559.686266666712,0.5348500000000003
1270,158.70656000000017,1.7561726666666715,0.009709333333333334,9.19172899999999,2480.1358000000546,0.6175333333333334
873,158.30828500000067,1.7770246666666705,0.0,9.011565333333323,2452.101366666683,0.7037666666666667
657,173.06438000000006,1.0889708333333212,0.0,8.392671499999995,2611.005966666739,0.7140166666666664
1320,159.03647999999922,1.794619000000015,0.0,9.147596333333341,2463.783466666713,0.5975333333333332
1154,158.4822483333338,1.764808000000005,0.0,9.137979500000045,2468.13443333335,0.6664333333333334
1838,160.1687666666664,1.9310101666666564,10.060480500000036,9.828579333333339,2556.8406666667274,0.54895
565,173.39867499999954,1.1065123333333142,0.0,8.38887549999998,2597.364400000012,0.82955
70,157.39657999999997,1.7293744999999936,0.0,8.67500050000007,2408.173933333383,0.6480833333333335
283,156.38836333333361,1.687012166666648,0.0,8.516551000000012,2407.4091333333713,0.6511833333333333
211,174.89122666666708,1.0438196666666564,0.0,8.535820333333348,2676.658633333349,0.73675
1392,158.87905333333353,1.756653666666667,0.0,9.16614950000004,2467.496766666712,0.6171166666666668
1614,161.04006999999945,2.002058000000003,0.5406491666666644,9.962173500000002,2549.5079666666315,0.5569000000000002
945,158.11145499999955,1.7047184999999805,0.0,9.027954166666671,2473.760400000033,0.6189500000000001
1162,159.10586666666703,1.8070231666666725,0.0,9.13606616666675,2461.955066666694,0.6179000000000002
1212,158.54772833333396,1.7254734999999963,0.0,9.184036166666674,2494.8018666666744,0.6120999999999998
1299,159.22249999999943,1.799922833333341,0.08164133333333333,9.154622833333377,2468.0216000000464,0.6144333333333332
764,157.90233666666654,1.7775933333333418,0.0,8.924750833333382,2437.041200000042,0.5917833333333333
1165,159.11356000000023,1.7992215000000125,0.0,9.141317833333364,2466.491033333364,0.6136333333333333
829,158.24574499999977,1.7811961666666778,0.0,8.979625833333294,2442.881966666693,0.5944333333333331
14,158.985823333334,1.8038094999999925,0.0,8.915401333333387,2461.772333333357,0.5824666666666666
1323,159.0120949999998,1.798734833333348,0.0,9.147371666666729,2464.454366666684,0.6030166666666666
1736,160.7200450000001,1.9535268333333258,10.112795666666747,9.880757499999978,2551.2487333333765,0.5437
321,156.8435816666669,1.75434766666667,0.0,8.481605166666688,2394.218333333343,0.6511500000000001
455,156.38446833333285,1.7462351666666673,0.004863833333333334,8.473165000000034,2387.0913666667093,0.6276833333333336
33,157.8799283333327,1.7336914999999875,0.0,8.752250333333343,2423.3834000000693,0.6351833333333337
1699,160.50019333333333,1.9184471666666463,10.168551833333323,9.937556999999947,2577.74896666669,0.5380333333333333
336,156.81811333333494,1.7602481666666636,0.18403516666666653,8.51545616666677,2397.3553000000447,0.6559166666666665
1593,161.02447499999985,2.006033499999999,0.3171513333333332,9.94391516666664,2540.833300000043,0.5614666666666667
2028,161.2085466666674,1.9911171666666727,10.07070083333339,9.843318166666624,2539.606333333391,0.5458833333333332
166,157.06718666666595,1.744537666666671,0.0,8.559751666666605,2400.7804000000506,0.6681166666666667
442,156.38557833333272,1.7444331666666588,0.0,8.46504100000004,2387.598733333349,0.6547500000000002
35,157.7994866666665,1.7251653333333263,0.0,8.745542833333339,2421.08556666672,0.6418499999999997
130,157.0939266666657,1.7526405000000096,0.0,8.5848423333333,2402.05433333337,0.6573499999999998
1800,160.9077666666668,1.9993800000000053,10.059586500000005,9.829353999999926,2532.9862000000485,0.54995
390,173.1604550000014,1.1209678333333195,0.0007596666666666667,8.430406500000045,2623.308733333402,0.7218
1097,158.12565999999953,1.730199666666663,0.0,9.115580166666671,2483.1719333333763,0.6093833333333334
1864,160.64425500000067,1.9473151666666515,10.070323000000027,9.840622833333345,2553.296866666671,0.55105
1497,160.9764216666659,2.00083366666667,1.079404833333332,9.957715166666649,2542.8014000000385,0.5600499999999998
1637,161.0553516666657,1.998388999999997,2.4012413333333336,9.966165499999951,2548.3673000000363,0.5430500000000001
1326,158.98148666666694,1.815023666666673,3.616666666666667e-05,9.142227500000049,2456.8250000000435,0.6133333333333334
1007,158.23330833333353,1.7415794999999943,0.0,9.038960000000028,2459.206400000029,0.6253833333333333
1888,160.5745666666674,1.9483599999999914,10.103385000000056,9.870953333333311,2552.038966666681,0.5351500000000001
2006,160.58776000000077,1.9383811666666537,10.06631583333337,9.836158499999948,2546.545333333348,0.5446333333333333
532,155.6614516666667,1.605288999999994,0.01944983333333333,8.40902266666668,2389.8912999999925,0.6283166666666667
683,172.8626883333348,1.1169344999999862,0.0,8.405185166666643,2605.565633333353,0.7208166666666666
1065,158.56262166666673,1.8156090000000056,0.0,9.073510499999982,2458.0405000000765,0.5987666666666668
1924,160.94263500000025,2.003579333333331,10.06719700000004,9.835058333333318,2537.1647666667163,0.5306833333333333
201,157.0560633333326,1.7354164999999964,0.0,8.534528333333325,2397.698500000013,0.6604166666666664
145,156.9850866666664,1.737650666666661,0.0,8.573835999999945,2400.6410000000005,0.6627166666666668
164,157.09476666666555,1.7326494999999884,0.0,8.562488499999954,2400.3917333333648,0.6568333333333333
1591,161.02405333333292,2.0134734999999986,0.3488081666666659,9.940312333333258,2540.3732000000023,0.5622999999999999
547,172.75903833333476,1.0893001666666597,0.0038675,8.3716736666666,2604.7932666666857,0.7214166666666668
1730,160.78383833333336,1.9366379999999972,10.112988666666729,9.879716666666654,2554.0102333333884,0.5391666666666667
1400,158.7893166666665,1.7637200000000017,0.0,9.16231033333336,2469.0279666667006,0.6144499999999999
1290,158.99449333333388,1.7967350000000055,0.0,9.168924666666713,2464.8977666667074,0.6143833333333336
916,158.40546333333393,1.7857483333333437,0.0,9.001822166666686,2446.0553666667033,0.6145833333333336
395,180.62794500000103,0.8838516666666563,0.0,8.435800500000052,2721.9321000000764,0.7561166666666665
180,157.05351666666613,1.735373833333319,0.0,8.55096049999997,2394.5920666666802,0.6759333333333334
2044,161.0142500000008,1.9950961666666698,10.069454500000017,9.841470666666616,2538.2743666667,0.5442000000000001
397,156.21744666666783,1.6861754999999892,2.3625356666666675,8.43463400000005,2396.1548000000435,0.6364833333333332
248,156.69969666666688,1.6729408333333198,0.09240716666666667,8.51575833333336,2419.997700000043,0.7487333333333333
1476,160.50725500000016,1.9718268333333266,0.45227699999999943,9.82668949999999,2532.185700000026,0.5748333333333332
1820,160.32036499999953,1.9117601666666468,10.062929833333323,9.836567166666665,2558.3344666667103,0.5434333333333332
79,157.26318166666726,1.72602283333333,0.0,8.648824333333371,2406.7525333333556,0.6453000000000001
1161,159.11491499999957,1.8030476666666682,0.0,9.136607666666697,2460.7646999999974,0.6127833333333335
1465,159.29041833333315,1.8386425000000017,1.2752661666666676,9.307109666666692,2476.709400000021,0.6134666666666665
333,156.8213483333345,1.7680565000000104,0.11025566666666664,8.509735333333373,2403.7343333333743,0.67585
2149,160.70001500000032,1.9463869999999848,10.15800633333334,9.927632833333359,2550.8058666667157,0.5427833333333335
62,157.46928666666716,1.7330454999999951,0.0,8.683996000000036,2411.7633666666766,0.6336833333333334
676,172.93628000000143,1.11547466666666,0.004839333333333333,8.398069333333318,2606.7097333334045,0.7127833333333334
303,156.93399000000025,1.748252166666668,0.0,8.486193833333305,2397.9287666667337,0.6578666666666665
1048,158.68311499999984,1.781999833333345,0.0,9.056502166666679,2452.773400000022,0.6144833333333334
1433,159.20506833333312,1.7857398333333387,0.0,9.122957166666714,2457.4006666667024,0.6096833333333334
1018,158.23594333333384,1.7639336666666783,0.0,9.061643166666626,2466.411833333351,0.6287666666666667
849,158.33191666666656,1.7906438333333383,0.0,8.994562499999974,2447.457266666677,0.6017166666666667
1450,159.0385650000003,1.804959000000005,0.02328533333333333,9.137078333333392,2468.469266666695,0.5952666666666667
514,172.5442100000013,1.066038999999997,0.0084775,8.392311999999977,2625.8299666666912,0.7117166666666669
1333,158.9945733333335,1.7947165000000125,0.0,9.157531500000056,2468.515200000057,0.6040499999999998
1262,158.71608166666712,1.7591748333333395,0.0,9.186265499999982,2475.9739000000236,0.6106833333333336
1210,158.53681000000088,1.72713433333333,0.0,9.188079833333326,2497.309233333368,0.6080666666666666
1694,160.564791666666,1.9286493333333237,10.172197999999991,9.94199416666659,2577.8129333334123,0.5490333333333334
265,156.44602333333287,1.6873778333333218,0.0,8.522140999999987,2403.864100000011,0.6595000000000003
652,172.9751483333345,1.0988954999999918,0.0,8.392263499999979,2607.570300000019,0.7320333333333333
2133,160.82309833333406,1.928063499999982,10.139908500000034,9.91196266666665,2550.6412000000255,0.5482999999999999
1408,158.69521166666672,1.7649641666666724,0.0,9.164871333333412,2471.545000000042,0.6193500000000004
1084,158.2839283333335,1.7159146666666565,0.0,9.113251833333294,2486.3659333333694,0.61365
472,156.2975066666661,1.7419390000000037,0.0,8.472006666666692,2387.0367666666994,0.6449499999999998
826,158.24458666666655,1.7794865000000093,0.0,8.973365166666621,2443.0690666666874,0.5892166666666665
1023,158.25281000000098,1.7647750000000109,0.0,9.069373999999959,2466.357433333366,0.6180166666666669
1054,158.70194166666658,1.7902315000000093,0.0,9.053495833333379,2453.751500000042,0.6091833333333334
1030,158.85509166666705,1.7900915000000108,0.0,9.054964833333342,2460.0465333333655,0.6226833333333331
2055,161.0001666666667,2.003167499999999,10.083124666666661,9.854214666666566,2538.7034000000463,0.5456833333333333
860,158.32012,1.793565666666671,0.0,9.001282500000002,2447.7117000000326,0.6061499999999999
482,173.00561833333393,1.101945666666655,0.003279833333333334,8.45743650000002,2640.4734666667246,0.7327333333333336
1982,160.69461833333318,1.942263999999992,10.052998833333348,9.82343483333332,2545.700633333388,0.5400333333333334
2004,160.5791866666672,1.9428858333333208,10.062239833333347,9.83249016666663,2548.170533333332,0.5388000000000001
438,156.40333999999942,1.7542191666666638,0.0,8.460236166666707,2387.0338666667235,0.6585166666666671
1284,158.64158166666698,1.767108166666681,0.21393166666666646,9.185069166666704,2474.9861333333597,0.6116333333333335
730,156.34547999999904,1.726972833333324,0.0,8.482595166666636,2379.5890000000304,0.6205166666666666
1994,160.64556166666668,1.937755833333326,10.054533999999993,9.829208833333253,2547.537200000042,0.5457666666666666
2020,160.60522000000063,1.9380673333333214,10.082006833333347,9.855156333333198,2547.5695666667057,0.5409500000000002
357,173.07170333333428,1.1223486666666578,0.038274666666666665,8.504041166666717,2645.300533333401,0.7700000000000004
1229,158.37975333333486,1.7327678333333336,0.0,9.177318000000058,2489.3254000000197,0.6184833333333333
267,156.47453333333283,1.6827774999999907,0.0,8.520348833333331,2405.021666666693,0.6614166666666665
430,156.39754666666613,1.7374964999999942,0.0,8.440739333333356,2385.9097666666867,0.6785333333333333
1874,160.6264916666673,1.9560558333333238,10.088115500000024,9.855862166666588,2555.3395333333824,0.5456833333333334
1560,161.02635499999872,2.0105276666666656,0.9531728333333249,9.959670666666634,2545.9017000000404,0.5595000000000001
254,156.62522333333254,1.6743694999999836,0.0,8.514000500000053,2404.9846666666876,0.6637666666666667
253,156.77873666666673,1.6816738333333112,0.0,8.516283333333384,2407.078066666663,0.6618833333333335
1932,160.92307833333368,2.006344499999996,10.06927283333332,9.83696633333333,2541.9816333333415,0.5427666666666667
1192,158.9027500000006,1.8079741666666813,0.0,9.14002533333337,2464.241366666692,0.6092166666666667
1095,158.21211666666673,1.7281789999999861,0.0,9.112459999999968,2484.2404333333748,0.6064166666666664
993,158.38176333333334,1.7357266666666702,0.0,9.040501833333362,2464.6214000000605,0.6378833333333332
372,172.74827000000113,1.1331568333333166,0.0,8.451966166666677,2636.3418333333657,0.7453166666666665
2198,161.24421666666635,1.9968369999999989,10.207067666666678,9.978510499999926,2546.977033333282,0.5493
1174,159.01806,1.8044976666666823,0.0,9.146088166666656,2467.55770000001,0.6085166666666667
965,157.9095616666663,1.7179573333333233,0.0,9.030332166666652,2469.1586333333407,0.6246333333333336
2021,160.59094500000035,1.9452081666666565,10.085989000000033,9.85771799999994,2547.431399999974,0.5410833333333332
50,157.6129716666669,1.7199308333333316,0.0,8.700791833333364,2417.6376333333606,0.6350666666666668
1517,161.00073499999863,2.0140099999999967,3.6778081666666766,9.959167166666656,2543.613366666685,0.5614833333333332
259,156.53609333333324,1.681310999999974,0.0,8.524157166666656,2407.3794333333326,0.6573333333333334
1281,158.65674833333253,1.7467656666666704,0.21081549999999996,9.186418333333346,2474.122433333344,0.6120333333333333
1311,159.03251000000031,1.79936133333334,0.0,9.146893833333353,2457.723833333357,0.6182333333333333
1739,160.68546000000055,1.9572479999999874,10.105593166666722,9.87451516666667,2550.898533333361,0.5432
1351,158.5904033333351,1.7350595000000009,0.0,9.178269500000045,2486.606733333354,0.6014999999999998
714,156.34174333333294,1.7192209999999966,0.0,8.466316500000051,2376.4328666667147,0.6459833333333337
431,156.45371499999973,1.7316904999999958,0.0,8.440696666666707,2388.6259000000637,0.6696500000000001
151,156.9816799999998,1.7430038333333255,0.0,8.571901666666637,2398.537666666695,0.6535499999999997
2066,160.9924033333337,1.997682000000007,10.085162666666676,9.859326833333194,2539.6302333333783,0.5421833333333332
834,158.2476200000006,1.8018460000000065,0.0,8.984361333333306,2442.7539000000434,0.6039833333333333
542,172.77260500000065,1.0807653333333211,0.0,8.375393499999918,2605.6808000000124,0.7261
1669,161.17113666666725,2.011391666666667,10.097892333333327,9.935092833333268,2550.303000000038,0.5501
1717,160.9154616666677,1.9292619999999876,10.156007499999992,9.924113333333384,2567.645866666696,0.53455
1246,158.3230883333337,1.7358276666666637,0.0,9.168878000000047,2485.4437000000094,0.6135833333333331
1298,159.20678666666575,1.793459166666672,0.0739785,9.153129833333358,2468.0027000000314,0.6172166666666666
2032,161.210206666667,1.9884144999999938,10.083176666666706,9.852825166666582,2542.1786333333466,0.5509000000000003
2087,160.5403300000002,1.9043186666666532,10.130476666666738,9.901836666666666,2566.0236000000687,0.5533666666666668
27,158.25193833333446,1.740612833333339,0.0,8.791438500000064,2432.6523666667113,0.6266999999999999
1238,158.38947000000132,1.745165833333328,0.0,9.181715500000049,2490.5864666666744,0.6128500000000001
575,156.20046000000036,1.682424499999985,0.0,8.402258666666652,2366.58773333337,0.7085833333333336
1957,160.36797166666634,1.931533499999987,10.075783000000014,9.84607466666664,2563.798733333404,0.5408499999999999
776,158.0773883333341,1.7879731666666767,0.0,8.951194333333294,2443.7002333333544,0.5952000000000002
311,156.9014166666679,1.7478413333333358,0.0,8.476521500000016,2391.7572666667143,0.653933333333333
1587,161.0154483333328,2.00787,5.927149333333326,9.93756933333326,2541.682766666682,0.5524500000000001
902,158.33190999999994,1.7968003333333378,0.0,8.992566333333265,2441.75450000002,0.6052666666666667
692,156.30558333333389,1.7151613333333273,0.0,8.404557666666632,2368.343400000029,0.6952166666666668
97,157.16754166666706,1.7172711666666558,0.0,8.626309333333342,2410.673833333337,0.6425666666666668
1672,161.15790500000014,2.006555833333337,10.15846399999996,9.93267849999999,2549.2575000000497,0.5524333333333333
1551,161.03767333333175,1.9859421666666652,2.4480700000000053,9.961750833333252,2544.090833333388,0.5605
2057,160.9773983333346,2.0013630000000027,10.076088666666656,9.84993816666661,2537.273733333349,0.5459333333333334
271,156.52117666666626,1.684018666666642,0.005917666666666668,8.518787333333409,2403.915900000041,0.662583333333333
1381,158.36250833333435,1.748015333333331,0.0,9.170388833333414,2480.9266333333644,0.6105666666666667
1654,161.03851166666618,1.9970838333333285,2.011379833333335,9.935658166666661,2542.7074333333317,0.5567333333333335
23,158.50901166666603,1.7924931666666655,0.0,8.825094499999933,2437.650633333358,0.6250333333333333
953,157.97158333333266,1.7097234999999877,0.0,9.032587499999996,2468.479766666677,0.6253500000000002
815,158.23245833333334,1.7874095000000036,0.0,8.983729666666601,2448.594166666714,0.5942166666666664
149,156.9649583333336,1.7335903333333345,0.0,8.573981666666613,2398.9323000000168,0.6533333333333331
1292,159.21386499999986,1.7819991666666761,0.0,9.171900833333382,2472.5912000000512,0.6076333333333335
1031,158.86044666666598,1.8009041666666807,0.0,9.053831166666678,2457.787600000042,0.6161999999999999
704,156.33671333333356,1.7184229999999967,0.0,8.435774500000015,2372.5397666666913,0.6518166666666669
1112,158.11052333333353,1.7164478333333215,0.0,9.12241083333335,2481.722766666669,0.61745
968,157.8924549999992,1.7187786666666562,0.0,9.027228499999975,2466.4571333333456,0.6288499999999998
1815,160.45109333333247,1.9038709999999865,10.076709333333392,9.84414833333327,2560.237066666683,0.5470833333333334
628,172.7855250000013,1.090863999999991,0.0,8.393815999999989,2617.053166666722,0.739633333333333
422,172.8174416666675,1.1444483333333142,0.0,8.430630000000031,2617.441500000037,0.7287166666666668
1044,158.75196166666674,1.7953596666666858,0.0,9.06278266666663,2463.4630000000175,0.6067333333333337
516,172.51836166666783,1.0689778333333344,0.0007580000000000001,8.394442999999999,2628.0746000000386,0.7175833333333335
812,158.22417000000019,1.7844786666666754,0.0,8.980645333333237,2446.0145333333558,0.5949833333333332
1552,161.01669999999925,1.9957411666666651,2.9436356666666583,9.95709466666664,2544.7600000000307,0.5599999999999999
403,155.8434833333339,1.6832228333333281,0.18632000000000012,8.430707666666706,2389.9891333333667,0.6538833333333333
401,172.94024833333535,1.1444208333333232,0.06029983333333336,8.4333726666667,2619.0741666666886,0.7313500000000001
2016,160.55820166666712,1.9469518333333231,10.083554000000046,9.855327166666552,2547.117433333403,0.5419166666666669
737,156.85824666666727,1.7417241666666587,0.0,8.654502999999995,2401.932533333353,0.6003999999999999
383,155.54928999999981,1.6655101666666496,0.0,8.437375000000065,2400.803333333374,0.6555666666666664
907,158.34691500000022,1.7831111666666783,0.0,8.99566033333335,2439.9801999999854,0.6098333333333333
627,172.78948000000153,1.0972883333333199,0.0,8.396640166666659,2621.378466666713,0.7331500000000001
353,173.28959999999944,1.1190531666666583,1.42069683333333,8.49774116666668,2648.2474666667267,0.7827333333333333
160,156.95113666666657,1.7385830000000067,0.0,8.564248000000001,2400.569666666706,0.6568333333333333
553,172.71153333333353,1.0923349999999845,0.0,8.371658166666617,2601.8741333333287,0.7259166666666668
1265,158.756978333334,1.7513923333333332,0.0,9.186187166666672,2475.638333333319,0.5955666666666668
1103,158.1573266666668,1.7303571666666506,0.0,9.113201166666666,2481.0362666666906,0.6111166666666671
1759,161.26677500000048,1.9924213333333252,10.088934333333368,9.857270166666575,2538.192466666727,0.5506999999999997
1055,158.64264166666578,1.7927955000000135,0.0,9.052072,2447.7159000000415,0.6112666666666666
1769,161.1613066666668,2.001276833333332,10.077071666666672,9.844910166666594,2536.433066666696,0.5494666666666668
2204,161.2171283333334,2.002690166666668,10.203125833333338,9.973637666666592,2543.8183000000126,0.5465833333333331
2154,160.69602833333371,1.9409984999999772,10.16590016666667,9.934905666666621,2550.34213333337,0.5585666666666664
697,156.39872666666656,1.7170201666666671,0.0,8.423069666666699,2370.572966666721,0.6456833333333333
1071,158.6363616666661,1.806172666666674,0.0,9.08028349999993,2453.8272333333484,0.6068166666666667
1322,158.9894449999998,1.806356500000019,0.00015783333333333334,9.146061833333366,2464.307600000023,0.6022166666666667
379,172.65453166666796,1.1507026666666547,3.65e-05,8.437312500000019,2631.2611333333634,0.7528999999999998
1179,158.93817333333388,1.79920500000001,2.35e-05,9.146790166666706,2465.6500666667303,0.6037833333333336
947,158.09281666666524,1.7020088333333214,0.0,9.028464833333304,2473.9084333333712,0.6226333333333334
1104,158.15498500000075,1.7337894999999908,0.0,9.118381333333359,2480.367700000046,0.6126
351,173.277025,1.1249411666666578,1.5141339999999985,8.49852066666673,2649.52846666671,0.74945
722,156.32051166666636,1.7299261666666608,0.0,8.478313499999983,2377.4289666666837,0.6456999999999999
705,156.39523833333268,1.717195499999999,0.0,8.438592666666695,2372.7662000000287,0.6427833333333334
460,156.33628833333336,1.7520883333333395,0.0,8.479147499999941,2390.829800000056,0.6432000000000003
1991,160.7631066666676,1.9345016666666461,10.058657166666654,9.830874333333291,2549.077633333341,0.5518166666666666
1406,158.6885899999996,1.7587903333333401,0.015022500000000003,9.165646500000111,2470.551400000036,0.6145000000000002
1362,158.4692316666679,1.750367666666673,0.0,9.170344000000005,2485.7053666667043,0.6227666666666669
544,172.7722250000009,1.0796188333333219,0.024901166666666686,8.375361833333235,2607.4509000000126,0.7283499999999999
1182,158.95281166666638,1.803709333333338,0.0,9.144995000000039,2466.976533333339,0.6044833333333332
511,172.56637000000126,1.0748571666666638,0.0,8.396750833333332,2628.4443000000288,0.7147666666666666
367,172.81389666666746,1.1298603333333217,0.0,8.47264650000005,2634.986766666714,0.75285
150,156.98527999999916,1.7298618333333273,0.0,8.572757833333243,2400.4824666666877,0.6743833333333334
2138,160.74476833333415,1.9379539999999884,10.146077000000027,9.914439833333352,2549.904199999999,0.5447833333333334
135,156.99034666666628,1.7357914999999926,0.0,8.58200766666667,2402.138466666702,0.6687999999999996
784,158.1134700000002,1.7799570000000027,0.0,8.969443833333282,2445.1823333333314,0.6068666666666663
1064,158.68433999999948,1.8148525000000064,0.0,9.066613333333327,2455.5435666667063,0.5982333333333334
363,172.95283666666788,1.1269024999999846,0.0,8.485468666666653,2638.869466666723,0.7569333333333337
2158,161.37467666666598,1.985514499999999,10.160940333333352,9.930619000000044,2541.6603333333487,0.5618166666666669
1581,161.02557166666637,2.0045268333333333,1.1791930000000028,9.935840833333337,2542.0092666667074,0.5650666666666667
1889,160.96257500000004,2.0063544999999947,10.10734666666672,9.87543083333334,2543.001166666726,0.5369833333333334
181,157.1474366666661,1.7414554999999974,0.0,8.546344499999991,2394.8637333333922,0.6662999999999999
1063,158.67479333333276,1.8134990000000146,0.0,9.062854499999958,2454.801700000043,0.6022333333333337
2037,161.09787333333367,2.00008133333334,10.076048333333356,9.84690333333326,2539.7887666667325,0.5442833333333336
1399,158.78164666666578,1.7490728333333379,0.0,9.162758000000045,2467.8274000000247,0.6131666666666667
1203,158.93341499999968,1.8043396666666789,0.0,9.158537833333375,2469.5588333333717,0.6033666666666667
887,158.30881666666684,1.7808321666666722,0.0,8.98321033333327,2447.8741333334165,0.6108000000000003
1446,159.05114000000026,1.793108166666681,0.0,9.149372000000042,2470.21096666671,0.5949000000000001
792,158.14897666666712,1.7838726666666707,0.0,8.968470666666663,2445.6838333333835,0.5955166666666667
416,172.7751766666678,1.1470689999999877,0.0,8.422370833333348,2617.668466666685,0.7282166666666671
1245,158.31938166666734,1.7361025000000005,0.0,9.170024500000066,2483.9938000000366,0.6215833333333334
1158,159.10206666666676,1.7948696666666766,0.0,9.141512333333386,2464.354733333363,0.6216166666666667
649,172.56377333333455,1.096720833333323,0.00010266666666666666,8.396759000000001,2621.5167333333798,0.7319000000000001
2097,160.42817999999946,1.900210499999984,10.123328666666747,9.893485833333315,2566.239500000029,0.5439166666666666
1382,158.61338666666626,1.7580916666666684,0.008242500000000002,9.169850666666724,2470.7343000000646,0.6172166666666666
1152,158.45373833333446,1.7595573333333372,0.0,9.137215000000076,2467.361066666687,0.6103666666666666
1199,158.9276566666667,1.7999050000000087,0.0,9.15027366666668,2468.500100000021,0.5993833333333334
1789,160.9962299999998,1.9965741666666657,10.057556833333336,9.829711499999968,2533.8537333333834,0.5452166666666667
507,172.57670000000144,1.0682564999999977,0.0,8.397695833333325,2631.9540666667494,0.7188833333333335
2065,160.99624500000064,1.9891111666666679,10.084103166666706,9.857957666666563,2539.8859666666845,0.5485833333333333
874,158.34005833333327,1.7788795000000008,0.0,9.010939999999996,2452.322633333322,0.6101
2083,160.61818500000038,1.8934384999999836,10.124011000000062,9.896008000000036,2566.4136333333768,0.55415
1977,160.19648666666674,1.9150503333333226,10.06087550000003,9.830884666666641,2554.484933333386,0.5440833333333334
1514,160.99747333333227,2.00101316666667,1.4010216666666653,9.961058333333279,2545.4263999999853,0.5559333333333334
1657,161.04367499999978,1.9960646666666617,8.659683166666683,9.931066666666702,2541.5876333333817,0.5502166666666668
2129,160.8141133333338,1.9337879999999907,10.129108666666756,9.903373666666662,2550.231433333362,0.5461500000000001
1907,161.11454666666685,1.9950646666666716,1.2028463333333377,9.848694499999894,2540.7340666667246,0.5355666666666666
398,173.1297116666675,1.1510674999999917,0.0,8.435997000000047,2623.987066666722,0.7210666666666667
479,173.06120000000107,1.1114484999999905,0.0,8.470649500000006,2641.5434666666815,0.7382166666666667
1456,158.968171666667,1.7985845000000102,0.0,9.11578083333335,2462.7148333333685,0.5918833333333332
1925,160.9219050000004,2.0117463333333334,10.059388500000033,9.830082166666678,2539.7114000000083,0.5295833333333334
330,156.83039666666772,1.752948166666663,0.013302333333333334,8.499464333333373,2396.485166666668,0.6560999999999998
1510,160.9832533333331,2.00603266666667,0.331985166666667,9.971386499999912,2545.220833333367,0.5573166666666667
2107,160.3881200000002,1.9178743333333186,10.123725333333418,9.899496333333278,2563.500533333363,0.5423500000000001
1647,161.02554499999925,1.9951771666666684,0.5116376666666674,9.948848999999937,2543.8245000000265,0.5581
1917,160.98809333333367,2.0028600000000054,7.67025966666668,9.838990833333318,2541.4128666667257,0.5340833333333334
1618,161.02612833333282,2.001833333333333,1.233497166666672,9.964709666666625,2548.5143333333194,0.5543999999999999
1738,160.66294500000032,1.9604631666666554,10.107136333333402,9.875317833333332,2550.608333333357,0.5464833333333333
1066,158.64043999999978,1.809839500000006,0.0,9.071600833333283,2456.41116666667,0.6130666666666669
959,157.99965499999988,1.7023839999999881,0.0,9.034119666666674,2472.4423666667108,0.6291166666666668
1211,158.5336100000009,1.726833166666657,0.0,9.188846166666709,2496.816200000022,0.6062166666666668
1631,161.0559583333322,2.005457166666667,0.5120754999999926,9.962600166666647,2547.453700000048,0.5498166666666668
2106,160.44074333333353,1.9224739999999803,10.126198500000063,9.901275333333293,2564.647633333375,0.5454833333333333
1952,160.41581333333272,1.913185833333317,10.077332833333342,9.846864333333299,2563.3506000000166,0.5367833333333333
41,157.69486333333333,1.7331998333333274,0.0,8.727892000000013,2421.636500000038,0.6349833333333331
1705,160.4542466666671,1.926949999999983,10.178902333333324,9.946857166666614,2581.3680666667574,0.5368833333333333
1839,160.17798666666656,1.9269033333333145,10.055852000000007,9.823761499999982,2555.904666666716,0.54875
448,156.3356749999992,1.7504471666666739,0.0,8.467004666666707,2386.620466666695,0.6388833333333335
192,156.96782833333285,1.733460333333329,0.0,8.544120333333343,2397.1911000000164,0.6567
677,155.69401500000058,1.6658499999999998,0.0,8.401260333333292,2374.582000000051,0.6318333333333334
1774,161.16737499999905,1.9887146666666657,10.07644616666669,9.846803499999977,2540.1195000000307,0.5470333333333335
2182,161.26011500000038,1.9984553333333297,10.182826166666667,9.954449166666643,2543.4975333333346,0.5475999999999998
1642,161.0620449999996,1.9987326666666683,9.983333333333333e-05,9.966283166666617,2549.2958333333822,0.5530166666666665
1577,161.018386666666,2.0018499999999975,1.5434735000000002,9.934597833333275,2542.2040333333402,0.5654999999999998
281,156.46007666666702,1.683136666666653,0.0,8.514847833333372,2405.421333333359,0.6589000000000004
1766,161.27280666666658,1.9954700000000054,10.086272333333353,9.85443199999995,2539.6312000000235,0.5580166666666667
816,158.24389166666677,1.7891848333333396,0.0,8.985369999999934,2445.058700000053,0.5966833333333333
4,160.0004716666663,1.9227069999999837,0.0,9.358761999999949,2503.4495000000343,0.5773666666666666
1824,160.34560333333292,1.9181491666666477,10.060491666666673,9.829789999999996,2556.111200000022,0.5540666666666668
1985,160.70632833333374,1.9293174999999914,10.050740833333363,9.822356499999966,2546.353833333373,0.5391166666666665
1013,158.27781500000083,1.7389199999999998,0.0,9.053945833333353,2468.214533333389,0.6243666666666666
43,157.63319333333342,1.7272038333333246,0.0,8.726438666666684,2420.5835333333716,0.63965
1444,159.06990833333387,1.8016630000000113,0.0,9.14793183333339,2469.3093333333723,0.60695
2092,160.52690333333334,1.904974999999982,10.127437500000095,9.898630166666685,2563.3494333333797,0.5500333333333333
742,157.21838,1.7571199999999945,0.0,8.770577833333357,2416.6406333333725,0.5962499999999998
463,180.9227083333324,0.9079079999999847,0.0,8.474146166666669,2716.9452000000565,0.7334333333333335
2151,160.67220833333337,1.9350891666666532,10.159731833333328,9.929748000000046,2553.1034000000827,0.5500166666666667
314,156.79254500000096,1.7660233333333417,0.0,8.472522666666714,2389.8137000000434,0.6564499999999999
960,158.0142433333334,1.709076999999985,0.0,9.034239499999966,2470.8523000000187,0.6320499999999996
1489,160.89118499999995,1.9945963333333294,0.5864774999999991,9.948156833333268,2547.725900000025,0.5567000000000001
1403,158.7161233333326,1.7619885000000053,0.0,9.169761000000076,2471.2787000000394,0.6155
871,158.32209333333304,1.7774905000000067,0.004166666666666666,9.008289166666668,2456.1854999999573,0.5822166666666668
1762,161.2587533333332,2.0043895000000034,10.083872333333355,9.849609999999915,2536.8962333333634,0.5509833333333334
68,157.43055166666684,1.722290833333322,0.0,8.677625166666738,2410.0348666667132,0.6411166666666666
867,158.3134200000001,1.7857510000000087,0.0,9.003056333333323,2449.136766666687,0.5943666666666665
1906,161.11730333333367,1.993822499999999,0.18812816666666693,9.846315999999934,2541.379400000042,0.5349500000000001
1042,158.76617333333203,1.7856333333333454,0.0,9.059925166666662,2460.857566666726,0.6124166666666668
1549,161.02000166666656,1.9929091666666594,1.6148048333333405,9.96166366666663,2544.816233333367,0.5628666666666667
1148,158.477681666668,1.7648333333333388,0.0,9.14762950000003,2476.7545666666933,0.6126
64,157.44845833333406,1.73397616666666,0.0,8.682053333333398,2409.6334000000275,0.6407500000000003
788,158.155095,1.7812225000000117,0.0,8.967726166666631,2445.2790666666597,0.5983499999999997
127,157.03960499999957,1.7434371666666655,0.0,8.58223433333329,2402.22976666669,0.662333333333333
2018,160.57949166666694,1.941259666666656,10.08016133333336,9.854004499999911,2547.063766666697,0.5486833333333333
561,156.28923833333403,1.6770121666666442,0.011894833333333327,8.378442666666643,2367.9368333333427,0.7621
158,156.9561899999995,1.7369583333333316,0.0,8.565381166666622,2399.9893666666926,0.64985
1905,161.10688333333368,1.9908206666666692,1.1227026666666633,9.847092833333312,2541.4672000000255,0.5351166666666667
522,172.9333000000006,1.084562166666657,0.0,8.392022666666682,2618.041833333334,0.7156666666666667
141,157.0398383333328,1.736013666666672,0.0,8.577533333333303,2403.624766666691,0.6547666666666664
2157,161.38816833333232,1.9835420000000064,10.157634999999987,9.929860499999961,2540.132800000041,0.5503666666666668
2012,160.54373500000028,1.9483348333333272,10.073654666666672,9.845083166666658,2545.5093000000547,0.5508666666666666
65,157.450151666667,1.7275918333333278,0.0,8.683362166666711,2409.8076999999944,0.6413666666666668
307,156.90549500000094,1.7451601666666712,0.0,8.482173333333336,2394.847100000034,0.6590833333333331
103,157.14551166666627,1.742806833333327,0.0,8.610363999999938,2404.3865000000314,0.6538833333333331
1475,160.47150833333407,1.9757991666666623,0.26376233333333327,9.80819333333327,2530.426200000038,0.5718166666666668
1442,159.14114333333367,1.7904361666666762,0.0,9.147206166666706,2468.3688333333375,0.5988666666666664
1584,161.01071833333262,1.9908173333333319,4.03281316666667,9.937266166666609,2540.0978666667065,0.5623166666666666
1236,158.3764583333339,1.7438548333333368,0.0,9.181957833333374,2490.4856333333796,0.6114333333333332
1275,158.68196666666634,1.7632601666666687,0.0,9.180371166666713,2479.2918666666933,0.6152166666666667
218,156.5980333333328,1.6492316666666584,0.0,8.533050333333323,2425.1539000000053,0.6572499999999999
432,156.41171333333318,1.7290278333333224,0.0,8.44281633333333,2388.0747000000174,0.6628000000000002
798,158.19520166666734,1.77762433333334,0.0,8.964485166666638,2442.5179666666913,0.6050666666666668
2200,161.2275716666669,2.001437500000002,10.202472999999975,9.972036666666579,2543.9110333334256,0.5508333333333334
199,156.9485116666657,1.7254954999999914,0.0,8.534732000000004,2397.1451000000293,0.6720833333333334
936,158.50080000000023,1.7953945000000047,0.0,9.010620833333325,2449.430800000026,0.6216000000000003
2112,160.40152999999938,1.9182748333333153,10.132654833333373,9.905057999999967,2563.6539666667027,0.5487666666666667
219,156.56066166666594,1.645498166666649,0.0,8.535676999999982,2422.0216333333733,0.6567833333333333
200,156.9289966666658,1.7251923333333221,0.0,8.535125166666667,2397.766300000017,0.6576166666666666
1473,160.33865166666655,1.9763408333333294,0.5972641666666649,9.752378500000104,2522.136866666701,0.5777999999999999
1974,160.1792416666661,1.911415833333317,10.059855833333328,9.832192833333322,2554.557000000031,0.5448166666666668
295,157.0772300000005,1.7435706666666684,0.0,8.503257833333379,2395.5444333333658,0.6697333333333334
546,172.72802333333397,1.0891801666666554,0.0,8.373456333333248,2603.958800000034,0.7288999999999999
582,173.23836166666555,1.1141688333333175,0.0,8.413509499999988,2601.7612333332813,0.7439
456,156.34128499999915,1.753217999999995,0.0,8.475028833333342,2387.607166666693,0.6458166666666666
900,158.33382166666715,1.7841571666666756,0.0,8.996458500000013,2445.2830666667023,0.6066333333333335
446,156.29738833333306,1.7595831666666717,0.0,8.470647833333338,2387.784600000081,0.6341500000000002
1750,160.6218333333337,1.9534733333333218,10.109381666666716,9.875281833333318,2547.9009666666484,0.5530833333333333
451,156.3504716666662,1.7398606666666672,0.0,8.470759500000012,2386.3136000000172,0.6517833333333335
1328,159.004713333334,1.792115833333342,0.0,9.140900166666736,2458.5821333333656,0.60625
1137,158.5090350000008,1.7647253333333444,0.0,9.13543783333339,2474.7764000000266,0.6161833333333333
814,158.23986500000046,1.7886761666666737,0.0,8.984662499999962,2448.6735333333727,0.5942166666666665
354,173.10834000000082,1.1241144999999908,0.5947494999999997,8.492537833333351,2646.0773333333836,0.7702166666666669
1166,159.1178933333333,1.7926928333333383,0.0,9.142569333333402,2469.5313000000315,0.6092833333333332
559,156.27904833333344,1.6796814999999852,0.0,8.372489499999917,2366.3349333333285,0.7133833333333335
1680,160.6968333333333,1.920097833333315,10.000014666666662,9.94715499999992,2578.4430666667313,0.5508166666666666
414,172.83136500000103,1.1477271666666533,0.11540300000000002,8.42272183333337,2617.318766666698,0.71245
1089,158.18953666666692,1.7139856666666602,0.0,9.115087166666722,2483.4756333333617,0.6201666666666666
1331,158.94230666666704,1.8002151666666801,0.0,9.15278183333336,2468.5784666667064,0.5981166666666667
443,156.42699666666584,1.7342768333333267,0.0,8.464198000000035,2387.519333333368,0.6578999999999999
252,156.53164666666626,1.6856839999999893,0.0,8.51090216666673,2403.5907666666717,0.6581499999999998
604,156.22539999999972,1.7207779999999897,0.0,8.430153166666726,2370.7430333333496,0.6700500000000004
17,158.79358000000028,1.7949478333333269,0.0,8.861766499999906,2455.5882333333693,0.5930833333333333
2108,160.39326999999977,1.9160396666666515,10.123024000000088,9.899378999999934,2563.0359666667123,0.5444333333333333
668,172.98447000000098,1.1065884999999818,0.007498833333333334,8.40410466666664,2609.781333333353,0.72215
2192,161.23459333333355,2.0066699999999975,10.200629166666694,9.969385333333264,2545.4626666666877,0.5495
1512,161.00853666666535,2.003326833333335,0.8034643333333334,9.968004666666674,2547.096633333368,0.5563500000000001
1330,159.00836333333362,1.7902478333333414,0.0,9.146227333333401,2461.6660666667026,0.5918500000000002
1478,160.6035566666678,1.970787166666659,0.7575389999999996,9.862874666666583,2536.032366666726,0.5668833333333333
1515,161.00188666666583,2.016313333333331,1.551762833333335,9.96044599999996,2545.1707000000133,0.5579666666666667
174,157.01460333333284,1.7375870000000004,0.0,8.55594866666666,2398.896600000028,0.6622666666666664
1440,159.13082833333354,1.7927750000000136,0.0,9.143940000000061,2466.294933333329,0.60165
667,172.98717333333428,1.1021233333333131,0.0,8.404404499999977,2609.313233333346,0.72625
376,172.6908233333342,1.1482088333333191,0.0,8.442770333333348,2633.5622666666673,0.7466833333333337
163,157.0060366666657,1.7379096666666662,0.0,8.561905833333299,2400.298300000055,0.6705666666666663
1164,159.11180833333353,1.799954333333341,0.0,9.136580333333352,2463.5390333333703,0.6170166666666669
1937,160.9295433333338,1.9942770000000016,10.068627333333351,9.837373333333318,2540.1246333333515,0.5357
1019,158.2395633333344,1.7589355000000009,0.0,9.065845499999995,2469.0355000000523,0.6197500000000001
1487,160.8376966666666,1.9938921666666638,0.07797050000000005,9.941380666666598,2546.3585000000035,0.55915
988,158.36039833333334,1.7389706666666633,0.0,9.040702500000014,2459.819966666705,0.6283666666666666
186,157.05247666666617,1.736453999999999,0.0,8.543784500000038,2395.127200000038,0.6688833333333334
928,158.3837049999997,1.7752921666666768,0.0,8.992541666666625,2437.227700000053,0.6317833333333334
987,158.37296666666685,1.7415259999999984,0.0,9.040147833333338,2461.25480000006,0.6248166666666669
426,156.39057666666622,1.7385036666666664,0.0,8.42556466666669,2382.595366666703,0.6964500000000003
1274,158.68189833333406,1.7611103333333396,0.0,9.183825166666704,2479.3069666667147,0.6173833333333333
539,172.75288333333407,1.0779588333333223,0.0,8.379710833333291,2602.050933333416,0.7284166666666666
1716,160.91775666666717,1.947127999999999,10.161993166666683,9.928826666666748,2569.7727000000746,0.5381166666666667
1080,158.2909950000004,1.732200166666657,0.0,9.110346666666617,2487.603600000067,0.6163166666666667
1556,161.02585166666614,2.004768333333338,3.7847011666666606,9.960017166666582,2545.651066666732,0.5553666666666666
449,156.3455566666668,1.7467529999999956,0.0,8.467684166666695,2386.145399999994,0.6501
1620,161.06812666666565,2.000287666666662,10.182837166666676,9.952233833333281,2545.16223333338,0.5562166666666667
1304,159.11285666666606,1.8014970000000128,0.0,9.155698666666728,2464.9546333333783,0.6120166666666668
399,173.0345983333345,1.1398501666666556,0.0007831666666666666,8.437189500000029,2621.5484666667126,0.7322999999999997
1773,161.17743833333296,1.9912691666666635,10.076640333333373,9.844351333333233,2537.55030000006,0.5528666666666667
528,172.8507116666674,1.0748116666666585,0.0,8.392239333333336,2621.0824333333035,0.6973833333333334
549,172.68222666666827,1.0944063333333227,0.048400166666666675,8.372203666666557,2604.5371666667024,0.7222500000000003
1463,158.95522833333382,1.7979431666666803,0.0,9.109109833333285,2460.6672666667077,0.5955999999999999
2050,161.03348166666711,1.9987583333333379,10.080785000000043,9.850619166666569,2536.652900000031,0.5457500000000001
2187,161.22151166666652,2.004699000000001,10.190570166666696,9.960781666666659,2544.3746666667284,0.5484500000000001
1094,158.23671166666716,1.7266773333333292,0.0,9.117164333333326,2484.085966666702,0.61415
94,157.16719500000013,1.7196128333333223,0.0,8.632969333333357,2413.515133333331,0.6537666666666672
1671,161.15317333333434,2.003535999999999,10.159301500000002,9.933079166666639,2549.713200000021,0.5523333333333333
998,158.27610833333333,1.7519878333333336,0.0,9.044791000000012,2462.74983333339,0.6313333333333334
310,156.93346000000048,1.7488621666666697,0.0,8.476249333333342,2389.7893666666905,0.6648666666666665
824,158.24161666666754,1.7895691666666695,0.0,8.96849266666663,2444.3810000000067,0.5874833333333335
2001,160.65463499999993,1.9288671666666501,10.059632166666683,9.830693999999975,2547.9505999999897,0.5428666666666666
828,158.2514116666667,1.7886441666666781,0.0,8.978532999999926,2442.5308333333624,0.5913666666666665
2127,160.82429333333354,1.9212084999999852,10.125916666666736,9.901604666666653,2549.2060000000415,0.5537500000000003
1143,158.5107683333349,1.7590581666666665,0.0,9.142587500000031,2474.584500000039,0.6170333333333332
563,156.309466666667,1.680499999999983,0.0,8.38400049999996,2367.1665333333467,0.7070999999999998
251,156.44581333333358,1.6941101666666476,0.0,8.512950500000038,2403.7806000000346,0.6617166666666666
1079,158.29355166666627,1.722514999999986,0.0,9.103979833333293,2487.880300000016,0.6092333333333334
2119,160.91216500000044,1.9274476666666496,10.122638666666704,9.89851899999996,2552.866000000013,0.5505666666666669
761,157.9103050000005,1.7712086666666713,0.0,8.925991833333415,2438.8744000000584,0.5864499999999998
1821,160.32425833333286,1.9196031666666458,10.062256833333336,9.837193999999931,2558.5069666667036,0.5401499999999999
2203,161.20891666666623,2.0070768333333326,10.198588333333328,9.968231833333263,2544.0463333333782,0.5370166666666666
711,156.39376499999983,1.7161374999999952,0.0,8.458730833333355,2376.6379333333443,0.6240333333333333
986,158.36707000000044,1.7337636666666603,0.0,9.037354666666662,2461.151800000013,0.6262499999999999
289,156.41502333333366,1.6882154999999848,0.0,8.512769500000068,2405.5332666667214,0.6541666666666666
1950,160.49382999999952,1.9067751666666515,10.081766000000005,9.850370666666604,2562.389600000028,0.5326500000000001
972,157.9107533333327,1.7164253333333206,0.0,9.019008333333336,2467.9092666666957,0.6239333333333332
2096,160.43257333333324,1.9064799999999862,10.122579000000078,9.89499633333328,2562.7977000000046,0.5467
1155,158.4893833333335,1.7725713333333404,0.0037379999999999996,9.147695500000026,2468.307266666664,0.6943
856,158.33003,1.7926468333333387,0.0,8.99318283333331,2445.048933333341,0.6002833333333334
2189,161.22314833333294,2.0026713333333324,10.196764499999963,9.96603633333331,2545.0042999999964,0.5494166666666668
1014,158.224940000001,1.7496789999999978,0.0,9.059107833333345,2467.5739666667046,0.6237999999999999
607,156.23978999999932,1.714594499999987,0.01703066666666667,8.442444000000036,2370.0395333333486,0.6472333333333337
1280,158.66234333333335,1.751500833333341,0.0,9.184283666666653,2476.077433333382,0.6137499999999999
1930,160.87548333333365,2.0101109999999975,10.066957333333406,9.836984666666622,2542.290200000029,0.537
470,156.3274266666659,1.7463788333333334,0.0,8.4728371666667,2387.201833333387,0.6634833333333334
2048,161.02130833333376,2.00240866666667,10.0827606666667,9.849886833333269,2537.5764000000254,0.5458166666666667
659,173.03329000000016,1.0852721666666536,0.0006601666666666668,8.394624500000017,2610.6876666667154,0.7282500000000002
612,173.01741166666807,1.0967909999999896,0.012889166666666663,8.44535883333338,2627.50376666672,0.7418833333333333
1872,160.60476000000048,1.9559544999999874,10.086679833333367,9.85501633333326,2553.4896333333727,0.5501
2002,160.59796666666756,1.9327719999999815,10.061101166666697,9.830941500000002,2545.950366666686,0.5431499999999999
1546,161.0228349999995,2.0096498333333384,1.9090336666666674,9.961237333333354,2543.4511333333608,0.5620333333333334
625,172.80266833333346,1.0912999999999917,0.021185,8.401693999999988,2621.654733333356,0.7351500000000002
419,166.60008000000073,1.3361811666666579,0.0,8.42428400000006,2534.0601000000283,0.6974166666666667
1850,160.69117666666662,1.9356658333333234,10.06624033333335,9.833548999999978,2550.7737000000234,0.5500833333333331
1863,160.6291816666678,1.947686333333316,10.07108900000003,9.84035849999994,2552.8727000000295,0.5518500000000001
926,158.38807333333347,1.7797915000000126,0.00016383333333333335,9.000078833333308,2442.8976666666854,0.6219000000000002
716,156.32836833333297,1.7155164999999912,0.0,8.464863833333368,2375.2318666666883,0.6293833333333333
1909,161.10854999999975,1.9967160000000057,1.431058166666669,9.84820299999995,2541.8379666666974,0.5366166666666665
1589,161.0224366666661,2.0085738333333367,0.4245768333333281,9.943909833333274,2542.310966666755,0.5556500000000001
694,156.33397333333338,1.7264651666666648,0.0,8.412654000000039,2370.064633333378,0.6532833333333332
465,156.54814499999978,1.7494658333333222,0.0,8.470460333333358,2395.4269666667196,0.6520166666666668
1102,158.14130666666776,1.7373753333333204,0.0,9.113453166666654,2482.8014333333526,0.6113333333333332
131,157.04400833333298,1.7547118333333256,0.0,8.583519333333317,2401.4576000000243,0.6696666666666665
1544,161.0190483333326,2.0067959999999956,2.2054400000000065,9.964862833333337,2545.8995666667197,0.5599999999999999
1763,161.27251166666605,1.9999005000000067,10.084945166666692,9.851548333333279,2536.9858666667305,0.5551333333333335
1579,161.0378083333328,1.9972333333333356,1.6450126666666673,9.939814499999944,2541.163433333326,0.5670000000000001
407,172.85745666666796,1.1514988333333234,0.10289699999999997,8.431619833333324,2621.4357000000327,0.7328833333333334
1459,158.97203833333376,1.7963486666666721,0.0,9.10725366666665,2457.961566666696,0.6067166666666669
728,156.35582666666636,1.7327821666666612,0.0,8.487028500000005,2386.2609666666967,0.6160666666666667
1639,161.06129333333283,2.0023596666666745,2.583576499999988,9.96581900000001,2547.7965333333623,0.5471999999999999
1881,160.57417833333372,1.9482369999999847,10.098927833333363,9.866563333333247,2552.435300000042,0.5433166666666669
245,156.17788833333327,1.6432901666666517,0.0,8.525702333333312,2414.041200000019,0.6626666666666667
1305,159.13449999999918,1.8076403333333397,0.0,9.155836833333334,2463.1948333333767,0.6162500000000001
1833,160.21943333333317,1.9306491666666543,10.063012166666695,9.830846499999979,2558.45710000001,0.5462833333333333
1525,161.0317783333327,2.0054328333333347,0.19415283333333327,9.963812666666616,2543.0126333333765,0.5597499999999996
478,173.07807000000122,1.1157889999999906,0.0,8.47380433333336,2641.689566666752,0.7388333333333333
1668,161.1627083333337,2.014101333333344,10.09023749999998,9.937565499999947,2550.8912333333537,0.5473166666666668
1606,161.04126499999936,2.0011573333333375,0.342689333333335,9.956380333333284,2546.7533333333236,0.5536166666666666
1711,160.44757999999956,1.9213324999999786,10.16486266666667,9.931013500000015,2575.3478666666874,0.5380000000000001
1046,158.6870766666663,1.7809565000000076,0.0,9.054300333333382,2452.736666666688,0.6114999999999997
1775,161.1656783333329,1.9990896666666704,10.080898166666712,9.850092666666587,2542.2945000000313,0.5464666666666667
1411,158.68414000000038,1.7628856666666746,0.0,9.16063066666677,2466.909666666694,0.6071500000000001
1953,160.3765583333332,1.9203236666666559,10.075679166666703,9.846127666666622,2560.9155000000433,0.5311333333333331
2196,161.22670000000016,2.0010488333333343,10.204081166666661,9.97369333333326,2548.4924333333265,0.5527666666666666
775,158.08271666666732,1.7869441666666774,0.0,8.953128499999972,2444.4017999999946,0.6039666666666664
1130,158.54226166666723,1.7585426666666693,0.0,9.131575500000034,2473.7244000000455,0.6236999999999998
665,172.96080500000036,1.0999868333333185,0.0,8.403507333333335,2609.373433333383,0.722283333333333
651,172.99526833333434,1.101115999999986,0.0,8.392621166666657,2608.0456333333477,0.7292833333333336
445,156.3994883333333,1.7440126666666727,0.0,8.469280833333332,2387.8633666666997,0.6483000000000001
1160,159.1028499999996,1.8154341666666751,0.0,9.136453000000042,2459.901633333348,0.6210166666666666
1670,161.15229000000053,2.014875333333336,10.090864833333363,9.93511333333324,2550.2297333333686,0.5499333333333333
1366,158.45637000000158,1.7418063333333353,0.0,9.184929499999983,2481.5913000000337,0.6234
868,158.3237266666667,1.781047833333337,0.005652500000000005,9.005106833333354,2450.227500000041,0.5911666666666665
1805,160.91163333333319,1.9982236666666662,10.070286500000035,9.839611333333302,2537.897366666712,0.5466666666666666
2155,161.13318666666586,1.992325999999994,10.164260166666631,9.933302499999986,2539.040566666725,0.5509999999999999
1423,159.0430866666679,1.795606166666675,0.0,9.150613333333387,2458.110666666728,0.6144666666666667
1720,160.91459833333445,1.935028499999984,10.156687833333356,9.920947000000005,2570.4685000000595,0.5389833333333333
1190,158.90563500000027,1.8010280000000085,0.0,9.140430000000094,2465.176300000048,0.6022666666666667
1851,160.70713666666688,1.9472299999999865,10.066840333333367,9.833787666666662,2551.005000000008,0.5514499999999998
809,158.21603000000016,1.7995138333333358,0.0,8.981988999999936,2447.4782333333274,0.6028999999999999
1990,160.80363166666717,1.9444366666666617,10.05992416666666,9.832194833333357,2550.2119999999977,0.5440833333333334
1012,158.27043333333427,1.7420601666666695,0.0,9.045571666666712,2463.6836000000458,0.6259000000000001
255,156.60880999999927,1.683911999999993,0.0,8.514776000000026,2405.304066666669,0.6574500000000001
1352,158.52272500000078,1.7341653333333273,0.0,9.177709166666714,2485.5149666666994,0.6079833333333331
1955,160.36564500000014,1.914597166666652,10.072943833333367,9.84251366666667,2559.5207333333615,0.5345166666666668
1690,160.5765516666669,1.9209761666666476,10.174788500000032,9.943158833333268,2579.205966666717,0.5461833333333335
2070,161.02670499999985,1.9913909999999924,10.09957200000004,9.870627666666593,2542.0829000000267,0.5392666666666669
2015,160.55514500000007,1.947218833333321,10.079224166666686,9.85054199999992,2547.218933333365,0.5455166666666666
1156,158.51069,1.7682210000000054,0.0,9.148732666666717,2471.103833333367,0.6247333333333334
1126,158.62269499999994,1.7515791666666682,0.0,9.12655733333335,2474.5583666667158,0.61335
631,172.7613266666675,1.104130499999984,0.0,8.398365000000014,2619.157266666737,0.7206333333333332
1264,158.73016000000078,1.7542146666666734,0.0,9.186366000000005,2475.5269666666927,0.6142666666666667
656,155.72216833333366,1.6380873333333215,0.0,8.394730166666623,2376.2288666666827,0.6434833333333336
897,158.32635500000063,1.776183000000006,0.0,9.004132499999997,2446.2822666667403,0.5949499999999996
75,157.33142166666758,1.7397246666666646,0.0,8.657827500000005,2409.437000000034,0.64705
895,158.32975833333364,1.787221666666673,7.833333333333333e-06,9.003667500000008,2446.9797666666864,0.5926499999999998
1369,158.44915166666746,1.7439856666666713,0.0,9.18189066666671,2483.298366666683,0.61235
12,159.13514833333394,1.8158948333333333,0.0,8.981116666666612,2467.2288333333895,0.5842333333333335
1209,158.53451666666743,1.722893833333326,0.0,9.17699500000004,2496.263600000021,0.6094499999999999
832,158.25591999999943,1.7879375000000042,0.0,8.982820999999953,2442.038600000022,0.5916333333333331
1772,161.1751266666668,1.9849995000000022,10.073408333333356,9.84024383333331,2535.407766666727,0.5456333333333335
997,158.29839166666721,1.748513166666672,0.0,9.041850166666697,2462.409933333395,0.6366833333333334
999,158.2922666666668,1.7570498333333298,0.0,9.046100666666709,2465.472533333321,0.6309333333333332
2153,160.71014500000052,1.9443768333333233,10.159592666666692,9.930500833333356,2547.8180000000534,0.5550333333333332
1902,161.09020666666657,1.9930856666666639,9.360767333333381,9.849049166666578,2542.444733333353,0.5422499999999999
958,158.0220866666669,1.7145329999999892,0.0,9.040814000000049,2475.427133333358,0.6339166666666668
1283,158.63907166666652,1.7623936666666669,0.012233666666666665,9.182678666666726,2474.4293000000207,0.6131833333333334
406,172.84484833333437,1.141054999999986,0.023756500000000007,8.433526333333356,2620.6446000000765,0.7340333333333332
606,156.24117833333304,1.710103833333319,0.0,8.439787166666672,2369.5957666667096,0.65555
1942,160.47361166666596,1.903525999999984,10.082399166666693,9.850780333333322,2568.7062333333524,0.5393999999999999
1877,160.61619666666715,1.9442229999999963,10.100163000000014,9.867788999999933,2556.1392666666966,0.5498
1183,158.93726166666679,1.806375166666683,0.0,9.147267000000063,2467.9607000000096,0.6054999999999999
1040,158.7505783333329,1.7922580000000117,0.0,9.057436666666657,2457.670100000039,0.6183500000000002
1869,160.5879400000006,1.9562131666666582,10.076290333333354,9.845767499999983,2549.771633333388,0.5453333333333332
2124,160.9009616666671,1.9189389999999915,10.120501833333428,9.895912166666625,2548.7465000000634,0.5547166666666666
1895,161.211525,1.9929754999999865,10.087956000000023,9.856460833333236,2541.6928333333694,0.5341500000000001
852,158.29341833333288,1.796780000000006,0.07071083333333332,8.991832333333315,2447.130600000024,0.59755
2148,160.68229166666688,1.955688499999995,10.152138666666657,9.923594500000043,2550.66506666672,0.5443833333333336
268,156.42911999999922,1.6914596666666557,0.0,8.523136166666704,2405.285333333337,0.6638333333333332
378,172.65575666666834,1.1452198333333212,0.0,8.437836500000023,2631.267666666685,0.7483000000000001
1376,158.36008166666733,1.7235421666666546,0.0,9.174536666666757,2481.4642000000285,0.6074333333333333
517,172.65295000000154,1.0885923333333303,2.8499999999999998e-05,8.392331666666632,2617.524066666728,0.7239333333333334
732,156.39498166666627,1.7379714999999905,0.0,8.50137000000002,2380.354000000041,0.6351166666666669
1383,158.83838999999978,1.7505156666666752,0.008721833333333331,9.168689833333405,2471.623600000034,0.6111166666666665
189,157.00744333333336,1.7315374999999953,0.0,8.547238666666676,2397.552566666686,0.6539000000000001
392,173.07700500000087,1.120777666666653,0.009502833333333328,8.43606550000003,2622.1855000000237,0.7418999999999998
541,172.7643316666676,1.0793289999999909,0.0,8.376596833333272,2604.210633333364,0.7269333333333334
1983,160.70281833333362,1.930262333333323,10.054922666666654,9.825951333333284,2546.5782333333427,0.5442666666666668
2031,161.18615166666746,1.9922861666666676,10.07741183333337,9.84881449999997,2541.4546666667256,0.5449
1844,160.20171833333256,1.9092111666666567,10.058454499999993,9.82718866666666,2555.5714333334154,0.5546333333333332
2194,161.22756333333294,2.0018986666666674,10.204360166666643,9.972642166666613,2546.1621666666665,0.5533833333333333
739,157.05513833333205,1.745313000000001,0.04534349999999997,8.704006000000016,2410.4273666666427,0.5986500000000002
1617,161.05103499999922,2.0005646666666648,1.0898083333333324,9.965107333333295,2549.2677666666523,0.5615833333333334
495,155.50824333333398,1.594254833333331,0.0,8.417805333333341,2401.7621666666905,0.6463500000000001
1842,160.18044166666687,1.9264179999999802,10.06008083333334,9.82773266666664,2556.0484666666625,0.5447166666666667
1057,158.64125166666636,1.8028668333333413,0.0,9.055133166666653,2446.3658000000287,0.6107166666666666
1445,159.04227166666732,1.7974310000000104,0.0,9.147257833333386,2470.623600000036,0.5997833333333333
1266,158.75178000000108,1.754840000000001,0.0,9.18728466666664,2476.9331000000043,0.6141999999999999
1954,160.36131833333206,1.9120633333333141,10.073804666666664,9.845528333333293,2563.176900000037,0.5396833333333333
1061,158.66995666666745,1.807102500000017,0.0,9.06804833333333,2455.4535333333865,0.5996166666666666
197,156.98704833333224,1.7304719999999942,0.0,8.538506666666663,2396.1398666666873,0.6827000000000001
1140,158.51258833333418,1.7577813333333319,0.0,9.140876333333399,2473.61593333336,0.6168833333333333
1633,161.0456766666657,2.010083499999999,0.7440666666666681,9.962907333333275,2549.066100000028,0.5397166666666667
1968,160.25680833333314,1.9304461666666513,10.067180666666676,9.839254666666678,2553.8232666667227,0.5416166666666666
909,158.3542783333338,1.7868051666666749,0.0,9.002161000000038,2443.070700000045,0.6053666666666666
1345,158.60760666666812,1.7344058333333288,0.005009500000000002,9.187203333333288,2489.365133333369,0.6106666666666668
1534,161.0248499999987,2.011637499999996,1.1951995000000022,9.97294099999997,2545.7757333333607,0.5565166666666668
620,172.80112166666794,1.090457166666656,0.06196966666666668,8.416849000000028,2626.2159666667167,0.7355833333333336
708,156.41005000000035,1.7185558333333213,0.0,8.449396333333373,2375.368100000028,0.6529500000000004
2179,161.23832833333327,1.9947581666666663,10.16782966666665,9.938891666666592,2538.2068333333546,0.5563666666666667
412,172.84478833333407,1.1491919999999856,0.269842333333333,8.424783500000025,2619.0892000000313,0.7383000000000002
1971,160.19890666666672,1.922726166666659,10.06049950000001,9.83411483333332,2557.056066666725,0.5385500000000002
1541,161.03703166666574,1.9932383333333221,2.0850916666666524,9.962032333333303,2544.033100000037,0.5630999999999999
147,156.98807499999975,1.747516499999998,0.0,8.570708833333331,2399.447066666738,0.6645166666666669
1997,160.6708316666677,1.9304298333333227,10.058998333333369,9.830111833333275,2549.39266666673,0.5455333333333334
117,157.02942166666608,1.7290709999999936,0.0,8.592278999999971,2405.3337333333757,0.6534166666666668
1053,158.70407999999995,1.7976910000000141,0.0,9.056799666666668,2454.2961999999916,0.6178333333333333
137,156.9882399999997,1.741711166666662,0.0,8.578618166666628,2401.5688333333333,0.6552333333333332
622,173.2282333333351,1.0890378333333284,0.46087616666666675,8.404469166666644,2630.301500000043,0.7576499999999997
693,156.3565966666665,1.7098319999999942,0.0,8.40762033333334,2368.897133333365,0.6628333333333333
1106,158.0996916666675,1.729351833333326,0.0,9.11957383333335,2481.863633333389,0.6182166666666669
1635,161.0461816666656,2.007150333333337,1.3723873333333336,9.96804616666664,2548.5934666667285,0.5482166666666667
1268,158.75105666666795,1.7563761666666697,9.500000000000002e-06,9.187562499999984,2478.7978333333544,0.6125000000000003
845,158.30268499999985,1.782427333333345,0.0,8.993584833333282,2447.4335000000715,0.6026
1910,161.0082250000005,2.0092816666666717,1.0970676666666686,9.849929833333293,2542.881033333376,0.5374666666666668
1528,161.03445999999877,2.0125723333333294,0.05518383333333309,9.957683666666613,2540.174699999999,0.5629833333333334
2146,160.6942950000008,1.9401871666666566,10.15562583333337,9.926020833333421,2549.3606666666687,0.5544333333333333
1180,158.94530333333338,1.8044756666666752,0.0,9.144836333333364,2467.444600000038,0.5959666666666666
1823,160.31577500000006,1.9167754999999875,10.060635000000001,9.831204000000001,2557.456466666687,0.5425
1207,158.9505116666669,1.7975505000000043,0.0,9.16375183333339,2467.687966666693,0.6029666666666669
1722,160.9134016666676,1.936913499999982,10.137730333333375,9.904016833333273,2564.9943000000358,0.5393333333333332
2073,160.36759666666615,1.9218133333333238,10.0994661666667,9.872766333333347,2566.0930333333645,0.5426666666666669
1213,158.5507050000015,1.7208329999999907,0.0,9.188152833333355,2496.53583333332,0.6054999999999999
136,157.02330333333302,1.7425663333333292,0.0,8.580081499999949,2402.485433333384,0.6586666666666666
274,156.47508500000035,1.6937363333333177,0.0,8.52169733333336,2404.1918333333715,0.6532999999999999
808,158.21083333333328,1.7926680000000104,0.0,8.978320833333266,2443.83586666678,0.6047333333333335
1260,158.72752833333416,1.7533416666666726,0.0,9.177655666666709,2476.7194666667033,0.6189833333333337
457,156.33617833333244,1.7559458333333318,0.0,8.473860833333354,2387.738000000032,0.6332666666666668
1938,160.93036666666725,2.000267666666663,10.065404833333378,9.835942666666654,2537.3884333333763,0.5355000000000001
22,158.53252166666684,1.7913808333333363,0.0,8.833388333333271,2438.77120000002,0.6217333333333335
670,172.87886500000093,1.0956108333333177,0.000513,8.402254166666674,2608.1581666667025,0.7269333333333334
1321,158.97397166666673,1.8065548333333499,0.0,9.141526000000075,2463.825766666712,0.5992833333333337
1721,160.88914000000054,1.933088499999986,10.142361000000063,9.9083995,2567.7260666667175,0.5397166666666666
1677,160.71169166666635,1.915781666666654,10.082103666666653,9.942989666666614,2577.592633333366,0.5416833333333332
48,157.56483999999944,1.7140006666666558,0.0,8.707593500000007,2417.662566666704,0.6288333333333337
1118,158.56248666666642,1.7572766666666741,0.0,9.119511,2472.545866666701,0.6199333333333333
684,172.8371816666674,1.1228924999999867,0.0,8.404834333333312,2604.2223333333686,0.7221666666666666
249,156.35141666666627,1.6746866666666538,3.516666666666667e-05,8.516812333333382,2415.9507000000713,0.6626833333333332
487,172.77909500000058,1.0802288333333268,0.010461833333333328,8.435779500000008,2633.684200000041,0.7332666666666666
1826,160.3496016666661,1.9167359999999845,10.05876483333333,9.828291999999985,2556.954533333365,0.5434166666666667
1733,160.76856000000046,1.953235833333325,10.112842500000053,9.877989999999997,2552.133566666737,0.5432333333333335
1625,161.03876499999888,2.0099643333333335,0.8646078333333347,9.955895999999983,2544.5711666666975,0.5536166666666668
587,173.2782516666658,1.1127169999999875,0.01649816666666666,8.4104026666666,2598.8769000000434,0.7864500000000002
1453,159.0076700000003,1.7934078333333492,0.0,9.12613216666669,2468.6076000000603,0.5941333333333333
437,156.36827333333346,1.7502320000000007,0.0,8.457776999999982,2386.8972333333795,0.6569666666666668
910,158.34455500000004,1.7880325000000064,0.0,8.997276333333309,2441.126566666706,0.601533333333333
1263,158.72722666666778,1.761167000000007,0.0015825,9.188561333333357,2476.082200000022,0.6083500000000001
724,156.3282383333326,1.7241096666666547,0.0,8.482672499999989,2379.604233333377,0.6059500000000003
49,157.57419999999954,1.7126374999999914,0.0,8.703713333333342,2417.009200000045,0.6278166666666667
1006,158.22848833333387,1.7476536666666638,0.0,9.041279833333366,2458.5858666666672,0.6289166666666669
1636,161.03591333333281,2.0119371666666694,1.099144500000011,9.966959833333283,2547.3466333333668,0.5492
326,156.84191833333364,1.7628506666666766,0.0,8.494282666666724,2392.336866666703,0.654566666666667
1315,159.03540666666618,1.796045500000001,0.06959816666666664,9.14775416666671,2463.7559333333684,0.6057833333333333
1443,159.1109883333339,1.7969961666666756,0.0,9.147173833333374,2467.7839000000217,0.60325
1039,158.7536100000004,1.7882693333333433,0.0,9.050062000000016,2454.8380666666903,0.6194166666666666
558,155.9747833333343,1.6957023333333243,0.11202166666666684,8.372253666666607,2361.7472666667118,0.839066666666667
1681,160.69604999999981,1.9103439999999876,10.094425833333348,9.941777333333283,2577.218966666713,0.5609333333333334
1530,161.0168216666655,2.010661166666668,0.7992395000000037,9.967379499999945,2543.33900000006,0.56835
1425,159.2377000000006,1.791138500000008,0.06267783333333328,9.142119666666678,2457.473233333346,0.6123833333333334
1919,161.00848833333373,1.9991596666666616,8.31861116666665,9.838058499999986,2544.0956333333716,0.5421833333333335
1316,159.0260249999999,1.79804733333334,0.0,9.14321400000004,2464.6875000000036,0.6022499999999997
1432,159.23172833333405,1.7881435000000125,0.009118999999999995,9.130031833333396,2458.5735000000113,0.6016166666666668
1658,161.04737333333262,2.013137166666677,9.274010666666618,9.928926333333337,2541.361866666686,0.5541
2197,161.23561166666704,2.0005343333333347,10.205982166666683,9.97708716666659,2547.4347666666713,0.5500666666666667
747,157.49885833333477,1.758215333333339,0.0,8.846234833333284,2422.9125333333786,0.5929833333333334
990,158.35823166666697,1.7392374999999984,0.0,9.042737833333325,2461.8216333333376,0.6372666666666663
818,158.23199666666588,1.7958321666666794,0.0,8.988496666666618,2448.157066666699,0.5981166666666666
1673,161.1304450000002,2.006188000000005,10.166180500000033,9.93982266666659,2551.5821666667257,0.5506333333333332
888,158.33844833333336,1.7843196666666705,0.0,8.986290999999948,2447.3881666667176,0.60935
1904,161.12974666666727,1.9966980000000034,1.3806190000000012,9.850286833333305,2542.5290666667233,0.5428166666666667
291,156.39994833333373,1.6968753333333215,0.0,8.51057966666672,2402.66873333334,0.6572333333333329
734,156.62058999999985,1.7347195000000002,0.0,8.55011349999997,2390.7926000000284,0.6125500000000001
1257,158.80965666666742,1.7444865000000083,0.0,9.168829166666713,2472.8975333333815,0.6206333333333335
1784,161.06345166666617,1.9991598333333325,10.059371166666672,9.83442399999995,2538.2729666667287,0.5432166666666668
292,156.82731333333302,1.7540234999999957,0.012581666666666668,8.514288333333388,2395.166766666688,0.6790666666666664
461,156.35541166666607,1.7661585000000033,0.0,8.47717300000001,2390.8684000000326,0.6352166666666663
441,156.44085833333304,1.7521414999999991,0.0,8.46348266666669,2387.9448000000257,0.6655000000000001
332,156.8625683333342,1.7523063333333384,0.0,8.504576000000045,2397.5996000000173,0.6465500000000001
240,156.1405383333331,1.6302041666666607,0.0,8.529633166666652,2415.572766666688,0.6481999999999998
1543,161.0239149999999,2.0027459999999935,1.9037299999999937,9.961176833333301,2543.857366666729,0.5592999999999999
1845,160.203954999999,1.9211984999999863,10.063214000000013,9.830042499999944,2556.8390666666846,0.5544166666666666
1307,159.1123183333326,1.8086251666666766,0.0,9.147604666666698,2460.7153666667346,0.6166166666666666
229,156.2233699999996,1.6447154999999847,0.0,8.534127666666667,2420.4797666666923,0.6621333333333331
837,158.27894833333332,1.7971613333333387,0.0,8.995119166666667,2447.737866666662,0.6017166666666666
2123,160.885735,1.9306159999999932,10.129108666666749,9.90483833333332,2551.2250000000613,0.5484999999999999
802,158.17137333333338,1.780506333333339,0.0,8.964155333333307,2443.11466666666,0.6224499999999998
188,157.0485549999993,1.7337076666666584,0.0,8.54689266666667,2396.835933333358,0.6744666666666663
992,158.36722499999996,1.7356228333333323,0.0,9.042022833333382,2465.400000000011,0.6369333333333331
797,158.17347166666696,1.7851396666666748,0.0,8.969364499999976,2442.1566666666486,0.5993999999999999
810,158.23758166666676,1.79778383333334,0.0,8.987284166666631,2450.2304666666732,0.5932
92,157.19572166666683,1.718956499999988,0.0,8.630644000000048,2411.2940666667005,0.6479999999999999
227,156.24249833333275,1.6434956666666516,0.0,8.532600666666644,2418.295033333352,0.6673333333333332
66,157.43817333333368,1.7257039999999981,0.0,8.68352883333338,2410.0885000000335,0.6401500000000001
857,158.31059333333326,1.7864260000000047,0.0,8.988944833333257,2444.337200000034,0.6051999999999998
1887,160.58899833333427,1.9543018333333249,10.09974200000008,9.869232999999962,2552.441300000078,0.5386666666666667
1893,161.20174833333397,1.9964606666666618,10.095969166666713,9.861509166666632,2543.1726666666896,0.5368166666666666
1873,160.61396000000155,1.9636629999999933,10.08877050000004,9.855835333333257,2554.0056666666515,0.5449333333333334
297,157.0783316666675,1.751415,0.0,8.495465166666682,2394.7740333333477,0.6848833333333334
1503,160.9872466666649,2.001538666666664,0.6552301666666631,9.970238833333262,2545.0030333333275,0.5625499999999999
52,157.53197166666655,1.7172071666666622,0.0,8.698417333333332,2416.2641333333722,0.6257000000000001
653,173.00404833333445,1.1058019999999864,0.0,8.390066333333312,2607.4236333333524,0.7264333333333334
1194,158.90703166666688,1.802042666666671,0.0,9.143298500000016,2466.4725333333654,0.6014666666666666
521,172.89179500000114,1.0835036666666553,0.0,8.391467333333344,2617.073599999986,0.7181333333333334
1811,160.4524866666668,1.9041273333333195,10.077206,9.845580999999976,2561.4791333333897,0.5463333333333334
492,172.77978833333432,1.073611333333331,0.0,8.423129833333373,2633.54910000003,0.7267499999999998
228,156.23889333333352,1.6405819999999873,0.0,8.536003666666662,2419.1021333333606,0.6635833333333334
341,156.80404500000157,1.7678181666666726,7.15e-05,8.518084500000079,2396.954000000042,0.6692500000000001
287,156.3997299999998,1.6914456666666513,0.0,8.514567500000013,2404.6412000000178,0.6418666666666665
208,157.00426333333328,1.7416430000000012,0.0,8.528091333333307,2400.4905666666814,0.6602833333333334
388,180.70273000000168,0.8987339999999882,0.0,8.434430666666673,2722.540900000045,0.7390833333333331
765,157.94868166666652,1.7713258333333408,0.0,8.927768000000075,2436.307066666688,0.6027500000000001
967,157.9014533333322,1.7212399999999994,0.0,9.02701349999998,2467.500966666697,0.6284666666666666
238,156.18933499999966,1.6368433333333154,0.0,8.533061166666641,2415.542233333359,0.65965
2120,160.90893000000037,1.9308256666666475,10.124582333333393,9.900447833333285,2553.311900000014,0.5484333333333334
831,158.25427999999957,1.7943296666666728,0.0,8.980619666666625,2442.1533666666937,0.5904999999999999
1286,158.6446449999999,1.7560543333333392,0.0,9.183144500000024,2475.4960000000024,0.6146500000000003
1313,159.06336333333306,1.8027965000000064,0.00010083333333333334,9.153955833333349,2463.188333333339,0.6099500000000001
318,156.80032000000097,1.7520118333333303,0.0,8.47672883333334,2392.2225000000153,0.6519333333333335
493,172.80057333333434,1.0735224999999948,0.0,8.420374000000038,2633.7169000000167,0.7149166666666671
104,157.11286666666612,1.7426335000000002,0.0,8.608500166666627,2404.583800000056,0.6481499999999999
935,158.49673166666736,1.7914840000000076,0.0,9.012317500000021,2451.604900000025,0.6226833333333331
1099,158.13217833333394,1.7370094999999974,0.0,9.119122666666685,2486.3681000000383,0.5893833333333333
1626,161.04466833333245,2.0014433333333286,1.4759501666666686,9.957794166666622,2544.5033333333836,0.5554666666666666
1597,161.02639833333254,2.003625666666669,0.000126,9.946698999999953,2541.043900000033,0.5618166666666667
1941,160.4717916666666,1.9073829999999823,10.0799451666667,9.847249999999887,2567.4885666667287,0.5319333333333333
293,157.10271500000073,1.7451360000000014,0.010901499999999996,8.512391833333387,2397.7553666666713,0.6670666666666665
789,158.17693999999995,1.7863518333333408,0.0,8.970625833333303,2447.1280999999917,0.5973333333333333
230,156.22022833333267,1.6430069999999857,0.0,8.532500166666674,2418.6324333333373,0.6585833333333332
2132,160.84041000000144,1.9267813333333144,10.139583666666702,9.911873166666693,2551.265400000056,0.5514500000000001
485,172.98980166666777,1.074862499999995,0.0,8.43939816666669,2635.5107000000385,0.7384166666666665
1271,158.68239500000044,1.7528968333333366,0.0,9.189753000000005,2480.4234000000397,0.6162666666666667
971,157.90082666666586,1.7154219999999905,0.0,9.023155333333312,2466.177266666683,0.6319166666666667
1962,160.3037499999999,1.922815499999984,10.071171000000051,9.842759833333265,2556.1069666666654,0.5437500000000003
1060,158.67059833333275,1.8047160000000095,0.0,9.064960999999972,2454.4596666667057,0.6052833333333335
29,157.95073500000058,1.7349649999999892,0.0,8.778931666666729,2425.8440333333606,0.6339666666666663
56,157.50518166666652,1.729341999999994,0.0,8.694655166666706,2413.122133333363,0.6404833333333336
531,166.6482733333343,1.2610774999999912,0.0,8.403857166666647,2540.0595666666513,0.6883666666666668
580,156.13519833333385,1.6764381666666568,0.0,8.408294833333295,2367.220166666699,0.6583500000000003
1799,160.89263666666676,1.9848651666666584,10.067268166666706,9.83569366666665,2535.228600000052,0.5523166666666666
2046,161.0271450000007,1.9919441666666646,10.076841666666672,9.847605666666592,2537.07370000001,0.5481833333333334
2079,160.58985499999972,1.8995729999999842,10.120176833333383,9.89234850000003,2565.7992333333623,0.5470833333333334
282,156.37770833333263,1.6852698333333174,0.0,8.517776500000021,2405.7598333333763,0.6553999999999998
2199,161.2353733333329,1.994049500000004,10.205390333333346,9.976495499999938,2547.040400000037,0.5515166666666668
1829,160.2362233333331,1.9227733333333208,10.0594795,9.83026599999997,2556.777300000028,0.5470166666666665
1830,160.20745166666669,1.926231833333321,10.058452500000007,9.829568499999992,2555.27363333337,0.5544500000000003
981,157.8661083333327,1.7371309999999898,0.0,9.03096149999998,2471.597766666699,0.6224000000000002
1613,161.03634499999882,1.9946846666666647,0.0015868333333333338,9.957676166666603,2547.0689666667117,0.5582666666666667
306,156.9581483333343,1.7496096666666738,0.0,8.484778000000036,2394.792200000029,0.6651166666666667
1108,158.13056500000135,1.7314376666666589,0.0,9.12243133333336,2486.1884000000455,0.6107833333333335
1931,160.92460833333342,1.9960774999999928,10.063095333333377,9.832832333333306,2539.6926333333463,0.5391666666666668
786,158.13119833333369,1.7762285000000018,0.0,8.966658833333296,2447.0367999999817,0.5970833333333333
1524,161.02912666666552,2.010691000000003,1.0604968333333407,9.95797616666661,2541.793533333361,0.5648833333333332
931,158.37652999999978,1.7761636666666718,0.0,9.004621833333339,2445.0732666667263,0.6182666666666667
182,157.07725833333242,1.7426821666666614,0.0,8.546519500000016,2392.951833333361,0.6650833333333334
1093,158.2400983333337,1.7335278333333248,0.0,9.11580783333334,2483.4189000000365,0.6149000000000001
2195,161.20731666666674,2.0027903333333357,10.201999000000022,9.971289499999925,2546.288766666638,0.5504166666666667
370,180.41329333333474,0.8856464999999859,0.0,8.460379999999988,2736.731299999992,0.7789500000000003
735,156.74108000000078,1.7399178333333352,0.0,8.586954999999989,2395.207333333374,0.6044833333333332
1468,159.87006333333426,1.9181434999999907,1.3509080000000038,9.619864,2504.2167666667065,0.5987499999999998
1509,161.0024849999992,2.007921500000005,0.39036599999999916,9.964570666666614,2543.640700000021,0.5623666666666666
1452,159.03846166666662,1.802707833333344,0.0,9.134017833333395,2470.4134333333545,0.5996000000000001
233,156.12345499999998,1.6512038333333148,0.0,8.533257166666674,2414.8834000000425,0.6581166666666668
600,156.18277666666555,1.7168609999999913,0.0,8.420795833333376,2371.3807666666926,0.6643666666666665
1504,160.99958833333235,2.0102350000000055,1.5758086666666635,9.970128166666598,2546.0051666666877,0.5624500000000001
721,156.38953666666634,1.721077333333324,0.0,8.477167499999979,2379.6531666667083,0.61875
1350,158.598768333335,1.7391011666666627,0.0,9.179873333333322,2488.469666666666,0.6024333333333333
1876,160.61994666666797,1.9514754999999875,10.095140000000052,9.859062333333286,2553.230833333367,0.5421833333333334
595,156.08928833333263,1.7220834999999937,0.0,8.41460116666666,2364.6069333333994,0.6697666666666666
924,158.37679166666734,1.7903028333333442,0.0,9.005293333333334,2445.0355333333414,0.6233666666666672
280,156.4665883333328,1.6947776666666499,0.0,8.518111666666723,2406.156966666671,0.6571833333333333
1037,158.78103333333286,1.7861823333333477,0.0,9.052148666666735,2455.961266666697,0.62445
1334,158.9936900000007,1.805060333333341,0.0,9.152533333333347,2465.857300000027,0.6054
77,157.31208500000105,1.7268189999999912,0.0,8.6530775,2406.848433333363,0.6415
597,156.1625616666659,1.7219768333333256,0.0,8.41524500000002,2366.3110000000215,0.7094833333333334
184,157.008021666666,1.7283693333333325,0.0,8.54338050000003,2394.655900000045,0.6620166666666664
781,158.1294449999995,1.7838358333333424,0.0,8.96629533333333,2445.6290666666537,0.6001333333333334
1142,158.49394666666743,1.7644138333333397,0.0,9.142429000000062,2473.4456666666874,0.62025
2076,160.58285333333387,1.9016934999999813,10.112424333333406,9.886079666666673,2566.6323666667145,0.5486500000000001
1092,158.22081833333425,1.7286883333333256,0.0,9.113477499999952,2483.6656666667136,0.61425
1765,161.25995499999985,1.9947765000000022,10.08296733333337,9.851362499999949,2538.776200000068,0.5480833333333331
1849,160.71621000000064,1.930820499999986,10.067950666666674,9.835279333333299,2551.2176333333423,0.5589166666666667
1790,160.99546999999973,1.9959318333333338,10.056639833333346,9.828382,2532.305966666711,0.5503833333333332
496,172.77171500000102,1.0683131666666663,0.0,8.416153666666704,2633.8482333333714,0.7102333333333332
1843,160.1872016666664,1.9205979999999836,10.059057999999993,9.828609166666629,2556.7776333333913,0.548316666666667
60,157.4700050000009,1.7252293333333213,0.0,8.69053633333334,2411.981166666717,0.6322666666666666
108,157.0745366666662,1.7325513333333262,0.0,8.604690499999952,2401.597500000029,0.6511666666666668
342,156.85332166666777,1.7610086666666718,0.2547936666666665,8.516541333333384,2398.104866666695,0.6491166666666663
1361,158.5176650000018,1.7360938333333318,0.0,9.171196166666755,2485.220499999933,0.6220666666666669
904,158.3487316666669,1.7854418333333397,0.0,8.992339999999993,2438.655700000029,0.6071833333333333
258,156.5375899999997,1.6863371666666505,0.0,8.51970833333336,2407.6992666667165,0.6579666666666666
1742,160.68377499999997,1.9573309999999935,10.112138833333374,9.878366500000013,2550.7824333333833,0.5469166666666666
1857,160.72864500000094,1.9461651666666604,10.066736666666708,9.835265666666656,2552.8470666667026,0.5577
1754,160.6211333333339,1.948233999999991,10.104058500000045,9.873351666666625,2548.8872000000533,0.5536666666666666
1185,158.95622833333354,1.7975633333333478,0.0,9.140303500000035,2469.068366666682,0.6117666666666668
1934,160.923111666667,1.999821166666668,10.073707666666674,9.841080666666677,2542.893733333354,0.5371666666666666
1901,161.09026333333384,2.0057555000000002,10.082071833333352,9.849883666666583,2541.3871333333723,0.53185
1621,161.0503383333323,1.9977428333333334,3.172609333333337,9.951968999999936,2543.856966666691,0.5543666666666666
9,159.43799666666678,1.8410633333333353,0.0,9.104831499999985,2480.434866666682,0.5716833333333334
1302,159.10435833333287,1.7994286666666752,0.0,9.153352166666672,2464.2783666667056,0.6165999999999998
1630,161.04001166666555,2.0027306666666744,0.816541000000001,9.96483966666664,2547.8646000000313,0.5496666666666667
2054,160.98948833333353,2.0046373333333296,10.080574500000031,9.853972666666586,2539.2465666667144,0.54145
2152,160.68321166666655,1.9428134999999804,10.159398166666637,9.92979833333329,2548.4133000000575,0.5529833333333333
979,157.8663099999996,1.7343253333333277,0.0,9.020584500000028,2466.3944333333725,0.6250666666666668
2093,160.51706499999958,1.902673666666651,10.122217333333396,9.892368166666653,2562.610200000042,0.5477333333333333
1337,158.97725333333358,1.8087506666666775,0.10506333333333331,9.142622333333382,2456.44490000003,0.6062499999999998
1003,158.2787383333336,1.7381325000000034,0.0,9.03984733333334,2460.3278666666974,0.6249333333333333
58,157.4809050000001,1.7237744999999907,0.0,8.693600000000007,2411.0018666666897,0.6441999999999998
25,158.33628166666787,1.73889516666666,0.0,8.799729000000017,2434.6056000000435,0.6361166666666666
210,156.39146166666637,1.6591056666666504,0.0,8.527790333333343,2427.4003000000375,0.6482666666666668
1590,161.03431999999907,2.005750000000005,0.2342919999999999,9.942879499999911,2541.8808000000636,0.5594499999999999
2063,160.95962833333354,1.9935251666666716,10.087750500000038,9.858686333333255,2543.0021333333625,0.5502833333333332
1664,161.16038166666695,2.014937333333336,9.64717283333325,9.936411333333243,2555.559966666687,0.5376999999999998
1848,160.50386666666762,1.9485078333333226,10.07023883333335,9.83826750000003,2549.1041333333756,0.5519666666666668
1251,158.79360333333423,1.7514521666666711,0.0,9.175267833333347,2479.0175000000113,0.6167833333333331
2165,161.39620666666582,1.9769380000000019,10.173159999999992,9.942083666666617,2546.271266666635,0.5537500000000001
1674,160.48119333333293,1.9395869999999853,9.842210499999922,9.940762666666624,2578.00813333335,0.5482500000000001
1225,158.46463333333426,1.7270439999999974,0.0,9.18514883333338,2493.9643333333697,0.6204333333333333
1414,158.64531166666603,1.7653490000000045,0.15618633333333337,9.154523833333348,2467.70536666669,0.6064000000000003
709,156.41714833333253,1.7092998333333314,0.0,8.4524055,2374.957566666743,0.6324000000000001
723,156.35408666666612,1.724477833333333,0.0,8.481485499999991,2380.678866666691,0.6273000000000001
375,172.66841333333485,1.1466566666666569,0.0,8.446448333333349,2634.619533333385,0.7519000000000002
903,158.33676500000004,1.7959120000000057,0.0,8.988547166666601,2441.738933333377,0.6098999999999998
196,157.00610999999975,1.7361873333333235,0.0,8.538698666666688,2399.5989666666865,0.6707999999999998
1892,161.1967316666669,1.997016833333339,10.09771816666666,9.865568499999972,2544.9561666667432,0.5397833333333332
1477,160.5675016666679,1.979637333333318,0.3731253333333326,9.846214999999951,2534.384433333337,0.5690833333333333
1913,161.02566833333418,2.0025268333333357,2.9426611666666536,9.844395833333294,2541.6662666666507,0.5334833333333335
1972,160.18959666666666,1.9302623333333104,10.057210333333352,9.831073833333344,2555.6648000000437,0.5430833333333334
125,156.99448833333292,1.7333918333333354,0.0,8.585156833333315,2400.496633333361,0.6518666666666666
1056,158.65687833333283,1.7972590000000108,0.0,9.055852666666674,2447.3605000000584,0.6092500000000002
1650,161.03213333333247,1.997414666666674,0.7066199999999982,9.949000666666606,2545.0716333333467,0.5575499999999999
1981,160.47127666666682,1.9508286666666497,10.052727333333339,9.82397750000003,2543.7473000000605,0.5410833333333335
170,157.12004166666574,1.7410641666666622,0.0,8.559046499999988,2400.6018000000017,0.6696000000000001
1068,158.61272499999947,1.8049478333333455,0.0,9.071619666666644,2458.9563666666813,0.6072333333333334
468,156.55212166666612,1.74241783333333,0.0,8.47122350000002,2392.2572666667406,0.6459500000000001
2033,161.09764000000072,2.0060063333333336,10.080181333333366,9.849745333333264,2540.5399666667254,0.5519000000000001
183,156.98540499999888,1.7416619999999958,0.0,8.544566500000007,2393.108633333348,0.6640333333333331
55,157.54221166666616,1.7315649999999945,0.0,8.696124333333298,2415.1581333333625,0.6352000000000001
477,173.06780666666762,1.108876666666657,0.0,8.477328666666688,2643.4023000000234,0.7332833333333334
298,157.071503333334,1.739255333333336,0.0,8.490580166666671,2394.215433333361,0.6790499999999997
1105,158.16008833333385,1.7304566666666552,0.0,9.11715466666666,2480.7054000000385,0.6188833333333335
217,156.80132666666705,1.6411494999999934,0.0,8.536730666666681,2428.288933333356,0.6597666666666664
783,158.11738000000022,1.784334833333344,0.0,8.970650666666646,2445.766433333329,0.6028000000000002
1963,160.30730333333298,1.9301968333333226,10.07502033333338,9.84622916666657,2560.6328999999905,0.5369166666666668
15,158.8642400000003,1.8023994999999984,0.0,8.890655333333408,2459.5113666667007,0.5823666666666666
1412,158.68332333333308,1.7624561666666683,0.006271833333333336,9.16025633333339,2467.659400000021,0.6136166666666668
914,158.36944000000085,1.789080833333347,0.0,8.998550499999991,2442.1399333333256,0.6161333333333334
1899,161.18679333333375,1.9997854999999993,10.085573500000018,9.853016999999936,2542.3769000000293,0.5337333333333336
1121,158.5979650000001,1.7519056666666672,0.0,9.113320000000025,2466.1657666667015,0.6264833333333336
498,172.72151166666742,1.089325666666654,0.0,8.417839666666683,2633.517200000038,0.7266666666666667
650,172.70636500000052,1.1019379999999828,0.0,8.395145499999998,2604.717166666698,0.7338000000000001
603,156.21014499999936,1.7133599999999876,9.533333333333334e-05,8.428932166666685,2369.9707333333913,0.6504000000000002
1349,158.58670166666815,1.742256666666669,0.0,9.181470166666656,2488.63683333334,0.6073166666666666
275,156.47464666666696,1.6910926666666544,0.0,8.519653166666696,2405.477500000068,0.6561833333333331
720,156.38537999999932,1.7171069999999868,0.0,8.473954333333367,2378.1141333333703,0.6238499999999997
1948,160.49212333333278,1.910307499999988,10.085908166666677,9.85546783333328,2565.9152666667137,0.5392166666666667
982,157.886551666666,1.7270041666666585,0.0,9.030977499999986,2471.505766666704,0.6243500000000002
2126,160.8171983333335,1.930397499999984,10.123190000000056,9.896838999999948,2547.960800000079,0.55345
1540,161.02846499999873,2.0084831666666707,1.9221035000000033,9.96927016666658,2543.436900000054,0.5648
630,155.45522666666702,1.6259288333333257,0.0,8.398763166666646,2385.3296666667,0.6493166666666667
1217,158.54659833333483,1.7271439999999951,0.0,9.188346166666651,2495.4629333333723,0.6083833333333335
1083,158.29372833333332,1.7225906666666593,0.0,9.113887666666662,2487.330300000021,0.6144000000000001
850,158.30114666666617,1.7924115000000032,0.0,8.994200333333318,2447.635133333399,0.6043833333333332
1653,161.04794499999926,2.008050333333337,0.7859359999999982,9.937680999999897,2542.090533333396,0.5627
725,156.33472666666614,1.7306144999999908,4.3333333333333334e-05,8.483035333333317,2380.6231666666927,0.6277666666666667
787,158.14437833333363,1.7849773333333363,0.0,8.966373499999968,2446.764633333325,0.6016333333333332
155,156.95256999999967,1.725325833333334,0.0,8.569051999999957,2401.126266666703,0.6593
2034,161.10007166666682,2.0048661666666776,10.076358666666698,9.846001999999919,2540.7224333333675,0.5482833333333332
1684,160.66795666666658,1.9076913333333207,10.174320333333315,9.943510166666595,2579.5230666666566,0.5507666666666665
107,157.0805033333325,1.7350576666666684,0.0,8.60426133333327,2402.313700000039,0.6388833333333334
1929,160.92297833333342,2.000682666666663,10.062112666666673,9.83118766666661,2537.712766666709,0.5373166666666667
1860,160.62675333333377,1.949117333333328,10.06994100000002,9.840374499999959,2552.4742666666966,0.5515666666666665
1090,158.22178666666744,1.727976499999994,0.0,9.118269500000004,2486.3469000000396,0.6150000000000001
1157,158.89958833333395,1.8108031666666686,0.0,9.143989000000044,2461.5386666666986,0.6222999999999999
1172,159.0112683333336,1.8084393333333357,0.0,9.136537000000043,2470.8576000000166,0.6110666666666666
31,157.9004283333332,1.7334390000000013,0.0,8.763220000000079,2424.278466666699,0.6265999999999999
417,155.64172833333276,1.682527166666653,0.0,8.425122333333366,2387.986066666705,0.6527499999999998
2060,160.95728000000074,2.0053160000000028,10.07696983333338,9.84998549999991,2537.3739000000387,0.5404166666666665
605,156.24250333333313,1.712648499999989,0.0,8.435773833333394,2370.2159666666716,0.6571
1662,161.01685499999843,2.0125570000000046,9.582189333333389,9.926795166666697,2545.035366666682,0.5383
285,156.40939666666637,1.684817499999984,0.0,8.512464666666697,2406.052433333398,0.6548833333333332
1078,158.31355000000073,1.7276736666666666,0.0,9.10549649999997,2485.115733333363,0.6126333333333333
2105,160.38795499999958,1.9211399999999819,10.126771166666742,9.900268166666576,2562.793066666709,0.5453166666666666
599,156.148141666667,1.7228476666666583,0.0,8.418392666666676,2370.3233000000505,0.7175333333333335
1171,159.00586333333325,1.8069633333333408,0.0,9.140111500000065,2470.187233333364,0.6137833333333337
1638,161.05984333333222,1.995850499999997,2.6633643333333326,9.962793166666644,2547.4671333333545,0.5471166666666668
2186,161.2058533333324,1.993402833333332,10.190874499999987,9.958827833333366,2542.2990333333096,0.5474833333333334
794,158.15729166666762,1.7852878333333413,0.0,8.96391599999995,2442.2478333333856,0.6037499999999998
1436,159.12482500000004,1.796747000000016,0.0,9.103273666666611,2452.3017000000295,0.6142666666666667
2143,160.73221500000065,1.9395683333333196,10.150458333333383,9.921120333333365,2551.615233333368,0.5506333333333333
744,157.36389666666673,1.7570500000000029,0.0,8.80633316666665,2420.1747666667106,0.5951000000000001
1561,161.01504166666592,2.0124939999999976,1.1717778333333315,9.959276500000016,2545.6020666666936,0.5611333333333332
7,159.61445166666644,1.8748941666666623,0.0,9.194159166666767,2489.421533333364,0.5720000000000002
861,158.32883666666683,1.7865645000000123,0.0,9.002566666666626,2449.0202000000563,0.6031166666666666
975,157.87248666666602,1.7365933333333323,0.0,9.025096833333329,2464.911666666697,0.6283833333333333
67,157.4143650000007,1.7253839999999965,0.0,8.682046333333377,2410.5500000000284,0.6389000000000001
1676,160.71197000000006,1.9173946666666501,9.625431166666711,9.941409999999914,2577.7545000000728,0.5499999999999999
1648,161.03598499999922,1.998763500000008,0.49840433333333445,9.948349333333288,2543.8055333333787,0.5567666666666667
51,157.54615833333372,1.7225358333333196,0.0,8.695814333333324,2415.6082333333397,0.6599
1632,161.02900833333211,2.004001666666668,0.5584163333333297,9.959494999999993,2547.7676666667085,0.5436666666666666
941,158.5038833333337,1.7838656666666683,0.0,9.002119666666667,2446.365433333365,0.6058833333333332
675,172.9419616666672,1.109384333333326,0.5394875,8.396338333333311,2608.335500000069,0.7051999999999999
581,156.1594083333334,1.6932754999999837,0.0,8.411395999999993,2369.848566666653,0.6530333333333331
811,158.2257616666673,1.7952585000000056,0.0,8.983027166666634,2446.92100000005,0.5897333333333332
371,173.25931166666794,1.1304838333333236,0.0014383333333333336,8.449528833333352,2645.469866666699,0.7807666666666669
574,173.323741666666,1.1175921666666522,0.0,8.401152833333315,2597.4379666667087,0.7743500000000003
1502,160.98787833333162,1.996320666666666,1.541660833333334,9.970615833333257,2545.726366666663,0.5628999999999996
176,157.0622966666659,1.725429499999987,0.0,8.553301166666678,2398.6621666667,0.6675833333333333
338,156.8558216666679,1.7583705000000027,0.092904,8.518978666666735,2398.69960000003,0.6493333333333331
1782,161.03752666666654,1.9999923333333325,10.062545166666668,9.835198333333333,2538.85890000001,0.5571166666666664
0,160.67349166666625,1.9914753333333262,0.0,9.842169500000013,2538.929166666707,0.5769500000000001
1555,161.01313833333214,2.0005163333333362,3.3872333333333313,9.961696999999978,2544.968366666684,0.5619
329,156.85250833333387,1.7614510000000076,0.014801166666666674,8.503141833333396,2395.6920333333874,0.6717333333333334
1834,160.20564833333347,1.9320439999999897,10.059058500000008,9.828534666666636,2557.6707666667353,0.5369166666666666
509,172.56007500000152,1.0651200000000003,0.004572666666666666,8.396374833333335,2629.08700000004,0.7141666666666665
930,158.37523500000037,1.7758840000000016,0.0,9.002059666666675,2444.9181999999687,0.6241
1933,160.93701500000026,2.0023828333333333,10.070999000000025,9.840205999999972,2539.7588666666766,0.5320499999999999
970,157.9037266666666,1.7139943333333199,0.0,9.029235,2466.1626666667034,0.6260333333333333
1471,160.17366500000023,1.9505293333333278,0.5117693333333363,9.730343166666549,2518.2419000000273,0.5807166666666668
1168,159.02582833333352,1.798103666666678,0.0,9.147231666666704,2471.334066666696,0.6057333333333333
1462,158.96144833333332,1.8013255000000172,0.0,9.105906999999986,2460.092333333368,0.6003999999999998
1325,158.97132666666715,1.8052301666666783,0.0,9.136993000000023,2458.633500000025,0.6163166666666663
1214,158.55263666666735,1.723696500000005,0.0,9.191195833333342,2495.8307000000323,0.6117666666666667
128,157.26307000000017,1.7304936666666548,0.0,8.581426666666616,2405.6147000000215,0.6535499999999999
368,172.77921500000136,1.1404203333333194,0.0,8.468371000000047,2635.0318000000298,0.7449999999999999
433,156.43158833333308,1.7382326666666703,0.00022833333333333334,8.445211333333344,2389.9023333333903,0.6765166666666667
1779,161.06916666666666,2.007116166666662,10.072859166666722,9.842048999999966,2540.2795666667134,0.5468833333333334
1731,160.77103166666726,1.9355123333333204,10.112826500000072,9.880725833333365,2553.740300000027,0.5428333333333334
1258,158.84497666666724,1.7475868333333402,5.783333333333334e-05,9.17381966666667,2476.8755333333606,0.6161166666666664
879,158.33811500000053,1.7777558333333423,0.0,9.010059833333326,2449.8522333332967,0.6026166666666666
1109,158.11796000000058,1.73077616666666,0.0,9.127472833333336,2486.597133333362,0.6075666666666668
1539,161.02448499999872,2.0068216666666707,1.8754479999999902,9.968304333333318,2544.223633333371,0.5666166666666669
795,158.16341000000025,1.7888696666666752,0.0,8.964210166666659,2443.429966666707,0.6016
1469,159.99435833333317,1.9283298333333223,0.8024150000000027,9.672179333333311,2514.3439666666854,0.5940999999999997
1427,159.2421750000009,1.7966240000000107,0.0,9.138579666666685,2459.263500000033,0.6154833333333335
858,158.30985500000045,1.7909968333333408,0.0,8.988375999999956,2443.1750000000234,0.5992000000000002
505,172.58757500000175,1.0644614999999962,0.0036954999999999987,8.399003833333328,2629.4456000000337,0.7235666666666666
991,158.36140166666675,1.7435359999999964,0.0,9.045657333333361,2465.1826000000015,0.6362
1488,160.87463499999976,1.9941886666666697,0.45788766666666403,9.946211166666629,2548.252100000036,0.5611166666666665
1177,158.99888499999952,1.7995390000000124,0.0,9.144155500000055,2471.5871000000684,0.60715
525,172.95289833333464,1.0828604999999925,0.0,8.39107883333333,2619.2062999999525,0.7169000000000003
1005,158.2493016666672,1.7410676666666665,0.0,9.037270000000019,2462.733700000023,0.6119833333333334
870,158.3221749999999,1.7796086666666737,0.0,9.009698833333347,2455.1165000000387,0.6010500000000001
216,156.5520649999996,1.6454979999999984,0.0,8.539968666666683,2423.7161000000315,0.6820500000000002
738,156.97032833333355,1.746043500000005,0.0,8.679667333333336,2406.4545666666445,0.6026999999999999
963,157.92189833333282,1.722248999999981,0.0,9.037546000000019,2472.4390333333417,0.626683333333333
1951,160.3965266666656,1.9105634999999865,10.08070400000003,9.850304999999926,2560.84693333341,0.5384333333333333
1922,160.94072833333394,1.9974311666666642,8.858172000000044,9.831872833333293,2540.081466666696,0.5325166666666665
2144,160.74044666666686,1.9358218333333213,10.14423950000004,9.914310499999957,2550.696400000027,0.5431166666666668
869,158.32785333333285,1.7825930000000099,0.0,9.009510666666678,2453.2659333333527,0.5943666666666666
1945,160.4776033333332,1.9147671666666508,10.090154666666658,9.859378333333215,2565.5814666666915,0.5350333333333334
410,172.8390100000009,1.148201999999989,0.044163166666666684,8.42762500000002,2621.1359333333735,0.7271333333333333
2172,161.32824999999943,1.9917288333333338,10.171394500000046,9.940836333333245,2543.0850000000737,0.5471166666666668
615,173.0044866666673,1.0973249999999897,0.0,8.432986833333345,2625.7217333333624,0.7378166666666666
484,173.44945666666766,1.0701024999999944,0.02275333333333334,8.442340333333354,2646.839966666715,0.7804000000000001
1496,160.96044666666594,1.9952536666666667,0.5884558333333315,9.95235199999995,2542.292666666688,0.5625333333333332
2104,160.4000033333332,1.9089851666666533,10.118920666666773,9.895178333333265,2561.838133333371,0.5447499999999998
1193,158.90811333333338,1.799569666666681,0.0,9.138762166666725,2465.217966666702,0.6052999999999998
1656,161.04675166666615,2.0087738333333323,9.128784333333327,9.934728333333279,2541.33490000004,0.56155
1698,160.5079466666669,1.9219931666666459,10.174421499999998,9.942518499999897,2578.80070000005,0.5364666666666668
143,157.0332199999994,1.7384296666666597,0.0,8.575820999999967,2401.0264333333553,0.6655500000000001
2103,160.43823,1.9095689999999883,10.115842000000061,9.890732333333341,2561.5410000000625,0.5452666666666668
611,173.06027333333444,1.0964664999999876,0.01240416666666667,8.450349333333346,2628.299566666711,0.7281166666666663
838,158.27769833333326,1.7997435000000126,0.0,8.998756333333345,2448.512166666756,0.6002499999999998
777,158.08973166666703,1.7975838333333423,0.0,8.955425999999933,2443.912699999961,0.5963333333333333
1812,160.44127333333353,1.9065568333333212,10.07939916666667,9.847635666666598,2560.502433333396,0.5493333333333333
2141,160.74172333333385,1.9425876666666524,10.143507666666709,9.91443233333328,2549.537900000014,0.5412833333333334
1538,161.02623999999867,2.001921666666663,1.872669333333335,9.968856999999876,2543.907033333342,0.5640333333333333
1396,158.75373666666647,1.7604840000000093,0.0,9.16167750000005,2467.809466666708,0.619733333333333
1059,158.67117333333286,1.8076333333333492,0.0,9.062503666666608,2451.5981333334034,0.6123000000000002
1927,160.9392616666671,2.008704666666666,10.061704833333357,9.831462999999989,2542.088466666686,0.5243666666666668
1520,161.01729999999935,2.023398333333335,0.32788300000000004,9.96447166666662,2545.020833333356,0.56075
428,156.41114833333395,1.7484866666666692,0.0006496666666666667,8.433716666666712,2383.7989333333717,0.6689166666666668
703,156.30785333333324,1.716511166666662,0.0,8.43329000000004,2370.2828000000036,0.6603166666666669
1719,160.9048583333343,1.9323333333333224,10.159034500000017,9.926165833333384,2571.1728333333717,0.5330500000000002
1402,158.7700749999993,1.7668156666666792,0.0,9.170389166666734,2471.161466666692,0.6153166666666668
629,166.56918833333447,1.2776529999999877,0.0,8.395069499999991,2534.0155666666783,0.7056333333333333
836,158.25712666666647,1.8051456666666694,0.0,8.99142033333329,2445.807066666673,0.6033999999999998
504,172.6041000000013,1.064576999999998,0.0,8.403230999999982,2629.675900000038,0.7206166666666667
2056,160.98611333333346,2.0092695000000043,10.080725000000024,9.852785666666572,2537.9711333333885,0.5464000000000001
1499,160.9722199999997,2.0097388333333313,0.8374708333333319,9.957362666666652,2541.158666666712,0.5606000000000001
1329,159.01360500000015,1.7893113333333404,0.0,9.14396733333339,2460.071000000016,0.6054333333333334
420,155.62217500000042,1.688560333333319,0.0,8.430421500000008,2386.9111000000535,0.6436666666666669
1725,160.92878166666793,1.9461813333333242,10.154796000000028,9.920034333333357,2569.2174000000446,0.5294333333333333
1002,158.27162333333396,1.7410209999999964,0.0,9.036344666666661,2461.5548000000385,0.6279666666666668
741,157.17694999999944,1.753248499999999,0.0,8.748960166666711,2413.995500000084,0.5932499999999999
943,158.08734333333192,1.71022549999999,0.030603166666666654,9.018027833333313,2476.9067333333605,0.6140000000000002
1136,158.55619166666762,1.760677333333334,0.0,9.136068166666691,2476.758100000066,0.6137166666666666
1261,158.7411733333327,1.761699500000003,0.0,9.183761500000017,2479.1931000000072,0.61365
623,172.8415833333342,1.0917283333333256,0.0,8.401946666666664,2620.9827666667034,0.7349166666666667
1785,161.05212166666638,2.005140333333339,10.057482666666678,9.831833499999977,2537.713533333366,0.5495500000000002
822,158.2451533333335,1.7858980000000086,0.0,8.96651716666663,2443.2243333333454,0.5929999999999999
1840,160.16266999999988,1.920626833333314,10.057160666666658,9.824469166666665,2554.8553333334053,0.5448333333333333
510,172.53835000000166,1.0689428333333324,0.00015283333333333333,8.397388166666714,2630.78116666672,0.7128333333333331
34,157.83447333333316,1.732460166666663,0.0,8.742353666666656,2421.670400000036,0.6517333333333332
435,156.47085999999996,1.751892333333338,0.0,8.451281000000012,2386.1889000000397,0.6649333333333335
1797,160.8574250000004,1.9987829999999995,10.068164833333368,9.837247666666622,2538.8029333333484,0.54415
139,157.09116833333294,1.7417153333333306,0.0,8.579930666666614,2403.1152666666826,0.6557666666666664
2085,160.49120500000018,1.904686999999986,10.129522666666745,9.8999886666666,2562.9454333333565,0.5564833333333333
366,172.83123500000139,1.1295401666666551,0.0,8.475193166666683,2634.6101000000076,0.7545333333333332
1943,160.47217166666653,1.9124458333333212,10.085204666666664,9.854014833333244,2565.1806333333593,0.5388333333333332
841,158.28398833333353,1.7940916666666757,0.0,8.99175483333329,2444.5561666667077,0.5961333333333333
1819,160.3213483333327,1.919784499999985,10.069129333333358,9.840267333333333,2558.585233333384,0.5486833333333333
1852,160.70333000000042,1.9504478333333242,10.071310333333367,9.83804766666665,2552.192333333338,0.5518166666666666
877,158.32847499999917,1.7771678333333427,0.0,9.004591833333334,2452.2014333333004,0.6081333333333331
346,173.32205666666704,1.1242956666666586,0.8298173333333312,8.523458666666677,2651.7234333333467,0.7638833333333329
1729,160.7905000000005,1.944681666666658,10.118753000000076,9.883781333333372,2554.600433333375,0.5340000000000001
1976,160.20314333333414,1.9128646666666467,10.062674666666679,9.834222499999948,2555.5879000000673,0.5444833333333334
1255,158.81688166666737,1.7558356666666717,0.0,9.180537333333342,2481.4357666667047,0.6146333333333334
84,157.22484000000085,1.7252666666666583,0.0,8.639279000000052,2407.377500000029,0.6489166666666666
231,156.14344333333244,1.6454966666666568,0.0,8.532397500000004,2417.6527666666984,0.6602333333333331
790,158.15000166666707,1.7751765000000095,0.0,8.969916499999968,2446.3706666667013,0.59635
1570,161.0237099999993,2.0008976666666767,0.2562955,9.941428833333227,2544.0192333333625,0.5625666666666665
2041,161.09972500000018,1.9926923333333337,10.071349500000023,9.843202499999947,2540.740800000048,0.5491166666666667
1276,158.6739150000004,1.7632558333333446,0.0,9.184433833333328,2479.815833333383,0.6169166666666668
1167,159.10896333333315,1.7986381666666769,0.0,9.145536333333368,2471.4918333333667,0.6069999999999999
613,173.03090333333432,1.0969539999999884,0.00039916666666666654,8.439904833333355,2627.7548666667158,0.7370666666666666
880,158.32932333333318,1.781868500000004,0.0,8.99872383333329,2446.634266666643,0.5930833333333332
1878,160.6101766666668,1.9386678333333147,10.09389450000001,9.863730333333207,2553.7001333333524,0.5398833333333335
755,157.7683249999997,1.7726278333333367,0.0,8.898107833333379,2434.1608999999744,0.6003499999999999
1578,161.02073333333257,2.0103693333333306,1.5386931666666699,9.94015949999995,2542.7838000000415,0.5625
299,157.0663266666669,1.7493885000000002,0.0,8.4890336666667,2394.1983333333656,0.6694166666666667
555,172.72018500000092,1.0966934999999889,0.0,8.36769199999994,2600.0410333333266,0.724766666666667
148,156.94504999999882,1.7425823333333235,0.0,8.571285499999957,2398.222666666661,0.6595999999999997
1050,158.6878983333333,1.800120833333339,0.0,9.059091833333365,2452.4136333333554,0.6145500000000002
138,157.08223666666603,1.737304333333332,0.0,8.577245999999963,2402.0354333333585,0.6511333333333336
247,174.52467499999946,1.0609768333333143,0.0009195,8.52107233333338,2657.6448000000455,0.7355999999999997
264,156.431336666666,1.694397333333313,0.0,8.516822666666686,2403.2806333333892,0.6520666666666665
1807,160.2572233333334,1.91701949999999,10.069734000000036,9.83654483333333,2561.4392333333717,0.5387333333333333
168,157.1011999999995,1.741521833333342,0.0,8.559875500000011,2400.199766666716,0.6836833333333333
246,156.15176999999923,1.6427018333333192,0.0,8.527003166666676,2413.8982666667275,0.6582666666666664
464,156.870373333333,1.756927999999997,0.8494831666666677,8.473444833333426,2401.292299999996,0.7543833333333332
1122,158.58644833333287,1.7584408333333383,0.0,9.11973566666667,2466.244866666727,0.6231499999999998
57,157.51768666666703,1.7297331666666576,0.0,8.691750833333314,2412.401966666668,0.6380499999999999
1928,160.93476333333365,2.0045266666666675,10.060824666666672,9.83142799999996,2540.6699000000285,0.5306166666666665
1715,160.67112833333394,1.951236166666652,10.15842466666666,9.926375333333405,2564.3979666666473,0.5433000000000002
324,156.81564333333395,1.7631968333333476,0.0,8.488987500000057,2393.2474000000625,0.6652833333333331
1114,158.12513333333382,1.7303145000000049,0.0,9.116491333333343,2481.8839000000166,0.6152333333333332
423,172.88960666666785,1.1407548333333177,0.02124633333333334,8.429604333333335,2618.514000000069,0.7190999999999997
1700,160.498498333333,1.9251983333333185,10.16680850000001,9.934784833333364,2576.704533333378,0.5335
847,158.31846166666588,1.7952568333333447,0.0,8.99649233333327,2449.3658000000137,0.6006000000000001
1778,161.07913166666688,2.00759116666666,10.076817333333354,9.845757166666631,2542.7160000000645,0.5477666666666667
1767,161.16646000000043,1.9998436666666664,10.079676666666684,9.847187166666604,2537.543333333353,0.5503666666666667
969,157.89140333333216,1.7146811666666506,0.0,9.028231499999979,2467.457600000027,0.6261000000000002
1289,158.61104499999945,1.7509166666666578,0.0,9.171257500000078,2474.671700000022,0.6192
1410,158.6989783333329,1.7573728333333332,0.0,9.159210500000013,2467.647233333365,0.6110333333333334
286,156.4049050000001,1.6900298333333157,0.0,8.515129666666759,2404.362266666713,0.6551833333333333
234,156.13814666666633,1.6467633333333127,0.0,8.533005833333336,2416.7225666666923,0.6549333333333336
1035,158.79406833333343,1.79168150000001,0.0,9.053359166666668,2457.915166666673,0.6111500000000001
1239,158.3533583333346,1.7426948333333363,0.0,9.184168500000032,2490.7942000000344,0.60955
1897,161.20905166666682,1.9854014999999945,10.086782166666712,9.855088666666587,2542.4888666667007,0.5383000000000001
1024,158.6202749999994,1.8133470000000074,0.0,9.066559499999954,2459.956000000052,0.6212333333333334
1218,158.55545833333443,1.7368715000000041,1.7666666666666665e-05,9.186072500000028,2490.485766666654,0.6058500000000003
96,157.14958166666673,1.720988833333324,0.0,8.626165000000004,2414.010866666697,0.6355833333333334
262,156.43022833333347,1.6864263333333178,0.0,8.521740666666707,2403.9932666666987,0.6591999999999999
109,157.0463833333323,1.725591833333321,0.0,8.601844333333279,2402.1362666666873,0.6629333333333334
1484,160.77718000000021,1.9912556666666685,0.505238833333333,9.921038000000072,2542.9579666666937,0.5605666666666664
719,156.37822999999966,1.7243181666666627,0.0,8.473854833333364,2377.650866666693,0.6207999999999998
642,172.6938516666681,1.1228771666666613,0.0,8.401642499999967,2620.782200000062,0.7319499999999998
1285,158.643658333333,1.761466333333338,0.015032499999999999,9.18647066666668,2475.5563000000443,0.6116833333333336
1398,158.77262499999998,1.7534985000000045,0.0,9.162797666666707,2466.9029666667166,0.6178833333333336
1828,160.25315833333414,1.9358074999999784,10.055693500000059,9.826594500000018,2556.146066666722,0.5461333333333335
2098,160.42051666666657,1.8993001666666438,10.120059833333398,9.89313333333331,2563.3287000000105,0.5401166666666666
513,172.51216333333502,1.0759136666666618,0.0,8.393926166666663,2625.543066666709,0.7159666666666666
1575,161.0309466666654,1.9904496666666631,3.503265999999996,9.931428666666685,2541.298700000063,0.5599
1222,158.4520850000014,1.7339709999999966,0.0,9.182117666666688,2491.6459333333396,0.6231166666666668
1655,161.0503933333329,2.003952833333337,7.261318499999988,9.93803033333328,2540.641133333361,0.5629833333333332
243,156.10274666666666,1.6462598333333158,0.0,8.530912499999987,2415.504433333374,0.6599499999999999
780,158.10721666666691,1.785166000000008,0.0,8.964294499999973,2445.253833333304,0.5961666666666666
1710,160.45357666666717,1.9269384999999872,10.162666666666668,9.930318500000006,2575.145066666688,0.5331833333333336
618,172.9641783333344,1.0913871666666581,0.0,8.423361666666679,2626.2716000000523,0.7405666666666664
1519,160.9920799999992,2.0176273333333463,0.3569465000000001,9.964616333333268,2544.725133333346,0.5581333333333333
1439,159.11626999999933,1.797449666666678,0.0,9.139563333333369,2466.6874999999945,0.6070333333333334
654,173.00783166666784,1.1067224999999872,0.0,8.389377999999981,2607.580500000012,0.7230333333333332
502,172.5891650000015,1.081414333333326,0.0015044999999999995,8.404402166666626,2631.241066666716,0.7252
2131,160.81982166666725,1.9369008333333169,10.136022166666704,9.90929366666673,2550.9910666666883,0.5468500000000003
1363,158.43836500000162,1.7473060000000045,0.0,9.166139500000082,2481.3192333333855,0.6128333333333333
647,172.63194000000098,1.1222009999999845,0.0009813333333333334,8.399723166666652,2621.837600000057,0.7283333333333334
1619,161.06080666666637,1.9981694999999997,9.08314650000003,9.953390833333277,2543.013100000029,0.5538166666666666
1695,160.5066816666669,1.9295076666666455,10.176629166666725,9.94639683333327,2579.2916000000546,0.5389166666666668
2159,161.37028166666607,1.9927954999999942,10.157646999999969,9.928194333333346,2539.108066666682,0.5552666666666668
1548,161.03247166666566,1.996269833333329,1.9804978333333363,9.963798166666637,2545.219400000044,0.56285
1737,160.70183833333408,1.954792499999986,10.113555500000075,9.879612000000009,2552.0589333333787,0.5456666666666666
1550,161.02866166666558,1.9844948333333319,1.8298314999999996,9.962693666666656,2544.8192666666732,0.5644166666666663
1599,161.02797166666588,1.9984789999999972,0.23122783333333333,9.957456333333303,2547.26503333333,0.5637500000000001
1026,158.85945999999967,1.80202500000001,0.0,9.062073333333299,2463.481100000063,0.6262666666666667
803,158.1926050000005,1.7822955000000047,0.0,8.968939999999971,2440.704533333352,0.6170833333333335
1853,160.69441166666763,1.9399776666666597,10.068479333333366,9.83409183333333,2552.1106333333737,0.5512833333333336
2150,160.70513166666692,1.9484196666666533,10.159569333333335,9.929573500000012,2551.7150666667017,0.5527333333333334
402,172.9324866666679,1.140737166666655,0.4237481666666668,8.431889333333388,2619.537466666722,0.7413833333333333
663,155.86865500000027,1.642312166666649,0.0030261666666666666,8.407575333333316,2379.367433333405,0.6418333333333333
1233,158.38380166666738,1.7492866666666638,0.019983166666666663,9.187621166666691,2493.6395333333644,0.5978333333333335
1531,161.04304333333238,2.0180241666666627,1.2503915000000005,9.966134333333315,2542.856300000057,0.5755166666666666
276,156.47439333333324,1.6871534999999862,0.0,8.519300500000044,2405.996233333386,0.6546500000000001
2173,161.33722499999968,1.9955780000000052,10.168694999999987,9.941087833333253,2543.0411666667173,0.5453500000000002
501,172.59913333333412,1.0790411666666633,0.08185549999999998,8.400687166666662,2630.031200000059,0.722416666666667
833,158.25399166666617,1.8024550000000064,0.0,8.985005999999911,2441.960833333347,0.5933499999999999
2193,161.22672166666638,1.9937578333333255,10.202103833333359,9.970460666666565,2545.6679333333377,0.5517333333333333
1675,160.70803666666663,1.9198573333333224,9.665858999999928,9.94273399999994,2579.7404333334002,0.5507333333333332
1303,159.1066450000001,1.804065833333347,0.0,9.152541166666703,2464.7047666666954,0.6176833333333334
185,157.0032466666658,1.729856833333324,0.0,8.541311333333361,2395.77426666671,0.6666500000000002
1043,158.74698666666617,1.790130000000007,0.0,9.05920566666662,2462.4271666666946,0.6114833333333333
548,172.72707500000112,1.0870834999999885,0.0,8.372874666666606,2606.1588333334025,0.7194833333333331
1354,158.51430333333437,1.7304341666666645,0.0,9.169225333333403,2483.6488000000313,0.6105333333333333
1506,160.98149833333284,2.002064333333337,0.6540211666666653,9.969984333333311,2545.5383000000015,0.5583999999999999
206,156.97599666666696,1.7527603333333408,0.0,8.53249266666667,2399.2735333333703,0.6713166666666665
2176,161.261893333333,1.9905014999999981,10.16825566666666,9.937848999999927,2538.5088666667198,0.5478
1624,161.03300333333226,1.9901199999999988,0.6025880000000091,9.956104666666583,2545.3729333333704,0.5580166666666666
404,172.94853000000114,1.139614999999986,0.0,8.429763333333366,2622.00000000004,0.7151333333333333
1741,160.67798666666678,1.9537646666666457,10.10782966666671,9.875730333333296,2550.520833333368,0.5425500000000001
499,180.3783400000009,0.8402524999999872,0.0,8.413125333333353,2732.252300000078,0.7409833333333337
617,173.3992850000005,1.0890868333333235,0.05325450000000001,8.42416766666669,2634.4898000000157,0.7632499999999998
1386,158.8243183333338,1.7494696666666731,0.0,9.166913000000037,2470.8763000000226,0.6066166666666668
2183,161.25661499999984,2.007103500000005,10.183510666666672,9.95289916666661,2543.0644666666813,0.5493333333333335
1197,158.91989500000008,1.8106048333333378,0.0,9.146444333333376,2466.0048333333652,0.6037499999999999
